[2025-12-12 00:27:24.172] [INFO] [14e7d52e-2627-4070-8f20-d353e7c3062d] ====== POST /api/v1/auth/login ======
[2025-12-12 00:27:24.192] [ERROR] [14e7d52e-2627-4070-8f20-d353e7c3062d] Error: Invalid credentials
[2025-12-12 00:27:24.194] [ERROR] [14e7d52e-2627-4070-8f20-d353e7c3062d] UnauthorizedError: Invalid credentials
    at AuthService.login (/Users/galangkeda/Documents/EPadi/esepasi/.next/dev/server/chunks/[root-of-the-server]__ea3472f8._.js:543:19)
    at process.processTicksAndRejections (node:internal/process/task_queues:105:5)
    at async /Users/galangkeda/Documents/EPadi/esepasi/.next/dev/server/chunks/[root-of-the-server]__ea3472f8._.js:655:20
    at async /Users/galangkeda/Documents/EPadi/esepasi/.next/dev/server/chunks/[root-of-the-server]__ea3472f8._.js:244:13
    at async apiResolver (/Users/galangkeda/Documents/EPadi/esepasi/node_modules/.pnpm/next@16.0.8_@babel+core@7.28.5_react-dom@19.2.1_react@19.2.1__react@19.2.1/node_modules/next/dist/compiled/next-server/pages-api-turbo.runtime.dev.js:2:4425)
    at async PagesAPIRouteModule.render (/Users/galangkeda/Documents/EPadi/esepasi/node_modules/.pnpm/next@16.0.8_@babel+core@7.28.5_react-dom@19.2.1_react@19.2.1__react@19.2.1/node_modules/next/dist/compiled/next-server/pages-api-turbo.runtime.dev.js:2:5955)
    at async Module.handler (/Users/galangkeda/Documents/EPadi/esepasi/.next/dev/server/chunks/718e3_next_dist_4d75f5da._.js:2935:13)
    at async DevServer.runApi (/Users/galangkeda/Documents/EPadi/esepasi/node_modules/.pnpm/next@16.0.8_@babel+core@7.28.5_react-dom@19.2.1_react@19.2.1__react@19.2.1/node_modules/next/dist/server/next-server.js:750:9)
    at async NextNodeServer.handleCatchallRenderRequest (/Users/galangkeda/Documents/EPadi/esepasi/node_modules/.pnpm/next@16.0.8_@babel+core@7.28.5_react-dom@19.2.1_react@19.2.1__react@19.2.1/node_modules/next/dist/server/next-server.js:391:37)
    at async DevServer.handleRequestImpl (/Users/galangkeda/Documents/EPadi/esepasi/node_modules/.pnpm/next@16.0.8_@babel+core@7.28.5_react-dom@19.2.1_react@19.2.1__react@19.2.1/node_modules/next/dist/server/base-server.js:912:17)
    at async /Users/galangkeda/Documents/EPadi/esepasi/node_modules/.pnpm/next@16.0.8_@babel+core@7.28.5_react-dom@19.2.1_react@19.2.1__react@19.2.1/node_modules/next/dist/server/dev/next-dev-server.js:382:20
    at async Span.traceAsyncFn (/Users/galangkeda/Documents/EPadi/esepasi/node_modules/.pnpm/next@16.0.8_@babel+core@7.28.5_react-dom@19.2.1_react@19.2.1__react@19.2.1/node_modules/next/dist/trace/trace.js:157:20)
    at async DevServer.handleRequest (/Users/galangkeda/Documents/EPadi/esepasi/node_modules/.pnpm/next@16.0.8_@babel+core@7.28.5_react-dom@19.2.1_react@19.2.1__react@19.2.1/node_modules/next/dist/server/dev/next-dev-server.js:378:24)
    at async invokeRender (/Users/galangkeda/Documents/EPadi/esepasi/node_modules/.pnpm/next@16.0.8_@babel+core@7.28.5_react-dom@19.2.1_react@19.2.1__react@19.2.1/node_modules/next/dist/server/lib/router-server.js:240:21)
    at async handleRequest (/Users/galangkeda/Documents/EPadi/esepasi/node_modules/.pnpm/next@16.0.8_@babel+core@7.28.5_react-dom@19.2.1_react@19.2.1__react@19.2.1/node_modules/next/dist/server/lib/router-server.js:436:24)
    at async requestHandlerImpl (/Users/galangkeda/Documents/EPadi/esepasi/node_modules/.pnpm/next@16.0.8_@babel+core@7.28.5_react-dom@19.2.1_react@19.2.1__react@19.2.1/node_modules/next/dist/server/lib/router-server.js:484:13)
    at async Server.requestListener (/Users/galangkeda/Documents/EPadi/esepasi/node_modules/.pnpm/next@16.0.8_@babel+core@7.28.5_react-dom@19.2.1_react@19.2.1__react@19.2.1/node_modules/next/dist/server/lib/start-server.js:226:13)
[2025-12-12 00:27:24.194] [INFO] [14e7d52e-2627-4070-8f20-d353e7c3062d] Response: 401 (20ms)
[2025-12-12 00:27:24.194] [INFO] [14e7d52e-2627-4070-8f20-d353e7c3062d] ====== END POST /api/v1/auth/login ======
[2025-12-12 00:27:33.505] [INFO] [81f76187-643d-4dda-8a09-e29d9d2b9b59] ====== POST /api/v1/auth/login ======
[2025-12-12 00:27:33.507] [ERROR] [81f76187-643d-4dda-8a09-e29d9d2b9b59] Error: Invalid credentials
[2025-12-12 00:27:33.508] [ERROR] [81f76187-643d-4dda-8a09-e29d9d2b9b59] UnauthorizedError: Invalid credentials
    at AuthService.login (/Users/galangkeda/Documents/EPadi/esepasi/.next/dev/server/chunks/[root-of-the-server]__ea3472f8._.js:543:19)
    at process.processTicksAndRejections (node:internal/process/task_queues:105:5)
    at async /Users/galangkeda/Documents/EPadi/esepasi/.next/dev/server/chunks/[root-of-the-server]__ea3472f8._.js:655:20
    at async /Users/galangkeda/Documents/EPadi/esepasi/.next/dev/server/chunks/[root-of-the-server]__ea3472f8._.js:244:13
    at async apiResolver (/Users/galangkeda/Documents/EPadi/esepasi/node_modules/.pnpm/next@16.0.8_@babel+core@7.28.5_react-dom@19.2.1_react@19.2.1__react@19.2.1/node_modules/next/dist/compiled/next-server/pages-api-turbo.runtime.dev.js:2:4425)
    at async PagesAPIRouteModule.render (/Users/galangkeda/Documents/EPadi/esepasi/node_modules/.pnpm/next@16.0.8_@babel+core@7.28.5_react-dom@19.2.1_react@19.2.1__react@19.2.1/node_modules/next/dist/compiled/next-server/pages-api-turbo.runtime.dev.js:2:5955)
    at async Module.handler (/Users/galangkeda/Documents/EPadi/esepasi/.next/dev/server/chunks/718e3_next_dist_4d75f5da._.js:2935:13)
    at async DevServer.runApi (/Users/galangkeda/Documents/EPadi/esepasi/node_modules/.pnpm/next@16.0.8_@babel+core@7.28.5_react-dom@19.2.1_react@19.2.1__react@19.2.1/node_modules/next/dist/server/next-server.js:750:9)
    at async NextNodeServer.handleCatchallRenderRequest (/Users/galangkeda/Documents/EPadi/esepasi/node_modules/.pnpm/next@16.0.8_@babel+core@7.28.5_react-dom@19.2.1_react@19.2.1__react@19.2.1/node_modules/next/dist/server/next-server.js:391:37)
    at async DevServer.handleRequestImpl (/Users/galangkeda/Documents/EPadi/esepasi/node_modules/.pnpm/next@16.0.8_@babel+core@7.28.5_react-dom@19.2.1_react@19.2.1__react@19.2.1/node_modules/next/dist/server/base-server.js:912:17)
    at async /Users/galangkeda/Documents/EPadi/esepasi/node_modules/.pnpm/next@16.0.8_@babel+core@7.28.5_react-dom@19.2.1_react@19.2.1__react@19.2.1/node_modules/next/dist/server/dev/next-dev-server.js:382:20
    at async Span.traceAsyncFn (/Users/galangkeda/Documents/EPadi/esepasi/node_modules/.pnpm/next@16.0.8_@babel+core@7.28.5_react-dom@19.2.1_react@19.2.1__react@19.2.1/node_modules/next/dist/trace/trace.js:157:20)
    at async DevServer.handleRequest (/Users/galangkeda/Documents/EPadi/esepasi/node_modules/.pnpm/next@16.0.8_@babel+core@7.28.5_react-dom@19.2.1_react@19.2.1__react@19.2.1/node_modules/next/dist/server/dev/next-dev-server.js:378:24)
    at async invokeRender (/Users/galangkeda/Documents/EPadi/esepasi/node_modules/.pnpm/next@16.0.8_@babel+core@7.28.5_react-dom@19.2.1_react@19.2.1__react@19.2.1/node_modules/next/dist/server/lib/router-server.js:240:21)
    at async handleRequest (/Users/galangkeda/Documents/EPadi/esepasi/node_modules/.pnpm/next@16.0.8_@babel+core@7.28.5_react-dom@19.2.1_react@19.2.1__react@19.2.1/node_modules/next/dist/server/lib/router-server.js:436:24)
    at async requestHandlerImpl (/Users/galangkeda/Documents/EPadi/esepasi/node_modules/.pnpm/next@16.0.8_@babel+core@7.28.5_react-dom@19.2.1_react@19.2.1__react@19.2.1/node_modules/next/dist/server/lib/router-server.js:484:13)
    at async Server.requestListener (/Users/galangkeda/Documents/EPadi/esepasi/node_modules/.pnpm/next@16.0.8_@babel+core@7.28.5_react-dom@19.2.1_react@19.2.1__react@19.2.1/node_modules/next/dist/server/lib/start-server.js:226:13)
[2025-12-12 00:27:33.508] [INFO] [81f76187-643d-4dda-8a09-e29d9d2b9b59] Response: 401 (2ms)
[2025-12-12 00:27:33.508] [INFO] [81f76187-643d-4dda-8a09-e29d9d2b9b59] ====== END POST /api/v1/auth/login ======
[2025-12-12 00:27:47.555] [INFO] [8113f238-a360-49e9-a120-0c4811320c0b] ====== POST /api/v1/auth/register ======
[2025-12-12 00:27:47.556] [ERROR] [8113f238-a360-49e9-a120-0c4811320c0b] Error: Validation failed
[2025-12-12 00:27:47.557] [ERROR] [8113f238-a360-49e9-a120-0c4811320c0b] ValidationError: Validation failed
    at validateRequest (/Users/galangkeda/Documents/EPadi/esepasi/.next/dev/server/chunks/[root-of-the-server]__ea3472f8._.js:325:15)
    at /Users/galangkeda/Documents/EPadi/esepasi/.next/dev/server/chunks/[root-of-the-server]__0af7023d._.js:653:166
    at /Users/galangkeda/Documents/EPadi/esepasi/.next/dev/server/chunks/[root-of-the-server]__ea3472f8._.js:244:19
    at apiResolver (/Users/galangkeda/Documents/EPadi/esepasi/node_modules/.pnpm/next@16.0.8_@babel+core@7.28.5_react-dom@19.2.1_react@19.2.1__react@19.2.1/node_modules/next/dist/compiled/next-server/pages-api-turbo.runtime.dev.js:2:4431)
    at process.processTicksAndRejections (node:internal/process/task_queues:105:5)
    at async PagesAPIRouteModule.render (/Users/galangkeda/Documents/EPadi/esepasi/node_modules/.pnpm/next@16.0.8_@babel+core@7.28.5_react-dom@19.2.1_react@19.2.1__react@19.2.1/node_modules/next/dist/compiled/next-server/pages-api-turbo.runtime.dev.js:2:5955)
    at async Module.handler (/Users/galangkeda/Documents/EPadi/esepasi/.next/dev/server/chunks/718e3_next_dist_91bdf8df._.js:2935:13)
    at async DevServer.runApi (/Users/galangkeda/Documents/EPadi/esepasi/node_modules/.pnpm/next@16.0.8_@babel+core@7.28.5_react-dom@19.2.1_react@19.2.1__react@19.2.1/node_modules/next/dist/server/next-server.js:750:9)
    at async NextNodeServer.handleCatchallRenderRequest (/Users/galangkeda/Documents/EPadi/esepasi/node_modules/.pnpm/next@16.0.8_@babel+core@7.28.5_react-dom@19.2.1_react@19.2.1__react@19.2.1/node_modules/next/dist/server/next-server.js:391:37)
    at async DevServer.handleRequestImpl (/Users/galangkeda/Documents/EPadi/esepasi/node_modules/.pnpm/next@16.0.8_@babel+core@7.28.5_react-dom@19.2.1_react@19.2.1__react@19.2.1/node_modules/next/dist/server/base-server.js:912:17)
    at async /Users/galangkeda/Documents/EPadi/esepasi/node_modules/.pnpm/next@16.0.8_@babel+core@7.28.5_react-dom@19.2.1_react@19.2.1__react@19.2.1/node_modules/next/dist/server/dev/next-dev-server.js:382:20
    at async Span.traceAsyncFn (/Users/galangkeda/Documents/EPadi/esepasi/node_modules/.pnpm/next@16.0.8_@babel+core@7.28.5_react-dom@19.2.1_react@19.2.1__react@19.2.1/node_modules/next/dist/trace/trace.js:157:20)
    at async DevServer.handleRequest (/Users/galangkeda/Documents/EPadi/esepasi/node_modules/.pnpm/next@16.0.8_@babel+core@7.28.5_react-dom@19.2.1_react@19.2.1__react@19.2.1/node_modules/next/dist/server/dev/next-dev-server.js:378:24)
    at async invokeRender (/Users/galangkeda/Documents/EPadi/esepasi/node_modules/.pnpm/next@16.0.8_@babel+core@7.28.5_react-dom@19.2.1_react@19.2.1__react@19.2.1/node_modules/next/dist/server/lib/router-server.js:240:21)
    at async handleRequest (/Users/galangkeda/Documents/EPadi/esepasi/node_modules/.pnpm/next@16.0.8_@babel+core@7.28.5_react-dom@19.2.1_react@19.2.1__react@19.2.1/node_modules/next/dist/server/lib/router-server.js:436:24)
    at async requestHandlerImpl (/Users/galangkeda/Documents/EPadi/esepasi/node_modules/.pnpm/next@16.0.8_@babel+core@7.28.5_react-dom@19.2.1_react@19.2.1__react@19.2.1/node_modules/next/dist/server/lib/router-server.js:484:13)
    at async Server.requestListener (/Users/galangkeda/Documents/EPadi/esepasi/node_modules/.pnpm/next@16.0.8_@babel+core@7.28.5_react-dom@19.2.1_react@19.2.1__react@19.2.1/node_modules/next/dist/server/lib/start-server.js:226:13)
[2025-12-12 00:27:47.557] [INFO] [8113f238-a360-49e9-a120-0c4811320c0b] Response: 400 (1ms)
[2025-12-12 00:27:47.557] [INFO] [8113f238-a360-49e9-a120-0c4811320c0b] ====== END POST /api/v1/auth/register ======
[2025-12-12 00:29:24.255] [INFO] [69c271ac-3e56-4ddb-afd2-7dd99e6b748e] ====== POST /api/v1/auth/register ======
[2025-12-12 00:29:24.256] [ERROR] [69c271ac-3e56-4ddb-afd2-7dd99e6b748e] Error: Validation failed
[2025-12-12 00:29:24.256] [ERROR] [69c271ac-3e56-4ddb-afd2-7dd99e6b748e] ValidationError: Validation failed
    at validateRequest (/Users/galangkeda/Documents/EPadi/esepasi/.next/dev/server/chunks/[root-of-the-server]__0af7023d._.js:322:15)
    at /Users/galangkeda/Documents/EPadi/esepasi/.next/dev/server/chunks/[root-of-the-server]__0af7023d._.js:650:166
    at /Users/galangkeda/Documents/EPadi/esepasi/.next/dev/server/chunks/[root-of-the-server]__0af7023d._.js:241:19
    at apiResolver (/Users/galangkeda/Documents/EPadi/esepasi/node_modules/.pnpm/next@16.0.8_@babel+core@7.28.5_react-dom@19.2.1_react@19.2.1__react@19.2.1/node_modules/next/dist/compiled/next-server/pages-api-turbo.runtime.dev.js:2:4431)
    at process.processTicksAndRejections (node:internal/process/task_queues:105:5)
    at async PagesAPIRouteModule.render (/Users/galangkeda/Documents/EPadi/esepasi/node_modules/.pnpm/next@16.0.8_@babel+core@7.28.5_react-dom@19.2.1_react@19.2.1__react@19.2.1/node_modules/next/dist/compiled/next-server/pages-api-turbo.runtime.dev.js:2:5955)
    at async Module.handler (/Users/galangkeda/Documents/EPadi/esepasi/.next/dev/server/chunks/718e3_next_dist_91bdf8df._.js:2935:13)
    at async DevServer.runApi (/Users/galangkeda/Documents/EPadi/esepasi/node_modules/.pnpm/next@16.0.8_@babel+core@7.28.5_react-dom@19.2.1_react@19.2.1__react@19.2.1/node_modules/next/dist/server/next-server.js:750:9)
    at async NextNodeServer.handleCatchallRenderRequest (/Users/galangkeda/Documents/EPadi/esepasi/node_modules/.pnpm/next@16.0.8_@babel+core@7.28.5_react-dom@19.2.1_react@19.2.1__react@19.2.1/node_modules/next/dist/server/next-server.js:391:37)
    at async DevServer.handleRequestImpl (/Users/galangkeda/Documents/EPadi/esepasi/node_modules/.pnpm/next@16.0.8_@babel+core@7.28.5_react-dom@19.2.1_react@19.2.1__react@19.2.1/node_modules/next/dist/server/base-server.js:912:17)
    at async /Users/galangkeda/Documents/EPadi/esepasi/node_modules/.pnpm/next@16.0.8_@babel+core@7.28.5_react-dom@19.2.1_react@19.2.1__react@19.2.1/node_modules/next/dist/server/dev/next-dev-server.js:382:20
    at async Span.traceAsyncFn (/Users/galangkeda/Documents/EPadi/esepasi/node_modules/.pnpm/next@16.0.8_@babel+core@7.28.5_react-dom@19.2.1_react@19.2.1__react@19.2.1/node_modules/next/dist/trace/trace.js:157:20)
    at async DevServer.handleRequest (/Users/galangkeda/Documents/EPadi/esepasi/node_modules/.pnpm/next@16.0.8_@babel+core@7.28.5_react-dom@19.2.1_react@19.2.1__react@19.2.1/node_modules/next/dist/server/dev/next-dev-server.js:378:24)
    at async invokeRender (/Users/galangkeda/Documents/EPadi/esepasi/node_modules/.pnpm/next@16.0.8_@babel+core@7.28.5_react-dom@19.2.1_react@19.2.1__react@19.2.1/node_modules/next/dist/server/lib/router-server.js:240:21)
    at async handleRequest (/Users/galangkeda/Documents/EPadi/esepasi/node_modules/.pnpm/next@16.0.8_@babel+core@7.28.5_react-dom@19.2.1_react@19.2.1__react@19.2.1/node_modules/next/dist/server/lib/router-server.js:436:24)
    at async requestHandlerImpl (/Users/galangkeda/Documents/EPadi/esepasi/node_modules/.pnpm/next@16.0.8_@babel+core@7.28.5_react-dom@19.2.1_react@19.2.1__react@19.2.1/node_modules/next/dist/server/lib/router-server.js:484:13)
    at async Server.requestListener (/Users/galangkeda/Documents/EPadi/esepasi/node_modules/.pnpm/next@16.0.8_@babel+core@7.28.5_react-dom@19.2.1_react@19.2.1__react@19.2.1/node_modules/next/dist/server/lib/start-server.js:226:13)
[2025-12-12 00:29:24.257] [INFO] [69c271ac-3e56-4ddb-afd2-7dd99e6b748e] Response: 400 (1ms)
[2025-12-12 00:31:19.549] [INFO] [9778acdf-efdd-4aed-92cd-9f5cc5e0772e] ====== POST /api/v1/auth/register ======
[2025-12-12 00:31:19.550] [ERROR] [9778acdf-efdd-4aed-92cd-9f5cc5e0772e] Error: Validation failed
[2025-12-12 00:31:19.550] [ERROR] [9778acdf-efdd-4aed-92cd-9f5cc5e0772e] ValidationError: Validation failed
    at validateRequest (/Users/galangkeda/Documents/EPadi/esepasi/.next/dev/server/chunks/[root-of-the-server]__0af7023d._.js:322:15)
    at /Users/galangkeda/Documents/EPadi/esepasi/.next/dev/server/chunks/[root-of-the-server]__0af7023d._.js:650:166
    at /Users/galangkeda/Documents/EPadi/esepasi/.next/dev/server/chunks/[root-of-the-server]__0af7023d._.js:241:19
    at apiResolver (/Users/galangkeda/Documents/EPadi/esepasi/node_modules/.pnpm/next@16.0.8_@babel+core@7.28.5_react-dom@19.2.1_react@19.2.1__react@19.2.1/node_modules/next/dist/compiled/next-server/pages-api-turbo.runtime.dev.js:2:4431)
    at process.processTicksAndRejections (node:internal/process/task_queues:105:5)
    at async PagesAPIRouteModule.render (/Users/galangkeda/Documents/EPadi/esepasi/node_modules/.pnpm/next@16.0.8_@babel+core@7.28.5_react-dom@19.2.1_react@19.2.1__react@19.2.1/node_modules/next/dist/compiled/next-server/pages-api-turbo.runtime.dev.js:2:5955)
    at async Module.handler (/Users/galangkeda/Documents/EPadi/esepasi/.next/dev/server/chunks/718e3_next_dist_91bdf8df._.js:2935:13)
    at async DevServer.runApi (/Users/galangkeda/Documents/EPadi/esepasi/node_modules/.pnpm/next@16.0.8_@babel+core@7.28.5_react-dom@19.2.1_react@19.2.1__react@19.2.1/node_modules/next/dist/server/next-server.js:750:9)
    at async NextNodeServer.handleCatchallRenderRequest (/Users/galangkeda/Documents/EPadi/esepasi/node_modules/.pnpm/next@16.0.8_@babel+core@7.28.5_react-dom@19.2.1_react@19.2.1__react@19.2.1/node_modules/next/dist/server/next-server.js:391:37)
    at async DevServer.handleRequestImpl (/Users/galangkeda/Documents/EPadi/esepasi/node_modules/.pnpm/next@16.0.8_@babel+core@7.28.5_react-dom@19.2.1_react@19.2.1__react@19.2.1/node_modules/next/dist/server/base-server.js:912:17)
    at async /Users/galangkeda/Documents/EPadi/esepasi/node_modules/.pnpm/next@16.0.8_@babel+core@7.28.5_react-dom@19.2.1_react@19.2.1__react@19.2.1/node_modules/next/dist/server/dev/next-dev-server.js:382:20
    at async Span.traceAsyncFn (/Users/galangkeda/Documents/EPadi/esepasi/node_modules/.pnpm/next@16.0.8_@babel+core@7.28.5_react-dom@19.2.1_react@19.2.1__react@19.2.1/node_modules/next/dist/trace/trace.js:157:20)
    at async DevServer.handleRequest (/Users/galangkeda/Documents/EPadi/esepasi/node_modules/.pnpm/next@16.0.8_@babel+core@7.28.5_react-dom@19.2.1_react@19.2.1__react@19.2.1/node_modules/next/dist/server/dev/next-dev-server.js:378:24)
    at async invokeRender (/Users/galangkeda/Documents/EPadi/esepasi/node_modules/.pnpm/next@16.0.8_@babel+core@7.28.5_react-dom@19.2.1_react@19.2.1__react@19.2.1/node_modules/next/dist/server/lib/router-server.js:240:21)
    at async handleRequest (/Users/galangkeda/Documents/EPadi/esepasi/node_modules/.pnpm/next@16.0.8_@babel+core@7.28.5_react-dom@19.2.1_react@19.2.1__react@19.2.1/node_modules/next/dist/server/lib/router-server.js:436:24)
    at async requestHandlerImpl (/Users/galangkeda/Documents/EPadi/esepasi/node_modules/.pnpm/next@16.0.8_@babel+core@7.28.5_react-dom@19.2.1_react@19.2.1__react@19.2.1/node_modules/next/dist/server/lib/router-server.js:484:13)
    at async Server.requestListener (/Users/galangkeda/Documents/EPadi/esepasi/node_modules/.pnpm/next@16.0.8_@babel+core@7.28.5_react-dom@19.2.1_react@19.2.1__react@19.2.1/node_modules/next/dist/server/lib/start-server.js:226:13)
[2025-12-12 00:31:19.551] [INFO] [9778acdf-efdd-4aed-92cd-9f5cc5e0772e] Response: 400 (1ms)
[2025-12-12 00:32:08.239] [INFO] [5379e9eb-0ded-4c81-891b-415124a48f9f] ====== POST /api/v1/auth/register ======
[2025-12-12 00:32:08.383] [INFO] [5379e9eb-0ded-4c81-891b-415124a48f9f] Response: 201 (144ms)
[2025-12-12 00:32:19.921] [INFO] [6adc2ea2-7ebf-4816-a00e-b09c5f904971] ====== POST /api/v1/school/register ======
[2025-12-12 00:32:19.977] [INFO] [6adc2ea2-7ebf-4816-a00e-b09c5f904971] Response: 201 (56ms)
[2025-12-12 00:32:45.518] [INFO] [00beda93-7652-4ffd-809a-bbb1da85dade] ====== POST /api/v1/auth/login ======
[2025-12-12 00:32:45.592] [ERROR] [00beda93-7652-4ffd-809a-bbb1da85dade] Error: Invalid credentials
[2025-12-12 00:32:45.593] [ERROR] [00beda93-7652-4ffd-809a-bbb1da85dade] UnauthorizedError: Invalid credentials
    at AuthService.login (/Users/galangkeda/Documents/EPadi/esepasi/.next/dev/server/chunks/[root-of-the-server]__ea3472f8._.js:549:19)
    at async /Users/galangkeda/Documents/EPadi/esepasi/.next/dev/server/chunks/[root-of-the-server]__ea3472f8._.js:652:20
    at async /Users/galangkeda/Documents/EPadi/esepasi/.next/dev/server/chunks/[root-of-the-server]__ea3472f8._.js:241:13
    at async apiResolver (/Users/galangkeda/Documents/EPadi/esepasi/node_modules/.pnpm/next@16.0.8_@babel+core@7.28.5_react-dom@19.2.1_react@19.2.1__react@19.2.1/node_modules/next/dist/compiled/next-server/pages-api-turbo.runtime.dev.js:2:4425)
    at async PagesAPIRouteModule.render (/Users/galangkeda/Documents/EPadi/esepasi/node_modules/.pnpm/next@16.0.8_@babel+core@7.28.5_react-dom@19.2.1_react@19.2.1__react@19.2.1/node_modules/next/dist/compiled/next-server/pages-api-turbo.runtime.dev.js:2:5955)
    at async Module.handler (/Users/galangkeda/Documents/EPadi/esepasi/.next/dev/server/chunks/718e3_next_dist_4d75f5da._.js:2935:13)
    at async DevServer.runApi (/Users/galangkeda/Documents/EPadi/esepasi/node_modules/.pnpm/next@16.0.8_@babel+core@7.28.5_react-dom@19.2.1_react@19.2.1__react@19.2.1/node_modules/next/dist/server/next-server.js:750:9)
    at async NextNodeServer.handleCatchallRenderRequest (/Users/galangkeda/Documents/EPadi/esepasi/node_modules/.pnpm/next@16.0.8_@babel+core@7.28.5_react-dom@19.2.1_react@19.2.1__react@19.2.1/node_modules/next/dist/server/next-server.js:391:37)
    at async DevServer.handleRequestImpl (/Users/galangkeda/Documents/EPadi/esepasi/node_modules/.pnpm/next@16.0.8_@babel+core@7.28.5_react-dom@19.2.1_react@19.2.1__react@19.2.1/node_modules/next/dist/server/base-server.js:912:17)
    at async /Users/galangkeda/Documents/EPadi/esepasi/node_modules/.pnpm/next@16.0.8_@babel+core@7.28.5_react-dom@19.2.1_react@19.2.1__react@19.2.1/node_modules/next/dist/server/dev/next-dev-server.js:382:20
    at async Span.traceAsyncFn (/Users/galangkeda/Documents/EPadi/esepasi/node_modules/.pnpm/next@16.0.8_@babel+core@7.28.5_react-dom@19.2.1_react@19.2.1__react@19.2.1/node_modules/next/dist/trace/trace.js:157:20)
    at async DevServer.handleRequest (/Users/galangkeda/Documents/EPadi/esepasi/node_modules/.pnpm/next@16.0.8_@babel+core@7.28.5_react-dom@19.2.1_react@19.2.1__react@19.2.1/node_modules/next/dist/server/dev/next-dev-server.js:378:24)
    at async invokeRender (/Users/galangkeda/Documents/EPadi/esepasi/node_modules/.pnpm/next@16.0.8_@babel+core@7.28.5_react-dom@19.2.1_react@19.2.1__react@19.2.1/node_modules/next/dist/server/lib/router-server.js:240:21)
    at async handleRequest (/Users/galangkeda/Documents/EPadi/esepasi/node_modules/.pnpm/next@16.0.8_@babel+core@7.28.5_react-dom@19.2.1_react@19.2.1__react@19.2.1/node_modules/next/dist/server/lib/router-server.js:436:24)
    at async requestHandlerImpl (/Users/galangkeda/Documents/EPadi/esepasi/node_modules/.pnpm/next@16.0.8_@babel+core@7.28.5_react-dom@19.2.1_react@19.2.1__react@19.2.1/node_modules/next/dist/server/lib/router-server.js:484:13)
    at async Server.requestListener (/Users/galangkeda/Documents/EPadi/esepasi/node_modules/.pnpm/next@16.0.8_@babel+core@7.28.5_react-dom@19.2.1_react@19.2.1__react@19.2.1/node_modules/next/dist/server/lib/start-server.js:226:13)
[2025-12-12 00:32:45.593] [INFO] [00beda93-7652-4ffd-809a-bbb1da85dade] Response: 401 (74ms)
[2025-12-12 00:32:46.696] [INFO] [e1c82946-ed05-47bf-946e-1519a5954e66] ====== POST /api/v1/auth/login ======
[2025-12-12 00:32:46.758] [INFO] [e1c82946-ed05-47bf-946e-1519a5954e66] Response: 200 (62ms)
[2025-12-12 00:39:52.728] [INFO] [660286f2-ade6-4d09-a5c1-bce55b7fddfe] ====== POST /api/v1/auth/login ======
[2025-12-12 00:39:52.801] [ERROR] [660286f2-ade6-4d09-a5c1-bce55b7fddfe] Error: Invalid credentials
[2025-12-12 00:39:52.801] [ERROR] [660286f2-ade6-4d09-a5c1-bce55b7fddfe] UnauthorizedError: Invalid credentials
    at AuthService.login (/Users/galangkeda/Documents/EPadi/esepasi/.next/dev/server/chunks/[root-of-the-server]__ea3472f8._.js:555:19)
    at async /Users/galangkeda/Documents/EPadi/esepasi/.next/dev/server/chunks/[root-of-the-server]__ea3472f8._.js:658:20
    at async /Users/galangkeda/Documents/EPadi/esepasi/.next/dev/server/chunks/[root-of-the-server]__ea3472f8._.js:245:13
    at async apiResolver (/Users/galangkeda/Documents/EPadi/esepasi/node_modules/.pnpm/next@16.0.8_@babel+core@7.28.5_react-dom@19.2.1_react@19.2.1__react@19.2.1/node_modules/next/dist/compiled/next-server/pages-api-turbo.runtime.dev.js:2:4425)
    at async PagesAPIRouteModule.render (/Users/galangkeda/Documents/EPadi/esepasi/node_modules/.pnpm/next@16.0.8_@babel+core@7.28.5_react-dom@19.2.1_react@19.2.1__react@19.2.1/node_modules/next/dist/compiled/next-server/pages-api-turbo.runtime.dev.js:2:5955)
    at async Module.handler (/Users/galangkeda/Documents/EPadi/esepasi/.next/dev/server/chunks/718e3_next_dist_4d75f5da._.js:2935:13)
    at async DevServer.runApi (/Users/galangkeda/Documents/EPadi/esepasi/node_modules/.pnpm/next@16.0.8_@babel+core@7.28.5_react-dom@19.2.1_react@19.2.1__react@19.2.1/node_modules/next/dist/server/next-server.js:750:9)
    at async NextNodeServer.handleCatchallRenderRequest (/Users/galangkeda/Documents/EPadi/esepasi/node_modules/.pnpm/next@16.0.8_@babel+core@7.28.5_react-dom@19.2.1_react@19.2.1__react@19.2.1/node_modules/next/dist/server/next-server.js:391:37)
    at async DevServer.handleRequestImpl (/Users/galangkeda/Documents/EPadi/esepasi/node_modules/.pnpm/next@16.0.8_@babel+core@7.28.5_react-dom@19.2.1_react@19.2.1__react@19.2.1/node_modules/next/dist/server/base-server.js:912:17)
    at async /Users/galangkeda/Documents/EPadi/esepasi/node_modules/.pnpm/next@16.0.8_@babel+core@7.28.5_react-dom@19.2.1_react@19.2.1__react@19.2.1/node_modules/next/dist/server/dev/next-dev-server.js:382:20
    at async Span.traceAsyncFn (/Users/galangkeda/Documents/EPadi/esepasi/node_modules/.pnpm/next@16.0.8_@babel+core@7.28.5_react-dom@19.2.1_react@19.2.1__react@19.2.1/node_modules/next/dist/trace/trace.js:157:20)
    at async DevServer.handleRequest (/Users/galangkeda/Documents/EPadi/esepasi/node_modules/.pnpm/next@16.0.8_@babel+core@7.28.5_react-dom@19.2.1_react@19.2.1__react@19.2.1/node_modules/next/dist/server/dev/next-dev-server.js:378:24)
    at async invokeRender (/Users/galangkeda/Documents/EPadi/esepasi/node_modules/.pnpm/next@16.0.8_@babel+core@7.28.5_react-dom@19.2.1_react@19.2.1__react@19.2.1/node_modules/next/dist/server/lib/router-server.js:240:21)
    at async handleRequest (/Users/galangkeda/Documents/EPadi/esepasi/node_modules/.pnpm/next@16.0.8_@babel+core@7.28.5_react-dom@19.2.1_react@19.2.1__react@19.2.1/node_modules/next/dist/server/lib/router-server.js:436:24)
    at async requestHandlerImpl (/Users/galangkeda/Documents/EPadi/esepasi/node_modules/.pnpm/next@16.0.8_@babel+core@7.28.5_react-dom@19.2.1_react@19.2.1__react@19.2.1/node_modules/next/dist/server/lib/router-server.js:484:13)
    at async Server.requestListener (/Users/galangkeda/Documents/EPadi/esepasi/node_modules/.pnpm/next@16.0.8_@babel+core@7.28.5_react-dom@19.2.1_react@19.2.1__react@19.2.1/node_modules/next/dist/server/lib/start-server.js:226:13)
[2025-12-12 00:39:52.801] [INFO] [660286f2-ade6-4d09-a5c1-bce55b7fddfe] Response: 401 (72ms)
[2025-12-12 00:40:08.529] [INFO] [8bb33ca7-1083-46f7-8998-186bba97f0b5] ====== POST /api/v1/auth/login ======
[2025-12-12 00:40:08.614] [ERROR] [8bb33ca7-1083-46f7-8998-186bba97f0b5] Error: Invalid credentials
[2025-12-12 00:40:08.615] [ERROR] [8bb33ca7-1083-46f7-8998-186bba97f0b5] UnauthorizedError: Invalid credentials
    at AuthService.login (/Users/galangkeda/Documents/EPadi/esepasi/.next/dev/server/chunks/[root-of-the-server]__ea3472f8._.js:555:19)
    at async /Users/galangkeda/Documents/EPadi/esepasi/.next/dev/server/chunks/[root-of-the-server]__ea3472f8._.js:658:20
    at async /Users/galangkeda/Documents/EPadi/esepasi/.next/dev/server/chunks/[root-of-the-server]__ea3472f8._.js:245:13
    at async apiResolver (/Users/galangkeda/Documents/EPadi/esepasi/node_modules/.pnpm/next@16.0.8_@babel+core@7.28.5_react-dom@19.2.1_react@19.2.1__react@19.2.1/node_modules/next/dist/compiled/next-server/pages-api-turbo.runtime.dev.js:2:4425)
    at async PagesAPIRouteModule.render (/Users/galangkeda/Documents/EPadi/esepasi/node_modules/.pnpm/next@16.0.8_@babel+core@7.28.5_react-dom@19.2.1_react@19.2.1__react@19.2.1/node_modules/next/dist/compiled/next-server/pages-api-turbo.runtime.dev.js:2:5955)
    at async Module.handler (/Users/galangkeda/Documents/EPadi/esepasi/.next/dev/server/chunks/718e3_next_dist_4d75f5da._.js:2935:13)
    at async DevServer.runApi (/Users/galangkeda/Documents/EPadi/esepasi/node_modules/.pnpm/next@16.0.8_@babel+core@7.28.5_react-dom@19.2.1_react@19.2.1__react@19.2.1/node_modules/next/dist/server/next-server.js:750:9)
    at async NextNodeServer.handleCatchallRenderRequest (/Users/galangkeda/Documents/EPadi/esepasi/node_modules/.pnpm/next@16.0.8_@babel+core@7.28.5_react-dom@19.2.1_react@19.2.1__react@19.2.1/node_modules/next/dist/server/next-server.js:391:37)
    at async DevServer.handleRequestImpl (/Users/galangkeda/Documents/EPadi/esepasi/node_modules/.pnpm/next@16.0.8_@babel+core@7.28.5_react-dom@19.2.1_react@19.2.1__react@19.2.1/node_modules/next/dist/server/base-server.js:912:17)
    at async /Users/galangkeda/Documents/EPadi/esepasi/node_modules/.pnpm/next@16.0.8_@babel+core@7.28.5_react-dom@19.2.1_react@19.2.1__react@19.2.1/node_modules/next/dist/server/dev/next-dev-server.js:382:20
    at async Span.traceAsyncFn (/Users/galangkeda/Documents/EPadi/esepasi/node_modules/.pnpm/next@16.0.8_@babel+core@7.28.5_react-dom@19.2.1_react@19.2.1__react@19.2.1/node_modules/next/dist/trace/trace.js:157:20)
    at async DevServer.handleRequest (/Users/galangkeda/Documents/EPadi/esepasi/node_modules/.pnpm/next@16.0.8_@babel+core@7.28.5_react-dom@19.2.1_react@19.2.1__react@19.2.1/node_modules/next/dist/server/dev/next-dev-server.js:378:24)
    at async invokeRender (/Users/galangkeda/Documents/EPadi/esepasi/node_modules/.pnpm/next@16.0.8_@babel+core@7.28.5_react-dom@19.2.1_react@19.2.1__react@19.2.1/node_modules/next/dist/server/lib/router-server.js:240:21)
    at async handleRequest (/Users/galangkeda/Documents/EPadi/esepasi/node_modules/.pnpm/next@16.0.8_@babel+core@7.28.5_react-dom@19.2.1_react@19.2.1__react@19.2.1/node_modules/next/dist/server/lib/router-server.js:436:24)
    at async requestHandlerImpl (/Users/galangkeda/Documents/EPadi/esepasi/node_modules/.pnpm/next@16.0.8_@babel+core@7.28.5_react-dom@19.2.1_react@19.2.1__react@19.2.1/node_modules/next/dist/server/lib/router-server.js:484:13)
    at async Server.requestListener (/Users/galangkeda/Documents/EPadi/esepasi/node_modules/.pnpm/next@16.0.8_@babel+core@7.28.5_react-dom@19.2.1_react@19.2.1__react@19.2.1/node_modules/next/dist/server/lib/start-server.js:226:13)
[2025-12-12 00:40:08.615] [INFO] [8bb33ca7-1083-46f7-8998-186bba97f0b5] Response: 401 (85ms)
[2025-12-12 00:40:26.351] [INFO] [3f076e77-87bf-45c5-8eff-343b887bb4ab] ====== POST /api/v1/auth/login ======
[2025-12-12 00:40:26.435] [ERROR] [3f076e77-87bf-45c5-8eff-343b887bb4ab] Error: Invalid credentials
[2025-12-12 00:40:26.435] [ERROR] [3f076e77-87bf-45c5-8eff-343b887bb4ab] UnauthorizedError: Invalid credentials
    at AuthService.login (/Users/galangkeda/Documents/EPadi/esepasi/.next/dev/server/chunks/[root-of-the-server]__ea3472f8._.js:555:19)
    at async /Users/galangkeda/Documents/EPadi/esepasi/.next/dev/server/chunks/[root-of-the-server]__ea3472f8._.js:658:20
    at async /Users/galangkeda/Documents/EPadi/esepasi/.next/dev/server/chunks/[root-of-the-server]__ea3472f8._.js:245:13
    at async apiResolver (/Users/galangkeda/Documents/EPadi/esepasi/node_modules/.pnpm/next@16.0.8_@babel+core@7.28.5_react-dom@19.2.1_react@19.2.1__react@19.2.1/node_modules/next/dist/compiled/next-server/pages-api-turbo.runtime.dev.js:2:4425)
    at async PagesAPIRouteModule.render (/Users/galangkeda/Documents/EPadi/esepasi/node_modules/.pnpm/next@16.0.8_@babel+core@7.28.5_react-dom@19.2.1_react@19.2.1__react@19.2.1/node_modules/next/dist/compiled/next-server/pages-api-turbo.runtime.dev.js:2:5955)
    at async Module.handler (/Users/galangkeda/Documents/EPadi/esepasi/.next/dev/server/chunks/718e3_next_dist_4d75f5da._.js:2935:13)
    at async DevServer.runApi (/Users/galangkeda/Documents/EPadi/esepasi/node_modules/.pnpm/next@16.0.8_@babel+core@7.28.5_react-dom@19.2.1_react@19.2.1__react@19.2.1/node_modules/next/dist/server/next-server.js:750:9)
    at async NextNodeServer.handleCatchallRenderRequest (/Users/galangkeda/Documents/EPadi/esepasi/node_modules/.pnpm/next@16.0.8_@babel+core@7.28.5_react-dom@19.2.1_react@19.2.1__react@19.2.1/node_modules/next/dist/server/next-server.js:391:37)
    at async DevServer.handleRequestImpl (/Users/galangkeda/Documents/EPadi/esepasi/node_modules/.pnpm/next@16.0.8_@babel+core@7.28.5_react-dom@19.2.1_react@19.2.1__react@19.2.1/node_modules/next/dist/server/base-server.js:912:17)
    at async /Users/galangkeda/Documents/EPadi/esepasi/node_modules/.pnpm/next@16.0.8_@babel+core@7.28.5_react-dom@19.2.1_react@19.2.1__react@19.2.1/node_modules/next/dist/server/dev/next-dev-server.js:382:20
    at async Span.traceAsyncFn (/Users/galangkeda/Documents/EPadi/esepasi/node_modules/.pnpm/next@16.0.8_@babel+core@7.28.5_react-dom@19.2.1_react@19.2.1__react@19.2.1/node_modules/next/dist/trace/trace.js:157:20)
    at async DevServer.handleRequest (/Users/galangkeda/Documents/EPadi/esepasi/node_modules/.pnpm/next@16.0.8_@babel+core@7.28.5_react-dom@19.2.1_react@19.2.1__react@19.2.1/node_modules/next/dist/server/dev/next-dev-server.js:378:24)
    at async invokeRender (/Users/galangkeda/Documents/EPadi/esepasi/node_modules/.pnpm/next@16.0.8_@babel+core@7.28.5_react-dom@19.2.1_react@19.2.1__react@19.2.1/node_modules/next/dist/server/lib/router-server.js:240:21)
    at async handleRequest (/Users/galangkeda/Documents/EPadi/esepasi/node_modules/.pnpm/next@16.0.8_@babel+core@7.28.5_react-dom@19.2.1_react@19.2.1__react@19.2.1/node_modules/next/dist/server/lib/router-server.js:436:24)
    at async requestHandlerImpl (/Users/galangkeda/Documents/EPadi/esepasi/node_modules/.pnpm/next@16.0.8_@babel+core@7.28.5_react-dom@19.2.1_react@19.2.1__react@19.2.1/node_modules/next/dist/server/lib/router-server.js:484:13)
    at async Server.requestListener (/Users/galangkeda/Documents/EPadi/esepasi/node_modules/.pnpm/next@16.0.8_@babel+core@7.28.5_react-dom@19.2.1_react@19.2.1__react@19.2.1/node_modules/next/dist/server/lib/start-server.js:226:13)
[2025-12-12 00:40:26.435] [INFO] [3f076e77-87bf-45c5-8eff-343b887bb4ab] Response: 401 (84ms)
[2025-12-12 00:42:31.414] [INFO] [09699e84-750d-4a1e-95b0-0bb4fc139d73] ====== POST /api/v1/auth/login ======
[2025-12-12 00:42:31.484] [ERROR] [09699e84-750d-4a1e-95b0-0bb4fc139d73] Error: Invalid credentials
[2025-12-12 00:42:31.485] [ERROR] [09699e84-750d-4a1e-95b0-0bb4fc139d73] UnauthorizedError: Invalid credentials
    at AuthService.login (/Users/galangkeda/Documents/EPadi/esepasi/.next/dev/server/chunks/[root-of-the-server]__ea3472f8._.js:555:19)
    at async /Users/galangkeda/Documents/EPadi/esepasi/.next/dev/server/chunks/[root-of-the-server]__ea3472f8._.js:658:20
    at async /Users/galangkeda/Documents/EPadi/esepasi/.next/dev/server/chunks/[root-of-the-server]__ea3472f8._.js:245:13
    at async apiResolver (/Users/galangkeda/Documents/EPadi/esepasi/node_modules/.pnpm/next@16.0.8_@babel+core@7.28.5_react-dom@19.2.1_react@19.2.1__react@19.2.1/node_modules/next/dist/compiled/next-server/pages-api-turbo.runtime.dev.js:2:4425)
    at async PagesAPIRouteModule.render (/Users/galangkeda/Documents/EPadi/esepasi/node_modules/.pnpm/next@16.0.8_@babel+core@7.28.5_react-dom@19.2.1_react@19.2.1__react@19.2.1/node_modules/next/dist/compiled/next-server/pages-api-turbo.runtime.dev.js:2:5955)
    at async Module.handler (/Users/galangkeda/Documents/EPadi/esepasi/.next/dev/server/chunks/718e3_next_dist_4d75f5da._.js:2935:13)
    at async DevServer.runApi (/Users/galangkeda/Documents/EPadi/esepasi/node_modules/.pnpm/next@16.0.8_@babel+core@7.28.5_react-dom@19.2.1_react@19.2.1__react@19.2.1/node_modules/next/dist/server/next-server.js:750:9)
    at async NextNodeServer.handleCatchallRenderRequest (/Users/galangkeda/Documents/EPadi/esepasi/node_modules/.pnpm/next@16.0.8_@babel+core@7.28.5_react-dom@19.2.1_react@19.2.1__react@19.2.1/node_modules/next/dist/server/next-server.js:391:37)
    at async DevServer.handleRequestImpl (/Users/galangkeda/Documents/EPadi/esepasi/node_modules/.pnpm/next@16.0.8_@babel+core@7.28.5_react-dom@19.2.1_react@19.2.1__react@19.2.1/node_modules/next/dist/server/base-server.js:912:17)
    at async /Users/galangkeda/Documents/EPadi/esepasi/node_modules/.pnpm/next@16.0.8_@babel+core@7.28.5_react-dom@19.2.1_react@19.2.1__react@19.2.1/node_modules/next/dist/server/dev/next-dev-server.js:382:20
    at async Span.traceAsyncFn (/Users/galangkeda/Documents/EPadi/esepasi/node_modules/.pnpm/next@16.0.8_@babel+core@7.28.5_react-dom@19.2.1_react@19.2.1__react@19.2.1/node_modules/next/dist/trace/trace.js:157:20)
    at async DevServer.handleRequest (/Users/galangkeda/Documents/EPadi/esepasi/node_modules/.pnpm/next@16.0.8_@babel+core@7.28.5_react-dom@19.2.1_react@19.2.1__react@19.2.1/node_modules/next/dist/server/dev/next-dev-server.js:378:24)
    at async invokeRender (/Users/galangkeda/Documents/EPadi/esepasi/node_modules/.pnpm/next@16.0.8_@babel+core@7.28.5_react-dom@19.2.1_react@19.2.1__react@19.2.1/node_modules/next/dist/server/lib/router-server.js:240:21)
    at async handleRequest (/Users/galangkeda/Documents/EPadi/esepasi/node_modules/.pnpm/next@16.0.8_@babel+core@7.28.5_react-dom@19.2.1_react@19.2.1__react@19.2.1/node_modules/next/dist/server/lib/router-server.js:436:24)
    at async requestHandlerImpl (/Users/galangkeda/Documents/EPadi/esepasi/node_modules/.pnpm/next@16.0.8_@babel+core@7.28.5_react-dom@19.2.1_react@19.2.1__react@19.2.1/node_modules/next/dist/server/lib/router-server.js:484:13)
    at async Server.requestListener (/Users/galangkeda/Documents/EPadi/esepasi/node_modules/.pnpm/next@16.0.8_@babel+core@7.28.5_react-dom@19.2.1_react@19.2.1__react@19.2.1/node_modules/next/dist/server/lib/start-server.js:226:13)
[2025-12-12 00:42:31.487] [INFO] [09699e84-750d-4a1e-95b0-0bb4fc139d73] Response: 401 (70ms)
[2025-12-12 00:42:32.636] [INFO] [16bb8306-9010-4841-87bc-b71f1cbdffb8] ====== POST /api/v1/auth/login ======
[2025-12-12 00:42:32.708] [ERROR] [16bb8306-9010-4841-87bc-b71f1cbdffb8] Error: Invalid credentials
[2025-12-12 00:42:32.708] [ERROR] [16bb8306-9010-4841-87bc-b71f1cbdffb8] UnauthorizedError: Invalid credentials
    at AuthService.login (/Users/galangkeda/Documents/EPadi/esepasi/.next/dev/server/chunks/[root-of-the-server]__ea3472f8._.js:555:19)
    at async /Users/galangkeda/Documents/EPadi/esepasi/.next/dev/server/chunks/[root-of-the-server]__ea3472f8._.js:658:20
    at async /Users/galangkeda/Documents/EPadi/esepasi/.next/dev/server/chunks/[root-of-the-server]__ea3472f8._.js:245:13
    at async apiResolver (/Users/galangkeda/Documents/EPadi/esepasi/node_modules/.pnpm/next@16.0.8_@babel+core@7.28.5_react-dom@19.2.1_react@19.2.1__react@19.2.1/node_modules/next/dist/compiled/next-server/pages-api-turbo.runtime.dev.js:2:4425)
    at async PagesAPIRouteModule.render (/Users/galangkeda/Documents/EPadi/esepasi/node_modules/.pnpm/next@16.0.8_@babel+core@7.28.5_react-dom@19.2.1_react@19.2.1__react@19.2.1/node_modules/next/dist/compiled/next-server/pages-api-turbo.runtime.dev.js:2:5955)
    at async Module.handler (/Users/galangkeda/Documents/EPadi/esepasi/.next/dev/server/chunks/718e3_next_dist_4d75f5da._.js:2935:13)
    at async DevServer.runApi (/Users/galangkeda/Documents/EPadi/esepasi/node_modules/.pnpm/next@16.0.8_@babel+core@7.28.5_react-dom@19.2.1_react@19.2.1__react@19.2.1/node_modules/next/dist/server/next-server.js:750:9)
    at async NextNodeServer.handleCatchallRenderRequest (/Users/galangkeda/Documents/EPadi/esepasi/node_modules/.pnpm/next@16.0.8_@babel+core@7.28.5_react-dom@19.2.1_react@19.2.1__react@19.2.1/node_modules/next/dist/server/next-server.js:391:37)
    at async DevServer.handleRequestImpl (/Users/galangkeda/Documents/EPadi/esepasi/node_modules/.pnpm/next@16.0.8_@babel+core@7.28.5_react-dom@19.2.1_react@19.2.1__react@19.2.1/node_modules/next/dist/server/base-server.js:912:17)
    at async /Users/galangkeda/Documents/EPadi/esepasi/node_modules/.pnpm/next@16.0.8_@babel+core@7.28.5_react-dom@19.2.1_react@19.2.1__react@19.2.1/node_modules/next/dist/server/dev/next-dev-server.js:382:20
    at async Span.traceAsyncFn (/Users/galangkeda/Documents/EPadi/esepasi/node_modules/.pnpm/next@16.0.8_@babel+core@7.28.5_react-dom@19.2.1_react@19.2.1__react@19.2.1/node_modules/next/dist/trace/trace.js:157:20)
    at async DevServer.handleRequest (/Users/galangkeda/Documents/EPadi/esepasi/node_modules/.pnpm/next@16.0.8_@babel+core@7.28.5_react-dom@19.2.1_react@19.2.1__react@19.2.1/node_modules/next/dist/server/dev/next-dev-server.js:378:24)
    at async invokeRender (/Users/galangkeda/Documents/EPadi/esepasi/node_modules/.pnpm/next@16.0.8_@babel+core@7.28.5_react-dom@19.2.1_react@19.2.1__react@19.2.1/node_modules/next/dist/server/lib/router-server.js:240:21)
    at async handleRequest (/Users/galangkeda/Documents/EPadi/esepasi/node_modules/.pnpm/next@16.0.8_@babel+core@7.28.5_react-dom@19.2.1_react@19.2.1__react@19.2.1/node_modules/next/dist/server/lib/router-server.js:436:24)
    at async requestHandlerImpl (/Users/galangkeda/Documents/EPadi/esepasi/node_modules/.pnpm/next@16.0.8_@babel+core@7.28.5_react-dom@19.2.1_react@19.2.1__react@19.2.1/node_modules/next/dist/server/lib/router-server.js:484:13)
    at async Server.requestListener (/Users/galangkeda/Documents/EPadi/esepasi/node_modules/.pnpm/next@16.0.8_@babel+core@7.28.5_react-dom@19.2.1_react@19.2.1__react@19.2.1/node_modules/next/dist/server/lib/start-server.js:226:13)
[2025-12-12 00:42:32.708] [INFO] [16bb8306-9010-4841-87bc-b71f1cbdffb8] Response: 401 (72ms)
[2025-12-12 00:42:45.082] [INFO] [e56a41cd-fbe9-4530-9735-f31895171ee8] ====== POST /api/v1/auth/login ======
[2025-12-12 00:42:45.154] [ERROR] [e56a41cd-fbe9-4530-9735-f31895171ee8] Error: Invalid credentials
[2025-12-12 00:42:45.154] [ERROR] [e56a41cd-fbe9-4530-9735-f31895171ee8] UnauthorizedError: Invalid credentials
    at AuthService.login (/Users/galangkeda/Documents/EPadi/esepasi/.next/dev/server/chunks/[root-of-the-server]__ea3472f8._.js:555:19)
    at async /Users/galangkeda/Documents/EPadi/esepasi/.next/dev/server/chunks/[root-of-the-server]__ea3472f8._.js:658:20
    at async /Users/galangkeda/Documents/EPadi/esepasi/.next/dev/server/chunks/[root-of-the-server]__ea3472f8._.js:245:13
    at async apiResolver (/Users/galangkeda/Documents/EPadi/esepasi/node_modules/.pnpm/next@16.0.8_@babel+core@7.28.5_react-dom@19.2.1_react@19.2.1__react@19.2.1/node_modules/next/dist/compiled/next-server/pages-api-turbo.runtime.dev.js:2:4425)
    at async PagesAPIRouteModule.render (/Users/galangkeda/Documents/EPadi/esepasi/node_modules/.pnpm/next@16.0.8_@babel+core@7.28.5_react-dom@19.2.1_react@19.2.1__react@19.2.1/node_modules/next/dist/compiled/next-server/pages-api-turbo.runtime.dev.js:2:5955)
    at async Module.handler (/Users/galangkeda/Documents/EPadi/esepasi/.next/dev/server/chunks/718e3_next_dist_4d75f5da._.js:2935:13)
    at async DevServer.runApi (/Users/galangkeda/Documents/EPadi/esepasi/node_modules/.pnpm/next@16.0.8_@babel+core@7.28.5_react-dom@19.2.1_react@19.2.1__react@19.2.1/node_modules/next/dist/server/next-server.js:750:9)
    at async NextNodeServer.handleCatchallRenderRequest (/Users/galangkeda/Documents/EPadi/esepasi/node_modules/.pnpm/next@16.0.8_@babel+core@7.28.5_react-dom@19.2.1_react@19.2.1__react@19.2.1/node_modules/next/dist/server/next-server.js:391:37)
    at async DevServer.handleRequestImpl (/Users/galangkeda/Documents/EPadi/esepasi/node_modules/.pnpm/next@16.0.8_@babel+core@7.28.5_react-dom@19.2.1_react@19.2.1__react@19.2.1/node_modules/next/dist/server/base-server.js:912:17)
    at async /Users/galangkeda/Documents/EPadi/esepasi/node_modules/.pnpm/next@16.0.8_@babel+core@7.28.5_react-dom@19.2.1_react@19.2.1__react@19.2.1/node_modules/next/dist/server/dev/next-dev-server.js:382:20
    at async Span.traceAsyncFn (/Users/galangkeda/Documents/EPadi/esepasi/node_modules/.pnpm/next@16.0.8_@babel+core@7.28.5_react-dom@19.2.1_react@19.2.1__react@19.2.1/node_modules/next/dist/trace/trace.js:157:20)
    at async DevServer.handleRequest (/Users/galangkeda/Documents/EPadi/esepasi/node_modules/.pnpm/next@16.0.8_@babel+core@7.28.5_react-dom@19.2.1_react@19.2.1__react@19.2.1/node_modules/next/dist/server/dev/next-dev-server.js:378:24)
    at async invokeRender (/Users/galangkeda/Documents/EPadi/esepasi/node_modules/.pnpm/next@16.0.8_@babel+core@7.28.5_react-dom@19.2.1_react@19.2.1__react@19.2.1/node_modules/next/dist/server/lib/router-server.js:240:21)
    at async handleRequest (/Users/galangkeda/Documents/EPadi/esepasi/node_modules/.pnpm/next@16.0.8_@babel+core@7.28.5_react-dom@19.2.1_react@19.2.1__react@19.2.1/node_modules/next/dist/server/lib/router-server.js:436:24)
    at async requestHandlerImpl (/Users/galangkeda/Documents/EPadi/esepasi/node_modules/.pnpm/next@16.0.8_@babel+core@7.28.5_react-dom@19.2.1_react@19.2.1__react@19.2.1/node_modules/next/dist/server/lib/router-server.js:484:13)
    at async Server.requestListener (/Users/galangkeda/Documents/EPadi/esepasi/node_modules/.pnpm/next@16.0.8_@babel+core@7.28.5_react-dom@19.2.1_react@19.2.1__react@19.2.1/node_modules/next/dist/server/lib/start-server.js:226:13)
[2025-12-12 00:42:45.154] [INFO] [e56a41cd-fbe9-4530-9735-f31895171ee8] Response: 401 (73ms)
[2025-12-12 00:42:51.807] [INFO] [1c9eceaa-5ca8-42b7-868a-fcf3959d54af] ====== POST /api/v1/auth/login ======
[2025-12-12 00:42:51.871] [ERROR] [1c9eceaa-5ca8-42b7-868a-fcf3959d54af] Error: Invalid credentials
[2025-12-12 00:42:51.871] [ERROR] [1c9eceaa-5ca8-42b7-868a-fcf3959d54af] UnauthorizedError: Invalid credentials
    at AuthService.login (/Users/galangkeda/Documents/EPadi/esepasi/.next/dev/server/chunks/[root-of-the-server]__ea3472f8._.js:555:19)
    at async /Users/galangkeda/Documents/EPadi/esepasi/.next/dev/server/chunks/[root-of-the-server]__ea3472f8._.js:658:20
    at async /Users/galangkeda/Documents/EPadi/esepasi/.next/dev/server/chunks/[root-of-the-server]__ea3472f8._.js:245:13
    at async apiResolver (/Users/galangkeda/Documents/EPadi/esepasi/node_modules/.pnpm/next@16.0.8_@babel+core@7.28.5_react-dom@19.2.1_react@19.2.1__react@19.2.1/node_modules/next/dist/compiled/next-server/pages-api-turbo.runtime.dev.js:2:4425)
    at async PagesAPIRouteModule.render (/Users/galangkeda/Documents/EPadi/esepasi/node_modules/.pnpm/next@16.0.8_@babel+core@7.28.5_react-dom@19.2.1_react@19.2.1__react@19.2.1/node_modules/next/dist/compiled/next-server/pages-api-turbo.runtime.dev.js:2:5955)
    at async Module.handler (/Users/galangkeda/Documents/EPadi/esepasi/.next/dev/server/chunks/718e3_next_dist_4d75f5da._.js:2935:13)
    at async DevServer.runApi (/Users/galangkeda/Documents/EPadi/esepasi/node_modules/.pnpm/next@16.0.8_@babel+core@7.28.5_react-dom@19.2.1_react@19.2.1__react@19.2.1/node_modules/next/dist/server/next-server.js:750:9)
    at async NextNodeServer.handleCatchallRenderRequest (/Users/galangkeda/Documents/EPadi/esepasi/node_modules/.pnpm/next@16.0.8_@babel+core@7.28.5_react-dom@19.2.1_react@19.2.1__react@19.2.1/node_modules/next/dist/server/next-server.js:391:37)
    at async DevServer.handleRequestImpl (/Users/galangkeda/Documents/EPadi/esepasi/node_modules/.pnpm/next@16.0.8_@babel+core@7.28.5_react-dom@19.2.1_react@19.2.1__react@19.2.1/node_modules/next/dist/server/base-server.js:912:17)
    at async /Users/galangkeda/Documents/EPadi/esepasi/node_modules/.pnpm/next@16.0.8_@babel+core@7.28.5_react-dom@19.2.1_react@19.2.1__react@19.2.1/node_modules/next/dist/server/dev/next-dev-server.js:382:20
    at async Span.traceAsyncFn (/Users/galangkeda/Documents/EPadi/esepasi/node_modules/.pnpm/next@16.0.8_@babel+core@7.28.5_react-dom@19.2.1_react@19.2.1__react@19.2.1/node_modules/next/dist/trace/trace.js:157:20)
    at async DevServer.handleRequest (/Users/galangkeda/Documents/EPadi/esepasi/node_modules/.pnpm/next@16.0.8_@babel+core@7.28.5_react-dom@19.2.1_react@19.2.1__react@19.2.1/node_modules/next/dist/server/dev/next-dev-server.js:378:24)
    at async invokeRender (/Users/galangkeda/Documents/EPadi/esepasi/node_modules/.pnpm/next@16.0.8_@babel+core@7.28.5_react-dom@19.2.1_react@19.2.1__react@19.2.1/node_modules/next/dist/server/lib/router-server.js:240:21)
    at async handleRequest (/Users/galangkeda/Documents/EPadi/esepasi/node_modules/.pnpm/next@16.0.8_@babel+core@7.28.5_react-dom@19.2.1_react@19.2.1__react@19.2.1/node_modules/next/dist/server/lib/router-server.js:436:24)
    at async requestHandlerImpl (/Users/galangkeda/Documents/EPadi/esepasi/node_modules/.pnpm/next@16.0.8_@babel+core@7.28.5_react-dom@19.2.1_react@19.2.1__react@19.2.1/node_modules/next/dist/server/lib/router-server.js:484:13)
    at async Server.requestListener (/Users/galangkeda/Documents/EPadi/esepasi/node_modules/.pnpm/next@16.0.8_@babel+core@7.28.5_react-dom@19.2.1_react@19.2.1__react@19.2.1/node_modules/next/dist/server/lib/start-server.js:226:13)
[2025-12-12 00:42:51.871] [INFO] [1c9eceaa-5ca8-42b7-868a-fcf3959d54af] Response: 401 (64ms)
[2025-12-12 00:43:22.449] [INFO] [94841060-8030-49de-8ab1-e2b26db71a60] ====== POST /api/v1/auth/login ======
[2025-12-12 00:43:22.524] [ERROR] [94841060-8030-49de-8ab1-e2b26db71a60] Error: Invalid credentials
[2025-12-12 00:43:22.524] [ERROR] [94841060-8030-49de-8ab1-e2b26db71a60] UnauthorizedError: Invalid credentials
    at AuthService.login (/Users/galangkeda/Documents/EPadi/esepasi/.next/dev/server/chunks/[root-of-the-server]__ea3472f8._.js:555:19)
    at async /Users/galangkeda/Documents/EPadi/esepasi/.next/dev/server/chunks/[root-of-the-server]__ea3472f8._.js:658:20
    at async /Users/galangkeda/Documents/EPadi/esepasi/.next/dev/server/chunks/[root-of-the-server]__ea3472f8._.js:245:13
    at async apiResolver (/Users/galangkeda/Documents/EPadi/esepasi/node_modules/.pnpm/next@16.0.8_@babel+core@7.28.5_react-dom@19.2.1_react@19.2.1__react@19.2.1/node_modules/next/dist/compiled/next-server/pages-api-turbo.runtime.dev.js:2:4425)
    at async PagesAPIRouteModule.render (/Users/galangkeda/Documents/EPadi/esepasi/node_modules/.pnpm/next@16.0.8_@babel+core@7.28.5_react-dom@19.2.1_react@19.2.1__react@19.2.1/node_modules/next/dist/compiled/next-server/pages-api-turbo.runtime.dev.js:2:5955)
    at async Module.handler (/Users/galangkeda/Documents/EPadi/esepasi/.next/dev/server/chunks/718e3_next_dist_4d75f5da._.js:2935:13)
    at async DevServer.runApi (/Users/galangkeda/Documents/EPadi/esepasi/node_modules/.pnpm/next@16.0.8_@babel+core@7.28.5_react-dom@19.2.1_react@19.2.1__react@19.2.1/node_modules/next/dist/server/next-server.js:750:9)
    at async NextNodeServer.handleCatchallRenderRequest (/Users/galangkeda/Documents/EPadi/esepasi/node_modules/.pnpm/next@16.0.8_@babel+core@7.28.5_react-dom@19.2.1_react@19.2.1__react@19.2.1/node_modules/next/dist/server/next-server.js:391:37)
    at async DevServer.handleRequestImpl (/Users/galangkeda/Documents/EPadi/esepasi/node_modules/.pnpm/next@16.0.8_@babel+core@7.28.5_react-dom@19.2.1_react@19.2.1__react@19.2.1/node_modules/next/dist/server/base-server.js:912:17)
    at async /Users/galangkeda/Documents/EPadi/esepasi/node_modules/.pnpm/next@16.0.8_@babel+core@7.28.5_react-dom@19.2.1_react@19.2.1__react@19.2.1/node_modules/next/dist/server/dev/next-dev-server.js:382:20
    at async Span.traceAsyncFn (/Users/galangkeda/Documents/EPadi/esepasi/node_modules/.pnpm/next@16.0.8_@babel+core@7.28.5_react-dom@19.2.1_react@19.2.1__react@19.2.1/node_modules/next/dist/trace/trace.js:157:20)
    at async DevServer.handleRequest (/Users/galangkeda/Documents/EPadi/esepasi/node_modules/.pnpm/next@16.0.8_@babel+core@7.28.5_react-dom@19.2.1_react@19.2.1__react@19.2.1/node_modules/next/dist/server/dev/next-dev-server.js:378:24)
    at async invokeRender (/Users/galangkeda/Documents/EPadi/esepasi/node_modules/.pnpm/next@16.0.8_@babel+core@7.28.5_react-dom@19.2.1_react@19.2.1__react@19.2.1/node_modules/next/dist/server/lib/router-server.js:240:21)
    at async handleRequest (/Users/galangkeda/Documents/EPadi/esepasi/node_modules/.pnpm/next@16.0.8_@babel+core@7.28.5_react-dom@19.2.1_react@19.2.1__react@19.2.1/node_modules/next/dist/server/lib/router-server.js:436:24)
    at async requestHandlerImpl (/Users/galangkeda/Documents/EPadi/esepasi/node_modules/.pnpm/next@16.0.8_@babel+core@7.28.5_react-dom@19.2.1_react@19.2.1__react@19.2.1/node_modules/next/dist/server/lib/router-server.js:484:13)
    at async Server.requestListener (/Users/galangkeda/Documents/EPadi/esepasi/node_modules/.pnpm/next@16.0.8_@babel+core@7.28.5_react-dom@19.2.1_react@19.2.1__react@19.2.1/node_modules/next/dist/server/lib/start-server.js:226:13)
[2025-12-12 00:43:22.525] [INFO] [94841060-8030-49de-8ab1-e2b26db71a60] Response: 401 (76ms)
[2025-12-12 00:43:35.090] [INFO] [9a4efaf8-43bc-46d6-a09d-6ef42a4af3dd] ====== POST /api/v1/auth/login ======
[2025-12-12 00:43:35.167] [ERROR] [9a4efaf8-43bc-46d6-a09d-6ef42a4af3dd] Error: Invalid credentials
[2025-12-12 00:43:35.167] [ERROR] [9a4efaf8-43bc-46d6-a09d-6ef42a4af3dd] UnauthorizedError: Invalid credentials
    at AuthService.login (/Users/galangkeda/Documents/EPadi/esepasi/.next/dev/server/chunks/[root-of-the-server]__ea3472f8._.js:555:19)
    at async /Users/galangkeda/Documents/EPadi/esepasi/.next/dev/server/chunks/[root-of-the-server]__ea3472f8._.js:658:20
    at async /Users/galangkeda/Documents/EPadi/esepasi/.next/dev/server/chunks/[root-of-the-server]__ea3472f8._.js:245:13
    at async apiResolver (/Users/galangkeda/Documents/EPadi/esepasi/node_modules/.pnpm/next@16.0.8_@babel+core@7.28.5_react-dom@19.2.1_react@19.2.1__react@19.2.1/node_modules/next/dist/compiled/next-server/pages-api-turbo.runtime.dev.js:2:4425)
    at async PagesAPIRouteModule.render (/Users/galangkeda/Documents/EPadi/esepasi/node_modules/.pnpm/next@16.0.8_@babel+core@7.28.5_react-dom@19.2.1_react@19.2.1__react@19.2.1/node_modules/next/dist/compiled/next-server/pages-api-turbo.runtime.dev.js:2:5955)
    at async Module.handler (/Users/galangkeda/Documents/EPadi/esepasi/.next/dev/server/chunks/718e3_next_dist_4d75f5da._.js:2935:13)
    at async DevServer.runApi (/Users/galangkeda/Documents/EPadi/esepasi/node_modules/.pnpm/next@16.0.8_@babel+core@7.28.5_react-dom@19.2.1_react@19.2.1__react@19.2.1/node_modules/next/dist/server/next-server.js:750:9)
    at async NextNodeServer.handleCatchallRenderRequest (/Users/galangkeda/Documents/EPadi/esepasi/node_modules/.pnpm/next@16.0.8_@babel+core@7.28.5_react-dom@19.2.1_react@19.2.1__react@19.2.1/node_modules/next/dist/server/next-server.js:391:37)
    at async DevServer.handleRequestImpl (/Users/galangkeda/Documents/EPadi/esepasi/node_modules/.pnpm/next@16.0.8_@babel+core@7.28.5_react-dom@19.2.1_react@19.2.1__react@19.2.1/node_modules/next/dist/server/base-server.js:912:17)
    at async /Users/galangkeda/Documents/EPadi/esepasi/node_modules/.pnpm/next@16.0.8_@babel+core@7.28.5_react-dom@19.2.1_react@19.2.1__react@19.2.1/node_modules/next/dist/server/dev/next-dev-server.js:382:20
    at async Span.traceAsyncFn (/Users/galangkeda/Documents/EPadi/esepasi/node_modules/.pnpm/next@16.0.8_@babel+core@7.28.5_react-dom@19.2.1_react@19.2.1__react@19.2.1/node_modules/next/dist/trace/trace.js:157:20)
    at async DevServer.handleRequest (/Users/galangkeda/Documents/EPadi/esepasi/node_modules/.pnpm/next@16.0.8_@babel+core@7.28.5_react-dom@19.2.1_react@19.2.1__react@19.2.1/node_modules/next/dist/server/dev/next-dev-server.js:378:24)
    at async invokeRender (/Users/galangkeda/Documents/EPadi/esepasi/node_modules/.pnpm/next@16.0.8_@babel+core@7.28.5_react-dom@19.2.1_react@19.2.1__react@19.2.1/node_modules/next/dist/server/lib/router-server.js:240:21)
    at async handleRequest (/Users/galangkeda/Documents/EPadi/esepasi/node_modules/.pnpm/next@16.0.8_@babel+core@7.28.5_react-dom@19.2.1_react@19.2.1__react@19.2.1/node_modules/next/dist/server/lib/router-server.js:436:24)
    at async requestHandlerImpl (/Users/galangkeda/Documents/EPadi/esepasi/node_modules/.pnpm/next@16.0.8_@babel+core@7.28.5_react-dom@19.2.1_react@19.2.1__react@19.2.1/node_modules/next/dist/server/lib/router-server.js:484:13)
    at async Server.requestListener (/Users/galangkeda/Documents/EPadi/esepasi/node_modules/.pnpm/next@16.0.8_@babel+core@7.28.5_react-dom@19.2.1_react@19.2.1__react@19.2.1/node_modules/next/dist/server/lib/start-server.js:226:13)
[2025-12-12 00:43:35.168] [INFO] [9a4efaf8-43bc-46d6-a09d-6ef42a4af3dd] Response: 401 (77ms)
[2025-12-12 00:43:55.226] [INFO] [dada7302-f9fa-4a3c-b9a1-6e18dad0335a] ====== POST /api/v1/auth/login ======
[2025-12-12 00:43:55.309] [ERROR] [dada7302-f9fa-4a3c-b9a1-6e18dad0335a] Error: Invalid credentials
[2025-12-12 00:43:55.309] [ERROR] [dada7302-f9fa-4a3c-b9a1-6e18dad0335a] UnauthorizedError: Invalid credentials
    at AuthService.login (/Users/galangkeda/Documents/EPadi/esepasi/.next/dev/server/chunks/[root-of-the-server]__ea3472f8._.js:555:19)
    at async /Users/galangkeda/Documents/EPadi/esepasi/.next/dev/server/chunks/[root-of-the-server]__ea3472f8._.js:658:20
    at async /Users/galangkeda/Documents/EPadi/esepasi/.next/dev/server/chunks/[root-of-the-server]__ea3472f8._.js:245:13
    at async apiResolver (/Users/galangkeda/Documents/EPadi/esepasi/node_modules/.pnpm/next@16.0.8_@babel+core@7.28.5_react-dom@19.2.1_react@19.2.1__react@19.2.1/node_modules/next/dist/compiled/next-server/pages-api-turbo.runtime.dev.js:2:4425)
    at async PagesAPIRouteModule.render (/Users/galangkeda/Documents/EPadi/esepasi/node_modules/.pnpm/next@16.0.8_@babel+core@7.28.5_react-dom@19.2.1_react@19.2.1__react@19.2.1/node_modules/next/dist/compiled/next-server/pages-api-turbo.runtime.dev.js:2:5955)
    at async Module.handler (/Users/galangkeda/Documents/EPadi/esepasi/.next/dev/server/chunks/718e3_next_dist_4d75f5da._.js:2935:13)
    at async DevServer.runApi (/Users/galangkeda/Documents/EPadi/esepasi/node_modules/.pnpm/next@16.0.8_@babel+core@7.28.5_react-dom@19.2.1_react@19.2.1__react@19.2.1/node_modules/next/dist/server/next-server.js:750:9)
    at async NextNodeServer.handleCatchallRenderRequest (/Users/galangkeda/Documents/EPadi/esepasi/node_modules/.pnpm/next@16.0.8_@babel+core@7.28.5_react-dom@19.2.1_react@19.2.1__react@19.2.1/node_modules/next/dist/server/next-server.js:391:37)
    at async DevServer.handleRequestImpl (/Users/galangkeda/Documents/EPadi/esepasi/node_modules/.pnpm/next@16.0.8_@babel+core@7.28.5_react-dom@19.2.1_react@19.2.1__react@19.2.1/node_modules/next/dist/server/base-server.js:912:17)
    at async /Users/galangkeda/Documents/EPadi/esepasi/node_modules/.pnpm/next@16.0.8_@babel+core@7.28.5_react-dom@19.2.1_react@19.2.1__react@19.2.1/node_modules/next/dist/server/dev/next-dev-server.js:382:20
    at async Span.traceAsyncFn (/Users/galangkeda/Documents/EPadi/esepasi/node_modules/.pnpm/next@16.0.8_@babel+core@7.28.5_react-dom@19.2.1_react@19.2.1__react@19.2.1/node_modules/next/dist/trace/trace.js:157:20)
    at async DevServer.handleRequest (/Users/galangkeda/Documents/EPadi/esepasi/node_modules/.pnpm/next@16.0.8_@babel+core@7.28.5_react-dom@19.2.1_react@19.2.1__react@19.2.1/node_modules/next/dist/server/dev/next-dev-server.js:378:24)
    at async invokeRender (/Users/galangkeda/Documents/EPadi/esepasi/node_modules/.pnpm/next@16.0.8_@babel+core@7.28.5_react-dom@19.2.1_react@19.2.1__react@19.2.1/node_modules/next/dist/server/lib/router-server.js:240:21)
    at async handleRequest (/Users/galangkeda/Documents/EPadi/esepasi/node_modules/.pnpm/next@16.0.8_@babel+core@7.28.5_react-dom@19.2.1_react@19.2.1__react@19.2.1/node_modules/next/dist/server/lib/router-server.js:436:24)
    at async requestHandlerImpl (/Users/galangkeda/Documents/EPadi/esepasi/node_modules/.pnpm/next@16.0.8_@babel+core@7.28.5_react-dom@19.2.1_react@19.2.1__react@19.2.1/node_modules/next/dist/server/lib/router-server.js:484:13)
    at async Server.requestListener (/Users/galangkeda/Documents/EPadi/esepasi/node_modules/.pnpm/next@16.0.8_@babel+core@7.28.5_react-dom@19.2.1_react@19.2.1__react@19.2.1/node_modules/next/dist/server/lib/start-server.js:226:13)
[2025-12-12 00:43:55.309] [INFO] [dada7302-f9fa-4a3c-b9a1-6e18dad0335a] Response: 401 (83ms)
[2025-12-12 00:45:16.104] [INFO] [b7e5cde5-3f46-4129-809d-7c433fa35519] ====== POST /api/v1/auth/login ======
[2025-12-12 00:45:16.184] [ERROR] [b7e5cde5-3f46-4129-809d-7c433fa35519] Error: Invalid credentials
[2025-12-12 00:45:16.184] [ERROR] [b7e5cde5-3f46-4129-809d-7c433fa35519] UnauthorizedError: Invalid credentials
    at AuthService.login (/Users/galangkeda/Documents/EPadi/esepasi/.next/dev/server/chunks/[root-of-the-server]__ea3472f8._.js:555:19)
    at async /Users/galangkeda/Documents/EPadi/esepasi/.next/dev/server/chunks/[root-of-the-server]__ea3472f8._.js:658:20
    at async /Users/galangkeda/Documents/EPadi/esepasi/.next/dev/server/chunks/[root-of-the-server]__ea3472f8._.js:245:13
    at async apiResolver (/Users/galangkeda/Documents/EPadi/esepasi/node_modules/.pnpm/next@16.0.8_@babel+core@7.28.5_react-dom@19.2.1_react@19.2.1__react@19.2.1/node_modules/next/dist/compiled/next-server/pages-api-turbo.runtime.dev.js:2:4425)
    at async PagesAPIRouteModule.render (/Users/galangkeda/Documents/EPadi/esepasi/node_modules/.pnpm/next@16.0.8_@babel+core@7.28.5_react-dom@19.2.1_react@19.2.1__react@19.2.1/node_modules/next/dist/compiled/next-server/pages-api-turbo.runtime.dev.js:2:5955)
    at async Module.handler (/Users/galangkeda/Documents/EPadi/esepasi/.next/dev/server/chunks/718e3_next_dist_4d75f5da._.js:2935:13)
    at async DevServer.runApi (/Users/galangkeda/Documents/EPadi/esepasi/node_modules/.pnpm/next@16.0.8_@babel+core@7.28.5_react-dom@19.2.1_react@19.2.1__react@19.2.1/node_modules/next/dist/server/next-server.js:750:9)
    at async NextNodeServer.handleCatchallRenderRequest (/Users/galangkeda/Documents/EPadi/esepasi/node_modules/.pnpm/next@16.0.8_@babel+core@7.28.5_react-dom@19.2.1_react@19.2.1__react@19.2.1/node_modules/next/dist/server/next-server.js:391:37)
    at async DevServer.handleRequestImpl (/Users/galangkeda/Documents/EPadi/esepasi/node_modules/.pnpm/next@16.0.8_@babel+core@7.28.5_react-dom@19.2.1_react@19.2.1__react@19.2.1/node_modules/next/dist/server/base-server.js:912:17)
    at async /Users/galangkeda/Documents/EPadi/esepasi/node_modules/.pnpm/next@16.0.8_@babel+core@7.28.5_react-dom@19.2.1_react@19.2.1__react@19.2.1/node_modules/next/dist/server/dev/next-dev-server.js:382:20
    at async Span.traceAsyncFn (/Users/galangkeda/Documents/EPadi/esepasi/node_modules/.pnpm/next@16.0.8_@babel+core@7.28.5_react-dom@19.2.1_react@19.2.1__react@19.2.1/node_modules/next/dist/trace/trace.js:157:20)
    at async DevServer.handleRequest (/Users/galangkeda/Documents/EPadi/esepasi/node_modules/.pnpm/next@16.0.8_@babel+core@7.28.5_react-dom@19.2.1_react@19.2.1__react@19.2.1/node_modules/next/dist/server/dev/next-dev-server.js:378:24)
    at async invokeRender (/Users/galangkeda/Documents/EPadi/esepasi/node_modules/.pnpm/next@16.0.8_@babel+core@7.28.5_react-dom@19.2.1_react@19.2.1__react@19.2.1/node_modules/next/dist/server/lib/router-server.js:240:21)
    at async handleRequest (/Users/galangkeda/Documents/EPadi/esepasi/node_modules/.pnpm/next@16.0.8_@babel+core@7.28.5_react-dom@19.2.1_react@19.2.1__react@19.2.1/node_modules/next/dist/server/lib/router-server.js:436:24)
    at async requestHandlerImpl (/Users/galangkeda/Documents/EPadi/esepasi/node_modules/.pnpm/next@16.0.8_@babel+core@7.28.5_react-dom@19.2.1_react@19.2.1__react@19.2.1/node_modules/next/dist/server/lib/router-server.js:484:13)
    at async Server.requestListener (/Users/galangkeda/Documents/EPadi/esepasi/node_modules/.pnpm/next@16.0.8_@babel+core@7.28.5_react-dom@19.2.1_react@19.2.1__react@19.2.1/node_modules/next/dist/server/lib/start-server.js:226:13)
[2025-12-12 00:45:16.185] [INFO] [b7e5cde5-3f46-4129-809d-7c433fa35519] Response: 401 (81ms)
[2025-12-12 00:45:23.284] [INFO] [1d1088ed-63e1-4d5f-bd03-dadd8c1a4e36] ====== POST /api/v1/auth/login ======
[2025-12-12 00:45:23.359] [ERROR] [1d1088ed-63e1-4d5f-bd03-dadd8c1a4e36] Error: Invalid credentials
[2025-12-12 00:45:23.359] [ERROR] [1d1088ed-63e1-4d5f-bd03-dadd8c1a4e36] UnauthorizedError: Invalid credentials
    at AuthService.login (/Users/galangkeda/Documents/EPadi/esepasi/.next/dev/server/chunks/[root-of-the-server]__ea3472f8._.js:555:19)
    at async /Users/galangkeda/Documents/EPadi/esepasi/.next/dev/server/chunks/[root-of-the-server]__ea3472f8._.js:658:20
    at async /Users/galangkeda/Documents/EPadi/esepasi/.next/dev/server/chunks/[root-of-the-server]__ea3472f8._.js:245:13
    at async apiResolver (/Users/galangkeda/Documents/EPadi/esepasi/node_modules/.pnpm/next@16.0.8_@babel+core@7.28.5_react-dom@19.2.1_react@19.2.1__react@19.2.1/node_modules/next/dist/compiled/next-server/pages-api-turbo.runtime.dev.js:2:4425)
    at async PagesAPIRouteModule.render (/Users/galangkeda/Documents/EPadi/esepasi/node_modules/.pnpm/next@16.0.8_@babel+core@7.28.5_react-dom@19.2.1_react@19.2.1__react@19.2.1/node_modules/next/dist/compiled/next-server/pages-api-turbo.runtime.dev.js:2:5955)
    at async Module.handler (/Users/galangkeda/Documents/EPadi/esepasi/.next/dev/server/chunks/718e3_next_dist_4d75f5da._.js:2935:13)
    at async DevServer.runApi (/Users/galangkeda/Documents/EPadi/esepasi/node_modules/.pnpm/next@16.0.8_@babel+core@7.28.5_react-dom@19.2.1_react@19.2.1__react@19.2.1/node_modules/next/dist/server/next-server.js:750:9)
    at async NextNodeServer.handleCatchallRenderRequest (/Users/galangkeda/Documents/EPadi/esepasi/node_modules/.pnpm/next@16.0.8_@babel+core@7.28.5_react-dom@19.2.1_react@19.2.1__react@19.2.1/node_modules/next/dist/server/next-server.js:391:37)
    at async DevServer.handleRequestImpl (/Users/galangkeda/Documents/EPadi/esepasi/node_modules/.pnpm/next@16.0.8_@babel+core@7.28.5_react-dom@19.2.1_react@19.2.1__react@19.2.1/node_modules/next/dist/server/base-server.js:912:17)
    at async /Users/galangkeda/Documents/EPadi/esepasi/node_modules/.pnpm/next@16.0.8_@babel+core@7.28.5_react-dom@19.2.1_react@19.2.1__react@19.2.1/node_modules/next/dist/server/dev/next-dev-server.js:382:20
    at async Span.traceAsyncFn (/Users/galangkeda/Documents/EPadi/esepasi/node_modules/.pnpm/next@16.0.8_@babel+core@7.28.5_react-dom@19.2.1_react@19.2.1__react@19.2.1/node_modules/next/dist/trace/trace.js:157:20)
    at async DevServer.handleRequest (/Users/galangkeda/Documents/EPadi/esepasi/node_modules/.pnpm/next@16.0.8_@babel+core@7.28.5_react-dom@19.2.1_react@19.2.1__react@19.2.1/node_modules/next/dist/server/dev/next-dev-server.js:378:24)
    at async invokeRender (/Users/galangkeda/Documents/EPadi/esepasi/node_modules/.pnpm/next@16.0.8_@babel+core@7.28.5_react-dom@19.2.1_react@19.2.1__react@19.2.1/node_modules/next/dist/server/lib/router-server.js:240:21)
    at async handleRequest (/Users/galangkeda/Documents/EPadi/esepasi/node_modules/.pnpm/next@16.0.8_@babel+core@7.28.5_react-dom@19.2.1_react@19.2.1__react@19.2.1/node_modules/next/dist/server/lib/router-server.js:436:24)
    at async requestHandlerImpl (/Users/galangkeda/Documents/EPadi/esepasi/node_modules/.pnpm/next@16.0.8_@babel+core@7.28.5_react-dom@19.2.1_react@19.2.1__react@19.2.1/node_modules/next/dist/server/lib/router-server.js:484:13)
    at async Server.requestListener (/Users/galangkeda/Documents/EPadi/esepasi/node_modules/.pnpm/next@16.0.8_@babel+core@7.28.5_react-dom@19.2.1_react@19.2.1__react@19.2.1/node_modules/next/dist/server/lib/start-server.js:226:13)
[2025-12-12 00:45:23.359] [INFO] [1d1088ed-63e1-4d5f-bd03-dadd8c1a4e36] Response: 401 (75ms)
[2025-12-12 00:46:06.097] [INFO] [04aceffc-8b91-434e-ad1a-8bbdff7359c4] ====== POST /api/v1/auth/login ======
[2025-12-12 00:46:06.173] [ERROR] [04aceffc-8b91-434e-ad1a-8bbdff7359c4] Error: Invalid credentials
[2025-12-12 00:46:06.173] [ERROR] [04aceffc-8b91-434e-ad1a-8bbdff7359c4] UnauthorizedError: Invalid credentials
    at AuthService.login (/Users/galangkeda/Documents/EPadi/esepasi/.next/dev/server/chunks/[root-of-the-server]__ea3472f8._.js:555:19)
    at async /Users/galangkeda/Documents/EPadi/esepasi/.next/dev/server/chunks/[root-of-the-server]__ea3472f8._.js:658:20
    at async /Users/galangkeda/Documents/EPadi/esepasi/.next/dev/server/chunks/[root-of-the-server]__ea3472f8._.js:245:13
    at async apiResolver (/Users/galangkeda/Documents/EPadi/esepasi/node_modules/.pnpm/next@16.0.8_@babel+core@7.28.5_react-dom@19.2.1_react@19.2.1__react@19.2.1/node_modules/next/dist/compiled/next-server/pages-api-turbo.runtime.dev.js:2:4425)
    at async PagesAPIRouteModule.render (/Users/galangkeda/Documents/EPadi/esepasi/node_modules/.pnpm/next@16.0.8_@babel+core@7.28.5_react-dom@19.2.1_react@19.2.1__react@19.2.1/node_modules/next/dist/compiled/next-server/pages-api-turbo.runtime.dev.js:2:5955)
    at async Module.handler (/Users/galangkeda/Documents/EPadi/esepasi/.next/dev/server/chunks/718e3_next_dist_4d75f5da._.js:2935:13)
    at async DevServer.runApi (/Users/galangkeda/Documents/EPadi/esepasi/node_modules/.pnpm/next@16.0.8_@babel+core@7.28.5_react-dom@19.2.1_react@19.2.1__react@19.2.1/node_modules/next/dist/server/next-server.js:750:9)
    at async NextNodeServer.handleCatchallRenderRequest (/Users/galangkeda/Documents/EPadi/esepasi/node_modules/.pnpm/next@16.0.8_@babel+core@7.28.5_react-dom@19.2.1_react@19.2.1__react@19.2.1/node_modules/next/dist/server/next-server.js:391:37)
    at async DevServer.handleRequestImpl (/Users/galangkeda/Documents/EPadi/esepasi/node_modules/.pnpm/next@16.0.8_@babel+core@7.28.5_react-dom@19.2.1_react@19.2.1__react@19.2.1/node_modules/next/dist/server/base-server.js:912:17)
    at async /Users/galangkeda/Documents/EPadi/esepasi/node_modules/.pnpm/next@16.0.8_@babel+core@7.28.5_react-dom@19.2.1_react@19.2.1__react@19.2.1/node_modules/next/dist/server/dev/next-dev-server.js:382:20
    at async Span.traceAsyncFn (/Users/galangkeda/Documents/EPadi/esepasi/node_modules/.pnpm/next@16.0.8_@babel+core@7.28.5_react-dom@19.2.1_react@19.2.1__react@19.2.1/node_modules/next/dist/trace/trace.js:157:20)
    at async DevServer.handleRequest (/Users/galangkeda/Documents/EPadi/esepasi/node_modules/.pnpm/next@16.0.8_@babel+core@7.28.5_react-dom@19.2.1_react@19.2.1__react@19.2.1/node_modules/next/dist/server/dev/next-dev-server.js:378:24)
    at async invokeRender (/Users/galangkeda/Documents/EPadi/esepasi/node_modules/.pnpm/next@16.0.8_@babel+core@7.28.5_react-dom@19.2.1_react@19.2.1__react@19.2.1/node_modules/next/dist/server/lib/router-server.js:240:21)
    at async handleRequest (/Users/galangkeda/Documents/EPadi/esepasi/node_modules/.pnpm/next@16.0.8_@babel+core@7.28.5_react-dom@19.2.1_react@19.2.1__react@19.2.1/node_modules/next/dist/server/lib/router-server.js:436:24)
    at async requestHandlerImpl (/Users/galangkeda/Documents/EPadi/esepasi/node_modules/.pnpm/next@16.0.8_@babel+core@7.28.5_react-dom@19.2.1_react@19.2.1__react@19.2.1/node_modules/next/dist/server/lib/router-server.js:484:13)
    at async Server.requestListener (/Users/galangkeda/Documents/EPadi/esepasi/node_modules/.pnpm/next@16.0.8_@babel+core@7.28.5_react-dom@19.2.1_react@19.2.1__react@19.2.1/node_modules/next/dist/server/lib/start-server.js:226:13)
[2025-12-12 00:46:06.173] [INFO] [04aceffc-8b91-434e-ad1a-8bbdff7359c4] Response: 401 (77ms)
[2025-12-12 00:46:13.558] [INFO] [70aad9cb-ed51-422a-92b5-1387a4c76a75] ====== POST /api/v1/auth/login ======
[2025-12-12 00:46:13.628] [ERROR] [70aad9cb-ed51-422a-92b5-1387a4c76a75] Error: Invalid credentials
[2025-12-12 00:46:13.628] [ERROR] [70aad9cb-ed51-422a-92b5-1387a4c76a75] UnauthorizedError: Invalid credentials
    at AuthService.login (/Users/galangkeda/Documents/EPadi/esepasi/.next/dev/server/chunks/[root-of-the-server]__ea3472f8._.js:555:19)
    at async /Users/galangkeda/Documents/EPadi/esepasi/.next/dev/server/chunks/[root-of-the-server]__ea3472f8._.js:658:20
    at async /Users/galangkeda/Documents/EPadi/esepasi/.next/dev/server/chunks/[root-of-the-server]__ea3472f8._.js:245:13
    at async apiResolver (/Users/galangkeda/Documents/EPadi/esepasi/node_modules/.pnpm/next@16.0.8_@babel+core@7.28.5_react-dom@19.2.1_react@19.2.1__react@19.2.1/node_modules/next/dist/compiled/next-server/pages-api-turbo.runtime.dev.js:2:4425)
    at async PagesAPIRouteModule.render (/Users/galangkeda/Documents/EPadi/esepasi/node_modules/.pnpm/next@16.0.8_@babel+core@7.28.5_react-dom@19.2.1_react@19.2.1__react@19.2.1/node_modules/next/dist/compiled/next-server/pages-api-turbo.runtime.dev.js:2:5955)
    at async Module.handler (/Users/galangkeda/Documents/EPadi/esepasi/.next/dev/server/chunks/718e3_next_dist_4d75f5da._.js:2935:13)
    at async DevServer.runApi (/Users/galangkeda/Documents/EPadi/esepasi/node_modules/.pnpm/next@16.0.8_@babel+core@7.28.5_react-dom@19.2.1_react@19.2.1__react@19.2.1/node_modules/next/dist/server/next-server.js:750:9)
    at async NextNodeServer.handleCatchallRenderRequest (/Users/galangkeda/Documents/EPadi/esepasi/node_modules/.pnpm/next@16.0.8_@babel+core@7.28.5_react-dom@19.2.1_react@19.2.1__react@19.2.1/node_modules/next/dist/server/next-server.js:391:37)
    at async DevServer.handleRequestImpl (/Users/galangkeda/Documents/EPadi/esepasi/node_modules/.pnpm/next@16.0.8_@babel+core@7.28.5_react-dom@19.2.1_react@19.2.1__react@19.2.1/node_modules/next/dist/server/base-server.js:912:17)
    at async /Users/galangkeda/Documents/EPadi/esepasi/node_modules/.pnpm/next@16.0.8_@babel+core@7.28.5_react-dom@19.2.1_react@19.2.1__react@19.2.1/node_modules/next/dist/server/dev/next-dev-server.js:382:20
    at async Span.traceAsyncFn (/Users/galangkeda/Documents/EPadi/esepasi/node_modules/.pnpm/next@16.0.8_@babel+core@7.28.5_react-dom@19.2.1_react@19.2.1__react@19.2.1/node_modules/next/dist/trace/trace.js:157:20)
    at async DevServer.handleRequest (/Users/galangkeda/Documents/EPadi/esepasi/node_modules/.pnpm/next@16.0.8_@babel+core@7.28.5_react-dom@19.2.1_react@19.2.1__react@19.2.1/node_modules/next/dist/server/dev/next-dev-server.js:378:24)
    at async invokeRender (/Users/galangkeda/Documents/EPadi/esepasi/node_modules/.pnpm/next@16.0.8_@babel+core@7.28.5_react-dom@19.2.1_react@19.2.1__react@19.2.1/node_modules/next/dist/server/lib/router-server.js:240:21)
    at async handleRequest (/Users/galangkeda/Documents/EPadi/esepasi/node_modules/.pnpm/next@16.0.8_@babel+core@7.28.5_react-dom@19.2.1_react@19.2.1__react@19.2.1/node_modules/next/dist/server/lib/router-server.js:436:24)
    at async requestHandlerImpl (/Users/galangkeda/Documents/EPadi/esepasi/node_modules/.pnpm/next@16.0.8_@babel+core@7.28.5_react-dom@19.2.1_react@19.2.1__react@19.2.1/node_modules/next/dist/server/lib/router-server.js:484:13)
    at async Server.requestListener (/Users/galangkeda/Documents/EPadi/esepasi/node_modules/.pnpm/next@16.0.8_@babel+core@7.28.5_react-dom@19.2.1_react@19.2.1__react@19.2.1/node_modules/next/dist/server/lib/start-server.js:226:13)
[2025-12-12 00:46:13.629] [INFO] [70aad9cb-ed51-422a-92b5-1387a4c76a75] Response: 401 (70ms)
[2025-12-12 00:46:23.351] [INFO] [9512a004-a3f5-42de-ac44-ca15ab1e01a2] ====== POST /api/v1/auth/login ======
[2025-12-12 00:46:23.352] [ERROR] [9512a004-a3f5-42de-ac44-ca15ab1e01a2] Error: Invalid credentials
[2025-12-12 00:46:23.352] [ERROR] [9512a004-a3f5-42de-ac44-ca15ab1e01a2] UnauthorizedError: Invalid credentials
    at AuthService.login (/Users/galangkeda/Documents/EPadi/esepasi/.next/dev/server/chunks/[root-of-the-server]__ea3472f8._.js:546:19)
    at process.processTicksAndRejections (node:internal/process/task_queues:105:5)
    at async /Users/galangkeda/Documents/EPadi/esepasi/.next/dev/server/chunks/[root-of-the-server]__ea3472f8._.js:658:20
    at async /Users/galangkeda/Documents/EPadi/esepasi/.next/dev/server/chunks/[root-of-the-server]__ea3472f8._.js:245:13
    at async apiResolver (/Users/galangkeda/Documents/EPadi/esepasi/node_modules/.pnpm/next@16.0.8_@babel+core@7.28.5_react-dom@19.2.1_react@19.2.1__react@19.2.1/node_modules/next/dist/compiled/next-server/pages-api-turbo.runtime.dev.js:2:4425)
    at async PagesAPIRouteModule.render (/Users/galangkeda/Documents/EPadi/esepasi/node_modules/.pnpm/next@16.0.8_@babel+core@7.28.5_react-dom@19.2.1_react@19.2.1__react@19.2.1/node_modules/next/dist/compiled/next-server/pages-api-turbo.runtime.dev.js:2:5955)
    at async Module.handler (/Users/galangkeda/Documents/EPadi/esepasi/.next/dev/server/chunks/718e3_next_dist_4d75f5da._.js:2935:13)
    at async DevServer.runApi (/Users/galangkeda/Documents/EPadi/esepasi/node_modules/.pnpm/next@16.0.8_@babel+core@7.28.5_react-dom@19.2.1_react@19.2.1__react@19.2.1/node_modules/next/dist/server/next-server.js:750:9)
    at async NextNodeServer.handleCatchallRenderRequest (/Users/galangkeda/Documents/EPadi/esepasi/node_modules/.pnpm/next@16.0.8_@babel+core@7.28.5_react-dom@19.2.1_react@19.2.1__react@19.2.1/node_modules/next/dist/server/next-server.js:391:37)
    at async DevServer.handleRequestImpl (/Users/galangkeda/Documents/EPadi/esepasi/node_modules/.pnpm/next@16.0.8_@babel+core@7.28.5_react-dom@19.2.1_react@19.2.1__react@19.2.1/node_modules/next/dist/server/base-server.js:912:17)
    at async /Users/galangkeda/Documents/EPadi/esepasi/node_modules/.pnpm/next@16.0.8_@babel+core@7.28.5_react-dom@19.2.1_react@19.2.1__react@19.2.1/node_modules/next/dist/server/dev/next-dev-server.js:382:20
    at async Span.traceAsyncFn (/Users/galangkeda/Documents/EPadi/esepasi/node_modules/.pnpm/next@16.0.8_@babel+core@7.28.5_react-dom@19.2.1_react@19.2.1__react@19.2.1/node_modules/next/dist/trace/trace.js:157:20)
    at async DevServer.handleRequest (/Users/galangkeda/Documents/EPadi/esepasi/node_modules/.pnpm/next@16.0.8_@babel+core@7.28.5_react-dom@19.2.1_react@19.2.1__react@19.2.1/node_modules/next/dist/server/dev/next-dev-server.js:378:24)
    at async invokeRender (/Users/galangkeda/Documents/EPadi/esepasi/node_modules/.pnpm/next@16.0.8_@babel+core@7.28.5_react-dom@19.2.1_react@19.2.1__react@19.2.1/node_modules/next/dist/server/lib/router-server.js:240:21)
    at async handleRequest (/Users/galangkeda/Documents/EPadi/esepasi/node_modules/.pnpm/next@16.0.8_@babel+core@7.28.5_react-dom@19.2.1_react@19.2.1__react@19.2.1/node_modules/next/dist/server/lib/router-server.js:436:24)
    at async requestHandlerImpl (/Users/galangkeda/Documents/EPadi/esepasi/node_modules/.pnpm/next@16.0.8_@babel+core@7.28.5_react-dom@19.2.1_react@19.2.1__react@19.2.1/node_modules/next/dist/server/lib/router-server.js:484:13)
    at async Server.requestListener (/Users/galangkeda/Documents/EPadi/esepasi/node_modules/.pnpm/next@16.0.8_@babel+core@7.28.5_react-dom@19.2.1_react@19.2.1__react@19.2.1/node_modules/next/dist/server/lib/start-server.js:226:13)
[2025-12-12 00:46:23.353] [INFO] [9512a004-a3f5-42de-ac44-ca15ab1e01a2] Response: 401 (2ms)
[2025-12-12 00:46:37.404] [INFO] [d8c07db2-3c4a-4338-981c-f18a70801773] ====== POST /api/v1/auth/login ======
[2025-12-12 00:46:37.411] [ERROR] [d8c07db2-3c4a-4338-981c-f18a70801773] Error: Invalid credentials
[2025-12-12 00:46:37.412] [ERROR] [d8c07db2-3c4a-4338-981c-f18a70801773] UnauthorizedError: Invalid credentials
    at AuthService.login (/Users/galangkeda/Documents/EPadi/esepasi/.next/dev/server/chunks/[root-of-the-server]__ea3472f8._.js:546:19)
    at process.processTicksAndRejections (node:internal/process/task_queues:105:5)
    at async /Users/galangkeda/Documents/EPadi/esepasi/.next/dev/server/chunks/[root-of-the-server]__ea3472f8._.js:658:20
    at async /Users/galangkeda/Documents/EPadi/esepasi/.next/dev/server/chunks/[root-of-the-server]__ea3472f8._.js:245:13
    at async apiResolver (/Users/galangkeda/Documents/EPadi/esepasi/node_modules/.pnpm/next@16.0.8_@babel+core@7.28.5_react-dom@19.2.1_react@19.2.1__react@19.2.1/node_modules/next/dist/compiled/next-server/pages-api-turbo.runtime.dev.js:2:4425)
    at async PagesAPIRouteModule.render (/Users/galangkeda/Documents/EPadi/esepasi/node_modules/.pnpm/next@16.0.8_@babel+core@7.28.5_react-dom@19.2.1_react@19.2.1__react@19.2.1/node_modules/next/dist/compiled/next-server/pages-api-turbo.runtime.dev.js:2:5955)
    at async Module.handler (/Users/galangkeda/Documents/EPadi/esepasi/.next/dev/server/chunks/718e3_next_dist_4d75f5da._.js:2935:13)
    at async DevServer.runApi (/Users/galangkeda/Documents/EPadi/esepasi/node_modules/.pnpm/next@16.0.8_@babel+core@7.28.5_react-dom@19.2.1_react@19.2.1__react@19.2.1/node_modules/next/dist/server/next-server.js:750:9)
    at async NextNodeServer.handleCatchallRenderRequest (/Users/galangkeda/Documents/EPadi/esepasi/node_modules/.pnpm/next@16.0.8_@babel+core@7.28.5_react-dom@19.2.1_react@19.2.1__react@19.2.1/node_modules/next/dist/server/next-server.js:391:37)
    at async DevServer.handleRequestImpl (/Users/galangkeda/Documents/EPadi/esepasi/node_modules/.pnpm/next@16.0.8_@babel+core@7.28.5_react-dom@19.2.1_react@19.2.1__react@19.2.1/node_modules/next/dist/server/base-server.js:912:17)
    at async /Users/galangkeda/Documents/EPadi/esepasi/node_modules/.pnpm/next@16.0.8_@babel+core@7.28.5_react-dom@19.2.1_react@19.2.1__react@19.2.1/node_modules/next/dist/server/dev/next-dev-server.js:382:20
    at async Span.traceAsyncFn (/Users/galangkeda/Documents/EPadi/esepasi/node_modules/.pnpm/next@16.0.8_@babel+core@7.28.5_react-dom@19.2.1_react@19.2.1__react@19.2.1/node_modules/next/dist/trace/trace.js:157:20)
    at async DevServer.handleRequest (/Users/galangkeda/Documents/EPadi/esepasi/node_modules/.pnpm/next@16.0.8_@babel+core@7.28.5_react-dom@19.2.1_react@19.2.1__react@19.2.1/node_modules/next/dist/server/dev/next-dev-server.js:378:24)
    at async invokeRender (/Users/galangkeda/Documents/EPadi/esepasi/node_modules/.pnpm/next@16.0.8_@babel+core@7.28.5_react-dom@19.2.1_react@19.2.1__react@19.2.1/node_modules/next/dist/server/lib/router-server.js:240:21)
    at async handleRequest (/Users/galangkeda/Documents/EPadi/esepasi/node_modules/.pnpm/next@16.0.8_@babel+core@7.28.5_react-dom@19.2.1_react@19.2.1__react@19.2.1/node_modules/next/dist/server/lib/router-server.js:436:24)
    at async requestHandlerImpl (/Users/galangkeda/Documents/EPadi/esepasi/node_modules/.pnpm/next@16.0.8_@babel+core@7.28.5_react-dom@19.2.1_react@19.2.1__react@19.2.1/node_modules/next/dist/server/lib/router-server.js:484:13)
    at async Server.requestListener (/Users/galangkeda/Documents/EPadi/esepasi/node_modules/.pnpm/next@16.0.8_@babel+core@7.28.5_react-dom@19.2.1_react@19.2.1__react@19.2.1/node_modules/next/dist/server/lib/start-server.js:226:13)
[2025-12-12 00:46:37.412] [INFO] [d8c07db2-3c4a-4338-981c-f18a70801773] Response: 401 (7ms)
[2025-12-12 00:46:39.263] [INFO] [f6a7f174-7932-46a9-bef4-cdaed984db75] ====== POST /api/v1/auth/login ======
[2025-12-12 00:46:39.264] [ERROR] [f6a7f174-7932-46a9-bef4-cdaed984db75] Error: Invalid credentials
[2025-12-12 00:46:39.265] [ERROR] [f6a7f174-7932-46a9-bef4-cdaed984db75] UnauthorizedError: Invalid credentials
    at AuthService.login (/Users/galangkeda/Documents/EPadi/esepasi/.next/dev/server/chunks/[root-of-the-server]__ea3472f8._.js:546:19)
    at process.processTicksAndRejections (node:internal/process/task_queues:105:5)
    at async /Users/galangkeda/Documents/EPadi/esepasi/.next/dev/server/chunks/[root-of-the-server]__ea3472f8._.js:658:20
    at async /Users/galangkeda/Documents/EPadi/esepasi/.next/dev/server/chunks/[root-of-the-server]__ea3472f8._.js:245:13
    at async apiResolver (/Users/galangkeda/Documents/EPadi/esepasi/node_modules/.pnpm/next@16.0.8_@babel+core@7.28.5_react-dom@19.2.1_react@19.2.1__react@19.2.1/node_modules/next/dist/compiled/next-server/pages-api-turbo.runtime.dev.js:2:4425)
    at async PagesAPIRouteModule.render (/Users/galangkeda/Documents/EPadi/esepasi/node_modules/.pnpm/next@16.0.8_@babel+core@7.28.5_react-dom@19.2.1_react@19.2.1__react@19.2.1/node_modules/next/dist/compiled/next-server/pages-api-turbo.runtime.dev.js:2:5955)
    at async Module.handler (/Users/galangkeda/Documents/EPadi/esepasi/.next/dev/server/chunks/718e3_next_dist_4d75f5da._.js:2935:13)
    at async DevServer.runApi (/Users/galangkeda/Documents/EPadi/esepasi/node_modules/.pnpm/next@16.0.8_@babel+core@7.28.5_react-dom@19.2.1_react@19.2.1__react@19.2.1/node_modules/next/dist/server/next-server.js:750:9)
    at async NextNodeServer.handleCatchallRenderRequest (/Users/galangkeda/Documents/EPadi/esepasi/node_modules/.pnpm/next@16.0.8_@babel+core@7.28.5_react-dom@19.2.1_react@19.2.1__react@19.2.1/node_modules/next/dist/server/next-server.js:391:37)
    at async DevServer.handleRequestImpl (/Users/galangkeda/Documents/EPadi/esepasi/node_modules/.pnpm/next@16.0.8_@babel+core@7.28.5_react-dom@19.2.1_react@19.2.1__react@19.2.1/node_modules/next/dist/server/base-server.js:912:17)
    at async /Users/galangkeda/Documents/EPadi/esepasi/node_modules/.pnpm/next@16.0.8_@babel+core@7.28.5_react-dom@19.2.1_react@19.2.1__react@19.2.1/node_modules/next/dist/server/dev/next-dev-server.js:382:20
    at async Span.traceAsyncFn (/Users/galangkeda/Documents/EPadi/esepasi/node_modules/.pnpm/next@16.0.8_@babel+core@7.28.5_react-dom@19.2.1_react@19.2.1__react@19.2.1/node_modules/next/dist/trace/trace.js:157:20)
    at async DevServer.handleRequest (/Users/galangkeda/Documents/EPadi/esepasi/node_modules/.pnpm/next@16.0.8_@babel+core@7.28.5_react-dom@19.2.1_react@19.2.1__react@19.2.1/node_modules/next/dist/server/dev/next-dev-server.js:378:24)
    at async invokeRender (/Users/galangkeda/Documents/EPadi/esepasi/node_modules/.pnpm/next@16.0.8_@babel+core@7.28.5_react-dom@19.2.1_react@19.2.1__react@19.2.1/node_modules/next/dist/server/lib/router-server.js:240:21)
    at async handleRequest (/Users/galangkeda/Documents/EPadi/esepasi/node_modules/.pnpm/next@16.0.8_@babel+core@7.28.5_react-dom@19.2.1_react@19.2.1__react@19.2.1/node_modules/next/dist/server/lib/router-server.js:436:24)
    at async requestHandlerImpl (/Users/galangkeda/Documents/EPadi/esepasi/node_modules/.pnpm/next@16.0.8_@babel+core@7.28.5_react-dom@19.2.1_react@19.2.1__react@19.2.1/node_modules/next/dist/server/lib/router-server.js:484:13)
    at async Server.requestListener (/Users/galangkeda/Documents/EPadi/esepasi/node_modules/.pnpm/next@16.0.8_@babel+core@7.28.5_react-dom@19.2.1_react@19.2.1__react@19.2.1/node_modules/next/dist/server/lib/start-server.js:226:13)
[2025-12-12 00:46:39.265] [INFO] [f6a7f174-7932-46a9-bef4-cdaed984db75] Response: 401 (1ms)
[2025-12-12 00:54:18.485] [INFO] [16e6311d-e888-4187-a0be-9ad7bb276028] ====== POST /api/v1/auth/register ======
[2025-12-12 00:54:18.596] [INFO] [16e6311d-e888-4187-a0be-9ad7bb276028] Response: 201 (111ms)
[2025-12-12 00:54:33.602] [INFO] [2ee42504-ab2b-4f4b-9bf8-da917044de5f] ====== POST /api/v1/school/register ======
[2025-12-12 00:54:33.625] [INFO] [2ee42504-ab2b-4f4b-9bf8-da917044de5f] Response: 201 (23ms)
[2025-12-12 19:47:19.157] [INFO] [f2a60257-4a3e-465d-9f98-af4f2ea43708] ====== POST /api/v1/auth/register ======
[2025-12-12 19:47:19.159] [ERROR] [f2a60257-4a3e-465d-9f98-af4f2ea43708] Error: Password must be at least 8 characters
[2025-12-12 19:47:19.159] [ERROR] [f2a60257-4a3e-465d-9f98-af4f2ea43708] ValidationError: Password must be at least 8 characters
    at validateRequest (/Users/galangkeda/Documents/EPadi/esepasi/.next/dev/server/chunks/[root-of-the-server]__0af7023d._.js:328:15)
    at /Users/galangkeda/Documents/EPadi/esepasi/.next/dev/server/chunks/[root-of-the-server]__0af7023d._.js:656:166
    at /Users/galangkeda/Documents/EPadi/esepasi/.next/dev/server/chunks/[root-of-the-server]__0af7023d._.js:245:19
    at apiResolver (/Users/galangkeda/Documents/EPadi/esepasi/node_modules/.pnpm/next@16.0.8_@babel+core@7.28.5_react-dom@19.2.1_react@19.2.1__react@19.2.1/node_modules/next/dist/compiled/next-server/pages-api-turbo.runtime.dev.js:2:4431)
    at process.processTicksAndRejections (node:internal/process/task_queues:105:5)
    at async PagesAPIRouteModule.render (/Users/galangkeda/Documents/EPadi/esepasi/node_modules/.pnpm/next@16.0.8_@babel+core@7.28.5_react-dom@19.2.1_react@19.2.1__react@19.2.1/node_modules/next/dist/compiled/next-server/pages-api-turbo.runtime.dev.js:2:5955)
    at async Module.handler (/Users/galangkeda/Documents/EPadi/esepasi/.next/dev/server/chunks/718e3_next_dist_91bdf8df._.js:2935:13)
    at async DevServer.runApi (/Users/galangkeda/Documents/EPadi/esepasi/node_modules/.pnpm/next@16.0.8_@babel+core@7.28.5_react-dom@19.2.1_react@19.2.1__react@19.2.1/node_modules/next/dist/server/next-server.js:750:9)
    at async NextNodeServer.handleCatchallRenderRequest (/Users/galangkeda/Documents/EPadi/esepasi/node_modules/.pnpm/next@16.0.8_@babel+core@7.28.5_react-dom@19.2.1_react@19.2.1__react@19.2.1/node_modules/next/dist/server/next-server.js:391:37)
    at async DevServer.handleRequestImpl (/Users/galangkeda/Documents/EPadi/esepasi/node_modules/.pnpm/next@16.0.8_@babel+core@7.28.5_react-dom@19.2.1_react@19.2.1__react@19.2.1/node_modules/next/dist/server/base-server.js:912:17)
    at async /Users/galangkeda/Documents/EPadi/esepasi/node_modules/.pnpm/next@16.0.8_@babel+core@7.28.5_react-dom@19.2.1_react@19.2.1__react@19.2.1/node_modules/next/dist/server/dev/next-dev-server.js:382:20
    at async Span.traceAsyncFn (/Users/galangkeda/Documents/EPadi/esepasi/node_modules/.pnpm/next@16.0.8_@babel+core@7.28.5_react-dom@19.2.1_react@19.2.1__react@19.2.1/node_modules/next/dist/trace/trace.js:157:20)
    at async DevServer.handleRequest (/Users/galangkeda/Documents/EPadi/esepasi/node_modules/.pnpm/next@16.0.8_@babel+core@7.28.5_react-dom@19.2.1_react@19.2.1__react@19.2.1/node_modules/next/dist/server/dev/next-dev-server.js:378:24)
    at async invokeRender (/Users/galangkeda/Documents/EPadi/esepasi/node_modules/.pnpm/next@16.0.8_@babel+core@7.28.5_react-dom@19.2.1_react@19.2.1__react@19.2.1/node_modules/next/dist/server/lib/router-server.js:240:21)
    at async handleRequest (/Users/galangkeda/Documents/EPadi/esepasi/node_modules/.pnpm/next@16.0.8_@babel+core@7.28.5_react-dom@19.2.1_react@19.2.1__react@19.2.1/node_modules/next/dist/server/lib/router-server.js:436:24)
    at async requestHandlerImpl (/Users/galangkeda/Documents/EPadi/esepasi/node_modules/.pnpm/next@16.0.8_@babel+core@7.28.5_react-dom@19.2.1_react@19.2.1__react@19.2.1/node_modules/next/dist/server/lib/router-server.js:484:13)
    at async Server.requestListener (/Users/galangkeda/Documents/EPadi/esepasi/node_modules/.pnpm/next@16.0.8_@babel+core@7.28.5_react-dom@19.2.1_react@19.2.1__react@19.2.1/node_modules/next/dist/server/lib/start-server.js:226:13)
[2025-12-12 19:47:19.160] [INFO] [f2a60257-4a3e-465d-9f98-af4f2ea43708] Response: 400 (2ms)
[2025-12-12 19:47:22.190] [INFO] [16c93752-8f6e-4a2e-afea-fa43651e0e17] ====== POST /api/v1/auth/register ======
[2025-12-12 19:47:22.302] [INFO] [16c93752-8f6e-4a2e-afea-fa43651e0e17] Response: 201 (112ms)
[2025-12-12 19:47:33.503] [INFO] [ba395dbb-06a0-423f-87c2-690d5d4e831e] ====== POST /api/v1/auth/register ======
[2025-12-12 19:47:33.513] [ERROR] [ba395dbb-06a0-423f-87c2-690d5d4e831e] Error: Email already registered
[2025-12-12 19:47:33.513] [ERROR] [ba395dbb-06a0-423f-87c2-690d5d4e831e] ConflictError: Email already registered
    at AuthService.register (/Users/galangkeda/Documents/EPadi/esepasi/.next/dev/server/chunks/[root-of-the-server]__0af7023d._.js:495:19)
    at process.processTicksAndRejections (node:internal/process/task_queues:105:5)
    at async /Users/galangkeda/Documents/EPadi/esepasi/.next/dev/server/chunks/[root-of-the-server]__0af7023d._.js:658:20
    at async /Users/galangkeda/Documents/EPadi/esepasi/.next/dev/server/chunks/[root-of-the-server]__0af7023d._.js:245:13
    at async apiResolver (/Users/galangkeda/Documents/EPadi/esepasi/node_modules/.pnpm/next@16.0.8_@babel+core@7.28.5_react-dom@19.2.1_react@19.2.1__react@19.2.1/node_modules/next/dist/compiled/next-server/pages-api-turbo.runtime.dev.js:2:4425)
    at async PagesAPIRouteModule.render (/Users/galangkeda/Documents/EPadi/esepasi/node_modules/.pnpm/next@16.0.8_@babel+core@7.28.5_react-dom@19.2.1_react@19.2.1__react@19.2.1/node_modules/next/dist/compiled/next-server/pages-api-turbo.runtime.dev.js:2:5955)
    at async Module.handler (/Users/galangkeda/Documents/EPadi/esepasi/.next/dev/server/chunks/718e3_next_dist_91bdf8df._.js:2935:13)
    at async DevServer.runApi (/Users/galangkeda/Documents/EPadi/esepasi/node_modules/.pnpm/next@16.0.8_@babel+core@7.28.5_react-dom@19.2.1_react@19.2.1__react@19.2.1/node_modules/next/dist/server/next-server.js:750:9)
    at async NextNodeServer.handleCatchallRenderRequest (/Users/galangkeda/Documents/EPadi/esepasi/node_modules/.pnpm/next@16.0.8_@babel+core@7.28.5_react-dom@19.2.1_react@19.2.1__react@19.2.1/node_modules/next/dist/server/next-server.js:391:37)
    at async DevServer.handleRequestImpl (/Users/galangkeda/Documents/EPadi/esepasi/node_modules/.pnpm/next@16.0.8_@babel+core@7.28.5_react-dom@19.2.1_react@19.2.1__react@19.2.1/node_modules/next/dist/server/base-server.js:912:17)
    at async /Users/galangkeda/Documents/EPadi/esepasi/node_modules/.pnpm/next@16.0.8_@babel+core@7.28.5_react-dom@19.2.1_react@19.2.1__react@19.2.1/node_modules/next/dist/server/dev/next-dev-server.js:382:20
    at async Span.traceAsyncFn (/Users/galangkeda/Documents/EPadi/esepasi/node_modules/.pnpm/next@16.0.8_@babel+core@7.28.5_react-dom@19.2.1_react@19.2.1__react@19.2.1/node_modules/next/dist/trace/trace.js:157:20)
    at async DevServer.handleRequest (/Users/galangkeda/Documents/EPadi/esepasi/node_modules/.pnpm/next@16.0.8_@babel+core@7.28.5_react-dom@19.2.1_react@19.2.1__react@19.2.1/node_modules/next/dist/server/dev/next-dev-server.js:378:24)
    at async invokeRender (/Users/galangkeda/Documents/EPadi/esepasi/node_modules/.pnpm/next@16.0.8_@babel+core@7.28.5_react-dom@19.2.1_react@19.2.1__react@19.2.1/node_modules/next/dist/server/lib/router-server.js:240:21)
    at async handleRequest (/Users/galangkeda/Documents/EPadi/esepasi/node_modules/.pnpm/next@16.0.8_@babel+core@7.28.5_react-dom@19.2.1_react@19.2.1__react@19.2.1/node_modules/next/dist/server/lib/router-server.js:436:24)
    at async requestHandlerImpl (/Users/galangkeda/Documents/EPadi/esepasi/node_modules/.pnpm/next@16.0.8_@babel+core@7.28.5_react-dom@19.2.1_react@19.2.1__react@19.2.1/node_modules/next/dist/server/lib/router-server.js:484:13)
    at async Server.requestListener (/Users/galangkeda/Documents/EPadi/esepasi/node_modules/.pnpm/next@16.0.8_@babel+core@7.28.5_react-dom@19.2.1_react@19.2.1__react@19.2.1/node_modules/next/dist/server/lib/start-server.js:226:13)
[2025-12-12 19:47:33.514] [INFO] [ba395dbb-06a0-423f-87c2-690d5d4e831e] Response: 409 (10ms)
[2025-12-12 19:47:41.485] [INFO] [7b1fb711-3bcf-47fd-ba9f-f00f06bae11d] ====== POST /api/v1/auth/login ======
[2025-12-12 19:47:41.543] [INFO] [7b1fb711-3bcf-47fd-ba9f-f00f06bae11d] Response: 200 (58ms)
[2025-12-12 19:48:40.544] [INFO] [e5a93654-59be-48a0-99ae-60a0bb063023] ====== POST /api/v1/school/register ======
[2025-12-12 19:48:40.594] [INFO] [e5a93654-59be-48a0-99ae-60a0bb063023] Response: 201 (50ms)
[2025-12-13 06:08:44.634] [INFO] [bedd6975-9290-4da3-aebb-c7d9e3344688] ====== GET /api/v1/auth/me ======
[2025-12-13 06:08:44.671] [INFO] [bedd6975-9290-4da3-aebb-c7d9e3344688] Response: 200 (37ms)
[2025-12-13 06:10:07.117] [INFO] [748d883f-5588-4a63-9c1a-0fe3e9367c51] ====== GET /api/v1/auth/me ======
[2025-12-13 06:10:07.126] [INFO] [748d883f-5588-4a63-9c1a-0fe3e9367c51] Response: 304 (9ms)
[2025-12-13 06:16:01.568] [INFO] [ca21c476-3a73-42c4-a476-4187d3c481b1] ====== GET /api/v1/auth/me ======
[2025-12-13 06:16:01.635] [INFO] [ca21c476-3a73-42c4-a476-4187d3c481b1] Response: 304 (67ms)
[2025-12-13 06:29:43.509] [INFO] [a19e0e6a-52e4-4b42-8b12-48cf2ab88d7c] ====== GET /api/v1/auth/me ======
[2025-12-13 06:29:43.537] [INFO] [a19e0e6a-52e4-4b42-8b12-48cf2ab88d7c] Response: 304 (28ms)
[2025-12-13 06:44:26.325] [INFO] [48927db4-490b-42e5-b8cf-76cf7ac381e4] ====== POST /api/v1/auth/forgot-password ======
[2025-12-13 06:44:26.342] [INFO] [48927db4-490b-42e5-b8cf-76cf7ac381e4] Response: 200 (17ms)
[2025-12-13 06:44:43.765] [INFO] [8b090d18-52f9-4f8e-8be5-262dab63cab7] ====== POST /api/v1/auth/forgot-password ======
[2025-12-13 06:44:43.787] [INFO] [8b090d18-52f9-4f8e-8be5-262dab63cab7] Response: 200 (22ms)
[2025-12-13 06:45:52.241] [INFO] [6fb2c8c9-6afc-40ba-bc74-db2cfc19581d] ====== POST /api/v1/auth/forgot-password ======
[2025-12-13 06:45:52.251] [INFO] [6fb2c8c9-6afc-40ba-bc74-db2cfc19581d] Response: 200 (10ms)
[2025-12-13 06:46:40.214] [INFO] [1abab852-c6c1-411a-b687-cc9b6a951dd4] ====== POST /api/v1/auth/forgot-password ======
[2025-12-13 06:46:40.226] [INFO] [1abab852-c6c1-411a-b687-cc9b6a951dd4] Response: 200 (12ms)
[2025-12-13 06:46:57.704] [INFO] [225e99c3-497d-4c69-8323-477623ccedca] ====== POST /api/v1/auth/forgot-password ======
[2025-12-13 06:46:57.708] [INFO] [225e99c3-497d-4c69-8323-477623ccedca] Response: 200 (4ms)
[2025-12-13 06:48:39.389] [INFO] [4fcee4ab-3212-4078-b3e8-5eb110e024f4] ====== POST /api/v1/auth/forgot-password ======
[2025-12-13 06:48:39.399] [INFO] [4fcee4ab-3212-4078-b3e8-5eb110e024f4] Response: 200 (10ms)
[2025-12-13 06:48:59.041] [INFO] [de1ce3f7-8d31-4051-b699-aef28106c77e] ====== POST /api/v1/auth/forgot-password ======
[2025-12-13 06:48:59.053] [INFO] [de1ce3f7-8d31-4051-b699-aef28106c77e] Response: 200 (12ms)
[2025-12-13 06:49:56.758] [INFO] [dfb98869-3a34-4d5d-98c0-c8736bde2ae1] ====== POST /api/v1/auth/forgot-password ======
[2025-12-13 06:49:56.768] [INFO] [dfb98869-3a34-4d5d-98c0-c8736bde2ae1] Response: 200 (10ms)
[2025-12-13 06:50:21.503] [INFO] [83be7114-9d20-430f-b283-4d2b32c75728] ====== POST /api/v1/auth/forgot-password ======
[2025-12-13 06:50:21.532] [INFO]  [object Object]
[2025-12-13 06:50:21.532] [INFO]  
===========================================
[2025-12-13 06:50:21.532] [INFO]  Password Reset Link for dev@mail.com:
[2025-12-13 06:50:21.533] [INFO]  http://localhost:3555/reset-password?token=d7a43495368b03a7b6d770c048cc4e296e8708e2473a7dbaf07b746984823793
[2025-12-13 06:50:21.533] [INFO]  ===========================================

[2025-12-13 06:50:21.533] [INFO] [83be7114-9d20-430f-b283-4d2b32c75728] Response: 200 (30ms)
[2025-12-13 06:52:07.118] [INFO] [17ce137d-9808-4367-b93d-fd115e718c08] ====== POST /api/v1/auth/reset-password ======
[2025-12-13 06:52:07.128] [ERROR] [17ce137d-9808-4367-b93d-fd115e718c08] Error: Token reset tidak valid atau kadaluarsa
[2025-12-13 06:52:07.129] [ERROR] [17ce137d-9808-4367-b93d-fd115e718c08] UnauthorizedError: Token reset tidak valid atau kadaluarsa
    at AuthService.resetPassword (/Users/galangkeda/Documents/EPadi/esepasi/.next/dev/server/chunks/[root-of-the-server]__ab83baf6._.js:668:19)
    at process.processTicksAndRejections (node:internal/process/task_queues:105:5)
    at async /Users/galangkeda/Documents/EPadi/esepasi/.next/dev/server/chunks/[root-of-the-server]__02b7a7db._.js:705:5
    at async /Users/galangkeda/Documents/EPadi/esepasi/.next/dev/server/chunks/[root-of-the-server]__ab83baf6._.js:245:13
    at async apiResolver (/Users/galangkeda/Documents/EPadi/esepasi/node_modules/.pnpm/next@16.0.8_@babel+core@7.28.5_react-dom@19.2.1_react@19.2.1__react@19.2.1/node_modules/next/dist/compiled/next-server/pages-api-turbo.runtime.dev.js:2:4425)
    at async PagesAPIRouteModule.render (/Users/galangkeda/Documents/EPadi/esepasi/node_modules/.pnpm/next@16.0.8_@babel+core@7.28.5_react-dom@19.2.1_react@19.2.1__react@19.2.1/node_modules/next/dist/compiled/next-server/pages-api-turbo.runtime.dev.js:2:5955)
    at async Module.handler (/Users/galangkeda/Documents/EPadi/esepasi/.next/dev/server/chunks/718e3_next_dist_4ac25d81._.js:2935:13)
    at async DevServer.runApi (/Users/galangkeda/Documents/EPadi/esepasi/node_modules/.pnpm/next@16.0.8_@babel+core@7.28.5_react-dom@19.2.1_react@19.2.1__react@19.2.1/node_modules/next/dist/server/next-server.js:750:9)
    at async NextNodeServer.handleCatchallRenderRequest (/Users/galangkeda/Documents/EPadi/esepasi/node_modules/.pnpm/next@16.0.8_@babel+core@7.28.5_react-dom@19.2.1_react@19.2.1__react@19.2.1/node_modules/next/dist/server/next-server.js:391:37)
    at async DevServer.handleRequestImpl (/Users/galangkeda/Documents/EPadi/esepasi/node_modules/.pnpm/next@16.0.8_@babel+core@7.28.5_react-dom@19.2.1_react@19.2.1__react@19.2.1/node_modules/next/dist/server/base-server.js:912:17)
    at async /Users/galangkeda/Documents/EPadi/esepasi/node_modules/.pnpm/next@16.0.8_@babel+core@7.28.5_react-dom@19.2.1_react@19.2.1__react@19.2.1/node_modules/next/dist/server/dev/next-dev-server.js:382:20
    at async Span.traceAsyncFn (/Users/galangkeda/Documents/EPadi/esepasi/node_modules/.pnpm/next@16.0.8_@babel+core@7.28.5_react-dom@19.2.1_react@19.2.1__react@19.2.1/node_modules/next/dist/trace/trace.js:157:20)
    at async DevServer.handleRequest (/Users/galangkeda/Documents/EPadi/esepasi/node_modules/.pnpm/next@16.0.8_@babel+core@7.28.5_react-dom@19.2.1_react@19.2.1__react@19.2.1/node_modules/next/dist/server/dev/next-dev-server.js:378:24)
    at async invokeRender (/Users/galangkeda/Documents/EPadi/esepasi/node_modules/.pnpm/next@16.0.8_@babel+core@7.28.5_react-dom@19.2.1_react@19.2.1__react@19.2.1/node_modules/next/dist/server/lib/router-server.js:240:21)
    at async handleRequest (/Users/galangkeda/Documents/EPadi/esepasi/node_modules/.pnpm/next@16.0.8_@babel+core@7.28.5_react-dom@19.2.1_react@19.2.1__react@19.2.1/node_modules/next/dist/server/lib/router-server.js:436:24)
    at async requestHandlerImpl (/Users/galangkeda/Documents/EPadi/esepasi/node_modules/.pnpm/next@16.0.8_@babel+core@7.28.5_react-dom@19.2.1_react@19.2.1__react@19.2.1/node_modules/next/dist/server/lib/router-server.js:484:13)
    at async Server.requestListener (/Users/galangkeda/Documents/EPadi/esepasi/node_modules/.pnpm/next@16.0.8_@babel+core@7.28.5_react-dom@19.2.1_react@19.2.1__react@19.2.1/node_modules/next/dist/server/lib/start-server.js:226:13)
[2025-12-13 06:52:07.129] [INFO] [17ce137d-9808-4367-b93d-fd115e718c08] Response: 401 (10ms)
[2025-12-13 06:54:02.537] [INFO] [4364ba9e-f34c-4d66-b8a6-00026de7366c] ====== POST /api/v1/auth/reset-password ======
[2025-12-13 06:54:02.538] [ERROR] [4364ba9e-f34c-4d66-b8a6-00026de7366c] Error: Password must be at least 8 characters
[2025-12-13 06:54:02.538] [ERROR] [4364ba9e-f34c-4d66-b8a6-00026de7366c] ValidationError: Password must be at least 8 characters
    at validateRequest (/Users/galangkeda/Documents/EPadi/esepasi/.next/dev/server/chunks/[root-of-the-server]__ab83baf6._.js:328:15)
    at /Users/galangkeda/Documents/EPadi/esepasi/.next/dev/server/chunks/[root-of-the-server]__02b7a7db._.js:703:181
    at /Users/galangkeda/Documents/EPadi/esepasi/.next/dev/server/chunks/[root-of-the-server]__ab83baf6._.js:245:19
    at apiResolver (/Users/galangkeda/Documents/EPadi/esepasi/node_modules/.pnpm/next@16.0.8_@babel+core@7.28.5_react-dom@19.2.1_react@19.2.1__react@19.2.1/node_modules/next/dist/compiled/next-server/pages-api-turbo.runtime.dev.js:2:4431)
    at process.processTicksAndRejections (node:internal/process/task_queues:105:5)
    at async PagesAPIRouteModule.render (/Users/galangkeda/Documents/EPadi/esepasi/node_modules/.pnpm/next@16.0.8_@babel+core@7.28.5_react-dom@19.2.1_react@19.2.1__react@19.2.1/node_modules/next/dist/compiled/next-server/pages-api-turbo.runtime.dev.js:2:5955)
    at async Module.handler (/Users/galangkeda/Documents/EPadi/esepasi/.next/dev/server/chunks/718e3_next_dist_4ac25d81._.js:2935:13)
    at async DevServer.runApi (/Users/galangkeda/Documents/EPadi/esepasi/node_modules/.pnpm/next@16.0.8_@babel+core@7.28.5_react-dom@19.2.1_react@19.2.1__react@19.2.1/node_modules/next/dist/server/next-server.js:750:9)
    at async NextNodeServer.handleCatchallRenderRequest (/Users/galangkeda/Documents/EPadi/esepasi/node_modules/.pnpm/next@16.0.8_@babel+core@7.28.5_react-dom@19.2.1_react@19.2.1__react@19.2.1/node_modules/next/dist/server/next-server.js:391:37)
    at async DevServer.handleRequestImpl (/Users/galangkeda/Documents/EPadi/esepasi/node_modules/.pnpm/next@16.0.8_@babel+core@7.28.5_react-dom@19.2.1_react@19.2.1__react@19.2.1/node_modules/next/dist/server/base-server.js:912:17)
    at async /Users/galangkeda/Documents/EPadi/esepasi/node_modules/.pnpm/next@16.0.8_@babel+core@7.28.5_react-dom@19.2.1_react@19.2.1__react@19.2.1/node_modules/next/dist/server/dev/next-dev-server.js:382:20
    at async Span.traceAsyncFn (/Users/galangkeda/Documents/EPadi/esepasi/node_modules/.pnpm/next@16.0.8_@babel+core@7.28.5_react-dom@19.2.1_react@19.2.1__react@19.2.1/node_modules/next/dist/trace/trace.js:157:20)
    at async DevServer.handleRequest (/Users/galangkeda/Documents/EPadi/esepasi/node_modules/.pnpm/next@16.0.8_@babel+core@7.28.5_react-dom@19.2.1_react@19.2.1__react@19.2.1/node_modules/next/dist/server/dev/next-dev-server.js:378:24)
    at async invokeRender (/Users/galangkeda/Documents/EPadi/esepasi/node_modules/.pnpm/next@16.0.8_@babel+core@7.28.5_react-dom@19.2.1_react@19.2.1__react@19.2.1/node_modules/next/dist/server/lib/router-server.js:240:21)
    at async handleRequest (/Users/galangkeda/Documents/EPadi/esepasi/node_modules/.pnpm/next@16.0.8_@babel+core@7.28.5_react-dom@19.2.1_react@19.2.1__react@19.2.1/node_modules/next/dist/server/lib/router-server.js:436:24)
    at async requestHandlerImpl (/Users/galangkeda/Documents/EPadi/esepasi/node_modules/.pnpm/next@16.0.8_@babel+core@7.28.5_react-dom@19.2.1_react@19.2.1__react@19.2.1/node_modules/next/dist/server/lib/router-server.js:484:13)
    at async Server.requestListener (/Users/galangkeda/Documents/EPadi/esepasi/node_modules/.pnpm/next@16.0.8_@babel+core@7.28.5_react-dom@19.2.1_react@19.2.1__react@19.2.1/node_modules/next/dist/server/lib/start-server.js:226:13)
[2025-12-13 06:54:02.538] [INFO] [4364ba9e-f34c-4d66-b8a6-00026de7366c] Response: 400 (1ms)
[2025-12-13 06:54:03.882] [INFO] [e9a91c56-7431-4bee-a462-56b3b88b7d09] ====== POST /api/v1/auth/reset-password ======
[2025-12-13 06:54:03.882] [ERROR] [e9a91c56-7431-4bee-a462-56b3b88b7d09] Error: Password must be at least 8 characters
[2025-12-13 06:54:03.882] [ERROR] [e9a91c56-7431-4bee-a462-56b3b88b7d09] ValidationError: Password must be at least 8 characters
    at validateRequest (/Users/galangkeda/Documents/EPadi/esepasi/.next/dev/server/chunks/[root-of-the-server]__ab83baf6._.js:328:15)
    at /Users/galangkeda/Documents/EPadi/esepasi/.next/dev/server/chunks/[root-of-the-server]__02b7a7db._.js:703:181
    at /Users/galangkeda/Documents/EPadi/esepasi/.next/dev/server/chunks/[root-of-the-server]__ab83baf6._.js:245:19
    at apiResolver (/Users/galangkeda/Documents/EPadi/esepasi/node_modules/.pnpm/next@16.0.8_@babel+core@7.28.5_react-dom@19.2.1_react@19.2.1__react@19.2.1/node_modules/next/dist/compiled/next-server/pages-api-turbo.runtime.dev.js:2:4431)
    at process.processTicksAndRejections (node:internal/process/task_queues:105:5)
    at async PagesAPIRouteModule.render (/Users/galangkeda/Documents/EPadi/esepasi/node_modules/.pnpm/next@16.0.8_@babel+core@7.28.5_react-dom@19.2.1_react@19.2.1__react@19.2.1/node_modules/next/dist/compiled/next-server/pages-api-turbo.runtime.dev.js:2:5955)
    at async Module.handler (/Users/galangkeda/Documents/EPadi/esepasi/.next/dev/server/chunks/718e3_next_dist_4ac25d81._.js:2935:13)
    at async DevServer.runApi (/Users/galangkeda/Documents/EPadi/esepasi/node_modules/.pnpm/next@16.0.8_@babel+core@7.28.5_react-dom@19.2.1_react@19.2.1__react@19.2.1/node_modules/next/dist/server/next-server.js:750:9)
    at async NextNodeServer.handleCatchallRenderRequest (/Users/galangkeda/Documents/EPadi/esepasi/node_modules/.pnpm/next@16.0.8_@babel+core@7.28.5_react-dom@19.2.1_react@19.2.1__react@19.2.1/node_modules/next/dist/server/next-server.js:391:37)
    at async DevServer.handleRequestImpl (/Users/galangkeda/Documents/EPadi/esepasi/node_modules/.pnpm/next@16.0.8_@babel+core@7.28.5_react-dom@19.2.1_react@19.2.1__react@19.2.1/node_modules/next/dist/server/base-server.js:912:17)
    at async /Users/galangkeda/Documents/EPadi/esepasi/node_modules/.pnpm/next@16.0.8_@babel+core@7.28.5_react-dom@19.2.1_react@19.2.1__react@19.2.1/node_modules/next/dist/server/dev/next-dev-server.js:382:20
    at async Span.traceAsyncFn (/Users/galangkeda/Documents/EPadi/esepasi/node_modules/.pnpm/next@16.0.8_@babel+core@7.28.5_react-dom@19.2.1_react@19.2.1__react@19.2.1/node_modules/next/dist/trace/trace.js:157:20)
    at async DevServer.handleRequest (/Users/galangkeda/Documents/EPadi/esepasi/node_modules/.pnpm/next@16.0.8_@babel+core@7.28.5_react-dom@19.2.1_react@19.2.1__react@19.2.1/node_modules/next/dist/server/dev/next-dev-server.js:378:24)
    at async invokeRender (/Users/galangkeda/Documents/EPadi/esepasi/node_modules/.pnpm/next@16.0.8_@babel+core@7.28.5_react-dom@19.2.1_react@19.2.1__react@19.2.1/node_modules/next/dist/server/lib/router-server.js:240:21)
    at async handleRequest (/Users/galangkeda/Documents/EPadi/esepasi/node_modules/.pnpm/next@16.0.8_@babel+core@7.28.5_react-dom@19.2.1_react@19.2.1__react@19.2.1/node_modules/next/dist/server/lib/router-server.js:436:24)
    at async requestHandlerImpl (/Users/galangkeda/Documents/EPadi/esepasi/node_modules/.pnpm/next@16.0.8_@babel+core@7.28.5_react-dom@19.2.1_react@19.2.1__react@19.2.1/node_modules/next/dist/server/lib/router-server.js:484:13)
    at async Server.requestListener (/Users/galangkeda/Documents/EPadi/esepasi/node_modules/.pnpm/next@16.0.8_@babel+core@7.28.5_react-dom@19.2.1_react@19.2.1__react@19.2.1/node_modules/next/dist/server/lib/start-server.js:226:13)
[2025-12-13 06:54:03.883] [INFO] [e9a91c56-7431-4bee-a462-56b3b88b7d09] Response: 400 (0ms)
[2025-12-13 06:54:06.802] [INFO] [05944c2d-a5b1-453e-bd79-40fb1f83d84c] ====== POST /api/v1/auth/reset-password ======
[2025-12-13 06:54:06.816] [ERROR] [05944c2d-a5b1-453e-bd79-40fb1f83d84c] Error: Token reset tidak valid atau kadaluarsa
[2025-12-13 06:54:06.817] [ERROR] [05944c2d-a5b1-453e-bd79-40fb1f83d84c] UnauthorizedError: Token reset tidak valid atau kadaluarsa
    at AuthService.resetPassword (/Users/galangkeda/Documents/EPadi/esepasi/.next/dev/server/chunks/[root-of-the-server]__ab83baf6._.js:668:19)
    at process.processTicksAndRejections (node:internal/process/task_queues:105:5)
    at async /Users/galangkeda/Documents/EPadi/esepasi/.next/dev/server/chunks/[root-of-the-server]__02b7a7db._.js:705:5
    at async /Users/galangkeda/Documents/EPadi/esepasi/.next/dev/server/chunks/[root-of-the-server]__ab83baf6._.js:245:13
    at async apiResolver (/Users/galangkeda/Documents/EPadi/esepasi/node_modules/.pnpm/next@16.0.8_@babel+core@7.28.5_react-dom@19.2.1_react@19.2.1__react@19.2.1/node_modules/next/dist/compiled/next-server/pages-api-turbo.runtime.dev.js:2:4425)
    at async PagesAPIRouteModule.render (/Users/galangkeda/Documents/EPadi/esepasi/node_modules/.pnpm/next@16.0.8_@babel+core@7.28.5_react-dom@19.2.1_react@19.2.1__react@19.2.1/node_modules/next/dist/compiled/next-server/pages-api-turbo.runtime.dev.js:2:5955)
    at async Module.handler (/Users/galangkeda/Documents/EPadi/esepasi/.next/dev/server/chunks/718e3_next_dist_4ac25d81._.js:2935:13)
    at async DevServer.runApi (/Users/galangkeda/Documents/EPadi/esepasi/node_modules/.pnpm/next@16.0.8_@babel+core@7.28.5_react-dom@19.2.1_react@19.2.1__react@19.2.1/node_modules/next/dist/server/next-server.js:750:9)
    at async NextNodeServer.handleCatchallRenderRequest (/Users/galangkeda/Documents/EPadi/esepasi/node_modules/.pnpm/next@16.0.8_@babel+core@7.28.5_react-dom@19.2.1_react@19.2.1__react@19.2.1/node_modules/next/dist/server/next-server.js:391:37)
    at async DevServer.handleRequestImpl (/Users/galangkeda/Documents/EPadi/esepasi/node_modules/.pnpm/next@16.0.8_@babel+core@7.28.5_react-dom@19.2.1_react@19.2.1__react@19.2.1/node_modules/next/dist/server/base-server.js:912:17)
    at async /Users/galangkeda/Documents/EPadi/esepasi/node_modules/.pnpm/next@16.0.8_@babel+core@7.28.5_react-dom@19.2.1_react@19.2.1__react@19.2.1/node_modules/next/dist/server/dev/next-dev-server.js:382:20
    at async Span.traceAsyncFn (/Users/galangkeda/Documents/EPadi/esepasi/node_modules/.pnpm/next@16.0.8_@babel+core@7.28.5_react-dom@19.2.1_react@19.2.1__react@19.2.1/node_modules/next/dist/trace/trace.js:157:20)
    at async DevServer.handleRequest (/Users/galangkeda/Documents/EPadi/esepasi/node_modules/.pnpm/next@16.0.8_@babel+core@7.28.5_react-dom@19.2.1_react@19.2.1__react@19.2.1/node_modules/next/dist/server/dev/next-dev-server.js:378:24)
    at async invokeRender (/Users/galangkeda/Documents/EPadi/esepasi/node_modules/.pnpm/next@16.0.8_@babel+core@7.28.5_react-dom@19.2.1_react@19.2.1__react@19.2.1/node_modules/next/dist/server/lib/router-server.js:240:21)
    at async handleRequest (/Users/galangkeda/Documents/EPadi/esepasi/node_modules/.pnpm/next@16.0.8_@babel+core@7.28.5_react-dom@19.2.1_react@19.2.1__react@19.2.1/node_modules/next/dist/server/lib/router-server.js:436:24)
    at async requestHandlerImpl (/Users/galangkeda/Documents/EPadi/esepasi/node_modules/.pnpm/next@16.0.8_@babel+core@7.28.5_react-dom@19.2.1_react@19.2.1__react@19.2.1/node_modules/next/dist/server/lib/router-server.js:484:13)
    at async Server.requestListener (/Users/galangkeda/Documents/EPadi/esepasi/node_modules/.pnpm/next@16.0.8_@babel+core@7.28.5_react-dom@19.2.1_react@19.2.1__react@19.2.1/node_modules/next/dist/server/lib/start-server.js:226:13)
[2025-12-13 06:54:06.817] [INFO] [05944c2d-a5b1-453e-bd79-40fb1f83d84c] Response: 401 (15ms)
[2025-12-13 06:54:23.006] [INFO] [8ccb5f16-efaf-4908-8ad1-a4f669fbded3] ====== POST /api/v1/auth/reset-password ======
[2025-12-13 06:54:23.014] [ERROR] [8ccb5f16-efaf-4908-8ad1-a4f669fbded3] Error: Token reset tidak valid atau kadaluarsa
[2025-12-13 06:54:23.014] [ERROR] [8ccb5f16-efaf-4908-8ad1-a4f669fbded3] UnauthorizedError: Token reset tidak valid atau kadaluarsa
    at AuthService.resetPassword (/Users/galangkeda/Documents/EPadi/esepasi/.next/dev/server/chunks/[root-of-the-server]__ab83baf6._.js:668:19)
    at process.processTicksAndRejections (node:internal/process/task_queues:105:5)
    at async /Users/galangkeda/Documents/EPadi/esepasi/.next/dev/server/chunks/[root-of-the-server]__02b7a7db._.js:705:5
    at async /Users/galangkeda/Documents/EPadi/esepasi/.next/dev/server/chunks/[root-of-the-server]__ab83baf6._.js:245:13
    at async apiResolver (/Users/galangkeda/Documents/EPadi/esepasi/node_modules/.pnpm/next@16.0.8_@babel+core@7.28.5_react-dom@19.2.1_react@19.2.1__react@19.2.1/node_modules/next/dist/compiled/next-server/pages-api-turbo.runtime.dev.js:2:4425)
    at async PagesAPIRouteModule.render (/Users/galangkeda/Documents/EPadi/esepasi/node_modules/.pnpm/next@16.0.8_@babel+core@7.28.5_react-dom@19.2.1_react@19.2.1__react@19.2.1/node_modules/next/dist/compiled/next-server/pages-api-turbo.runtime.dev.js:2:5955)
    at async Module.handler (/Users/galangkeda/Documents/EPadi/esepasi/.next/dev/server/chunks/718e3_next_dist_4ac25d81._.js:2935:13)
    at async DevServer.runApi (/Users/galangkeda/Documents/EPadi/esepasi/node_modules/.pnpm/next@16.0.8_@babel+core@7.28.5_react-dom@19.2.1_react@19.2.1__react@19.2.1/node_modules/next/dist/server/next-server.js:750:9)
    at async NextNodeServer.handleCatchallRenderRequest (/Users/galangkeda/Documents/EPadi/esepasi/node_modules/.pnpm/next@16.0.8_@babel+core@7.28.5_react-dom@19.2.1_react@19.2.1__react@19.2.1/node_modules/next/dist/server/next-server.js:391:37)
    at async DevServer.handleRequestImpl (/Users/galangkeda/Documents/EPadi/esepasi/node_modules/.pnpm/next@16.0.8_@babel+core@7.28.5_react-dom@19.2.1_react@19.2.1__react@19.2.1/node_modules/next/dist/server/base-server.js:912:17)
    at async /Users/galangkeda/Documents/EPadi/esepasi/node_modules/.pnpm/next@16.0.8_@babel+core@7.28.5_react-dom@19.2.1_react@19.2.1__react@19.2.1/node_modules/next/dist/server/dev/next-dev-server.js:382:20
    at async Span.traceAsyncFn (/Users/galangkeda/Documents/EPadi/esepasi/node_modules/.pnpm/next@16.0.8_@babel+core@7.28.5_react-dom@19.2.1_react@19.2.1__react@19.2.1/node_modules/next/dist/trace/trace.js:157:20)
    at async DevServer.handleRequest (/Users/galangkeda/Documents/EPadi/esepasi/node_modules/.pnpm/next@16.0.8_@babel+core@7.28.5_react-dom@19.2.1_react@19.2.1__react@19.2.1/node_modules/next/dist/server/dev/next-dev-server.js:378:24)
    at async invokeRender (/Users/galangkeda/Documents/EPadi/esepasi/node_modules/.pnpm/next@16.0.8_@babel+core@7.28.5_react-dom@19.2.1_react@19.2.1__react@19.2.1/node_modules/next/dist/server/lib/router-server.js:240:21)
    at async handleRequest (/Users/galangkeda/Documents/EPadi/esepasi/node_modules/.pnpm/next@16.0.8_@babel+core@7.28.5_react-dom@19.2.1_react@19.2.1__react@19.2.1/node_modules/next/dist/server/lib/router-server.js:436:24)
    at async requestHandlerImpl (/Users/galangkeda/Documents/EPadi/esepasi/node_modules/.pnpm/next@16.0.8_@babel+core@7.28.5_react-dom@19.2.1_react@19.2.1__react@19.2.1/node_modules/next/dist/server/lib/router-server.js:484:13)
    at async Server.requestListener (/Users/galangkeda/Documents/EPadi/esepasi/node_modules/.pnpm/next@16.0.8_@babel+core@7.28.5_react-dom@19.2.1_react@19.2.1__react@19.2.1/node_modules/next/dist/server/lib/start-server.js:226:13)
[2025-12-13 06:54:23.014] [INFO] [8ccb5f16-efaf-4908-8ad1-a4f669fbded3] Response: 401 (7ms)
[2025-12-13 06:58:33.178] [INFO] [89318423-16d3-4078-b4b0-3e2288009869] ====== POST /api/v1/auth/forgot-password ======
[2025-12-13 06:58:33.192] [INFO] [89318423-16d3-4078-b4b0-3e2288009869] Response: 200 (14ms)
[2025-12-13 06:58:45.966] [INFO] [9e1b93f2-03a4-423d-9965-4d5e10700f50] ====== POST /api/v1/auth/forgot-password ======
[2025-12-13 06:58:45.978] [INFO]  Password Reset Link for dev@mail.com:
[2025-12-13 06:58:45.979] [INFO]  http://localhost:3555/auth/reset-password?token=88ca5c4b9d8a1a189db60e210ef9942022c01d7f51805fcf31224747ceffa60e
[2025-12-13 06:58:45.979] [INFO] [9e1b93f2-03a4-423d-9965-4d5e10700f50] Response: 200 (13ms)
[2025-12-13 06:58:50.042] [INFO] [445daa12-cfb5-4a22-9884-fa47bda86bea] ====== GET /api/v1/auth/reset-password?token=88ca5c4b9d8a1a189db60e210ef9942022c01d7f51805fcf31224747ceffa60e ======
[2025-12-13 06:58:50.044] [INFO] [445daa12-cfb5-4a22-9884-fa47bda86bea] Response: 200 (2ms)
[2025-12-13 06:59:01.179] [INFO] [8a9245f0-7516-439b-824d-46dcfedd2a3f] ====== GET /api/v1/auth/reset-password?token=88ca5c4b9d8a1a189db60e210ef9942022c01d7f51805fcf31224747ceffa60e ======
[2025-12-13 06:59:01.188] [INFO] [8a9245f0-7516-439b-824d-46dcfedd2a3f] Response: 304 (9ms)
[2025-12-13 06:59:05.539] [INFO] [deab6cdf-1dc0-41ed-8436-619f35037394] ====== GET /api/v1/auth/reset-password?token=88ca5c4b9d8a1a189db60e210ef9942022c01d7f51805fcf31224747ceffa60 ======
[2025-12-13 06:59:05.540] [INFO] [deab6cdf-1dc0-41ed-8436-619f35037394] Response: 401 (1ms)
[2025-12-13 06:59:08.137] [INFO] [edc50110-95b0-47a6-97b3-3b38c992cfa4] ====== GET /api/v1/auth/reset-password?token=88ca5c4b9d8a1a189db60e210ef9942022c01d7f51805fcf31224747ceffa60e ======
[2025-12-13 06:59:08.138] [INFO] [edc50110-95b0-47a6-97b3-3b38c992cfa4] Response: 304 (1ms)
[2025-12-13 06:59:12.947] [INFO] [30405645-04a2-4484-baaf-c753f8c0588c] ====== POST /api/v1/auth/reset-password ======
[2025-12-13 06:59:13.030] [INFO] [30405645-04a2-4484-baaf-c753f8c0588c] Response: 200 (83ms)
[2025-12-13 06:59:35.742] [INFO] [51a616fe-5fcc-41d9-a04d-2e68c086f78a] ====== POST /api/v1/auth/login ======
[2025-12-13 06:59:35.816] [INFO] [51a616fe-5fcc-41d9-a04d-2e68c086f78a] Response: 200 (74ms)
[2025-12-13 06:59:43.629] [INFO] [1d7d032f-515b-4677-97ac-7c8e80e3f7b2] ====== POST /api/v1/auth/login ======
[2025-12-13 06:59:43.710] [INFO] [1d7d032f-515b-4677-97ac-7c8e80e3f7b2] Response: 200 (81ms)
[2025-12-13 07:01:22.149] [INFO] [53ac56d1-6783-4b03-a94d-6c29811d7298] ====== GET /api/v1/auth/me ======
[2025-12-13 07:01:22.163] [INFO] [53ac56d1-6783-4b03-a94d-6c29811d7298] Response: 200 (14ms)
[2025-12-13 07:02:15.786] [INFO] [da4f5b04-84d5-410e-b303-da11d3f5d87f] ====== POST /api/v1/auth/login ======
[2025-12-13 07:02:15.871] [INFO] [da4f5b04-84d5-410e-b303-da11d3f5d87f] Response: 200 (85ms)
[2025-12-13 07:02:55.857] [INFO] [c35c83e9-e6fc-480d-8f92-4b9b97f43336] ====== POST /api/v1/auth/register ======
[2025-12-13 07:02:55.858] [ERROR] [c35c83e9-e6fc-480d-8f92-4b9b97f43336] Error: Name must be at least 2 characters
[2025-12-13 07:02:55.858] [ERROR] [c35c83e9-e6fc-480d-8f92-4b9b97f43336] ValidationError: Name must be at least 2 characters
    at validateRequest (/Users/galangkeda/Documents/EPadi/esepasi/.next/dev/server/chunks/[root-of-the-server]__02b7a7db._.js:328:15)
    at /Users/galangkeda/Documents/EPadi/esepasi/.next/dev/server/chunks/[root-of-the-server]__86c8c58d._.js:709:166
    at /Users/galangkeda/Documents/EPadi/esepasi/.next/dev/server/chunks/[root-of-the-server]__02b7a7db._.js:245:19
    at apiResolver (/Users/galangkeda/Documents/EPadi/esepasi/node_modules/.pnpm/next@16.0.8_@babel+core@7.28.5_react-dom@19.2.1_react@19.2.1__react@19.2.1/node_modules/next/dist/compiled/next-server/pages-api-turbo.runtime.dev.js:2:4431)
    at process.processTicksAndRejections (node:internal/process/task_queues:105:5)
    at async PagesAPIRouteModule.render (/Users/galangkeda/Documents/EPadi/esepasi/node_modules/.pnpm/next@16.0.8_@babel+core@7.28.5_react-dom@19.2.1_react@19.2.1__react@19.2.1/node_modules/next/dist/compiled/next-server/pages-api-turbo.runtime.dev.js:2:5955)
    at async Module.handler (/Users/galangkeda/Documents/EPadi/esepasi/.next/dev/server/chunks/718e3_next_dist_91bdf8df._.js:2935:13)
    at async DevServer.runApi (/Users/galangkeda/Documents/EPadi/esepasi/node_modules/.pnpm/next@16.0.8_@babel+core@7.28.5_react-dom@19.2.1_react@19.2.1__react@19.2.1/node_modules/next/dist/server/next-server.js:750:9)
    at async NextNodeServer.handleCatchallRenderRequest (/Users/galangkeda/Documents/EPadi/esepasi/node_modules/.pnpm/next@16.0.8_@babel+core@7.28.5_react-dom@19.2.1_react@19.2.1__react@19.2.1/node_modules/next/dist/server/next-server.js:391:37)
    at async DevServer.handleRequestImpl (/Users/galangkeda/Documents/EPadi/esepasi/node_modules/.pnpm/next@16.0.8_@babel+core@7.28.5_react-dom@19.2.1_react@19.2.1__react@19.2.1/node_modules/next/dist/server/base-server.js:912:17)
    at async /Users/galangkeda/Documents/EPadi/esepasi/node_modules/.pnpm/next@16.0.8_@babel+core@7.28.5_react-dom@19.2.1_react@19.2.1__react@19.2.1/node_modules/next/dist/server/dev/next-dev-server.js:382:20
    at async Span.traceAsyncFn (/Users/galangkeda/Documents/EPadi/esepasi/node_modules/.pnpm/next@16.0.8_@babel+core@7.28.5_react-dom@19.2.1_react@19.2.1__react@19.2.1/node_modules/next/dist/trace/trace.js:157:20)
    at async DevServer.handleRequest (/Users/galangkeda/Documents/EPadi/esepasi/node_modules/.pnpm/next@16.0.8_@babel+core@7.28.5_react-dom@19.2.1_react@19.2.1__react@19.2.1/node_modules/next/dist/server/dev/next-dev-server.js:378:24)
    at async invokeRender (/Users/galangkeda/Documents/EPadi/esepasi/node_modules/.pnpm/next@16.0.8_@babel+core@7.28.5_react-dom@19.2.1_react@19.2.1__react@19.2.1/node_modules/next/dist/server/lib/router-server.js:240:21)
    at async handleRequest (/Users/galangkeda/Documents/EPadi/esepasi/node_modules/.pnpm/next@16.0.8_@babel+core@7.28.5_react-dom@19.2.1_react@19.2.1__react@19.2.1/node_modules/next/dist/server/lib/router-server.js:436:24)
    at async requestHandlerImpl (/Users/galangkeda/Documents/EPadi/esepasi/node_modules/.pnpm/next@16.0.8_@babel+core@7.28.5_react-dom@19.2.1_react@19.2.1__react@19.2.1/node_modules/next/dist/server/lib/router-server.js:484:13)
    at async Server.requestListener (/Users/galangkeda/Documents/EPadi/esepasi/node_modules/.pnpm/next@16.0.8_@babel+core@7.28.5_react-dom@19.2.1_react@19.2.1__react@19.2.1/node_modules/next/dist/server/lib/start-server.js:226:13)
[2025-12-13 07:02:55.859] [INFO] [c35c83e9-e6fc-480d-8f92-4b9b97f43336] Response: 400 (1ms)
[2025-12-13 07:02:59.414] [INFO] [5fac4fb7-3067-487b-99ad-5d6e0bf71d90] ====== POST /api/v1/auth/register ======
[2025-12-13 07:02:59.503] [INFO] [5fac4fb7-3067-487b-99ad-5d6e0bf71d90] Response: 201 (89ms)
[2025-12-13 07:03:15.123] [INFO] [60cba2f8-a3fb-4324-aff8-66a0df6e7a55] ====== POST /api/v1/school/register ======
[2025-12-13 07:03:15.124] [ERROR] [60cba2f8-a3fb-4324-aff8-66a0df6e7a55] Error: Phone number must be at least 8 characters
[2025-12-13 07:03:15.124] [ERROR] [60cba2f8-a3fb-4324-aff8-66a0df6e7a55] ValidationError: Phone number must be at least 8 characters
    at validateRequest (/Users/galangkeda/Documents/EPadi/esepasi/.next/dev/server/chunks/[root-of-the-server]__02b7a7db._.js:328:15)
    at /Users/galangkeda/Documents/EPadi/esepasi/.next/dev/server/chunks/[root-of-the-server]__20cee526._.js:598:166
    at /Users/galangkeda/Documents/EPadi/esepasi/.next/dev/server/chunks/[root-of-the-server]__02b7a7db._.js:245:19
    at apiResolver (/Users/galangkeda/Documents/EPadi/esepasi/node_modules/.pnpm/next@16.0.8_@babel+core@7.28.5_react-dom@19.2.1_react@19.2.1__react@19.2.1/node_modules/next/dist/compiled/next-server/pages-api-turbo.runtime.dev.js:2:4431)
    at process.processTicksAndRejections (node:internal/process/task_queues:105:5)
    at async PagesAPIRouteModule.render (/Users/galangkeda/Documents/EPadi/esepasi/node_modules/.pnpm/next@16.0.8_@babel+core@7.28.5_react-dom@19.2.1_react@19.2.1__react@19.2.1/node_modules/next/dist/compiled/next-server/pages-api-turbo.runtime.dev.js:2:5955)
    at async Module.handler (/Users/galangkeda/Documents/EPadi/esepasi/.next/dev/server/chunks/718e3_next_dist_131a4193._.js:2935:13)
    at async DevServer.runApi (/Users/galangkeda/Documents/EPadi/esepasi/node_modules/.pnpm/next@16.0.8_@babel+core@7.28.5_react-dom@19.2.1_react@19.2.1__react@19.2.1/node_modules/next/dist/server/next-server.js:750:9)
    at async NextNodeServer.handleCatchallRenderRequest (/Users/galangkeda/Documents/EPadi/esepasi/node_modules/.pnpm/next@16.0.8_@babel+core@7.28.5_react-dom@19.2.1_react@19.2.1__react@19.2.1/node_modules/next/dist/server/next-server.js:391:37)
    at async DevServer.handleRequestImpl (/Users/galangkeda/Documents/EPadi/esepasi/node_modules/.pnpm/next@16.0.8_@babel+core@7.28.5_react-dom@19.2.1_react@19.2.1__react@19.2.1/node_modules/next/dist/server/base-server.js:912:17)
    at async /Users/galangkeda/Documents/EPadi/esepasi/node_modules/.pnpm/next@16.0.8_@babel+core@7.28.5_react-dom@19.2.1_react@19.2.1__react@19.2.1/node_modules/next/dist/server/dev/next-dev-server.js:382:20
    at async Span.traceAsyncFn (/Users/galangkeda/Documents/EPadi/esepasi/node_modules/.pnpm/next@16.0.8_@babel+core@7.28.5_react-dom@19.2.1_react@19.2.1__react@19.2.1/node_modules/next/dist/trace/trace.js:157:20)
    at async DevServer.handleRequest (/Users/galangkeda/Documents/EPadi/esepasi/node_modules/.pnpm/next@16.0.8_@babel+core@7.28.5_react-dom@19.2.1_react@19.2.1__react@19.2.1/node_modules/next/dist/server/dev/next-dev-server.js:378:24)
    at async invokeRender (/Users/galangkeda/Documents/EPadi/esepasi/node_modules/.pnpm/next@16.0.8_@babel+core@7.28.5_react-dom@19.2.1_react@19.2.1__react@19.2.1/node_modules/next/dist/server/lib/router-server.js:240:21)
    at async handleRequest (/Users/galangkeda/Documents/EPadi/esepasi/node_modules/.pnpm/next@16.0.8_@babel+core@7.28.5_react-dom@19.2.1_react@19.2.1__react@19.2.1/node_modules/next/dist/server/lib/router-server.js:436:24)
    at async requestHandlerImpl (/Users/galangkeda/Documents/EPadi/esepasi/node_modules/.pnpm/next@16.0.8_@babel+core@7.28.5_react-dom@19.2.1_react@19.2.1__react@19.2.1/node_modules/next/dist/server/lib/router-server.js:484:13)
    at async Server.requestListener (/Users/galangkeda/Documents/EPadi/esepasi/node_modules/.pnpm/next@16.0.8_@babel+core@7.28.5_react-dom@19.2.1_react@19.2.1__react@19.2.1/node_modules/next/dist/server/lib/start-server.js:226:13)
[2025-12-13 07:03:15.125] [INFO] [60cba2f8-a3fb-4324-aff8-66a0df6e7a55] Response: 400 (1ms)
[2025-12-13 07:03:20.042] [INFO] [cd3bcbfd-0aa0-444c-9f23-dd0f50f98436] ====== POST /api/v1/school/register ======
[2025-12-13 07:03:20.059] [INFO] [cd3bcbfd-0aa0-444c-9f23-dd0f50f98436] Response: 201 (17ms)
[2025-12-13 07:04:06.739] [INFO] [994fc49c-6890-416e-b6d3-c56d791dfcc8] ====== GET /api/v1/auth/me ======
[2025-12-13 07:04:06.760] [INFO] [994fc49c-6890-416e-b6d3-c56d791dfcc8] Response: 200 (21ms)
[2025-12-13 07:04:08.275] [INFO] [8b883e05-173a-4031-9b84-684aa9449831] ====== GET /api/v1/auth/me ======
[2025-12-13 07:04:08.291] [INFO] [8b883e05-173a-4031-9b84-684aa9449831] Response: 304 (16ms)
[2025-12-13 07:04:11.504] [INFO] [7b910484-ac9a-4536-83bb-40016b4bc0df] ====== GET /api/v1/auth/me ======
[2025-12-13 07:04:11.505] [INFO] [7b910484-ac9a-4536-83bb-40016b4bc0df] Response: 304 (1ms)
[2025-12-13 07:04:56.313] [INFO] [a777e293-596c-4815-a7a4-977893d17f55] ====== GET /api/v1/auth/me ======
[2025-12-13 07:04:56.342] [INFO] [a777e293-596c-4815-a7a4-977893d17f55] Response: 304 (29ms)
[2025-12-13 07:04:58.816] [INFO] [8bd3f87b-3e85-40af-833d-8dad0fde6417] ====== GET /api/v1/auth/me ======
[2025-12-13 07:04:58.828] [INFO] [8bd3f87b-3e85-40af-833d-8dad0fde6417] Response: 304 (11ms)
[2025-12-13 07:05:10.425] [INFO] [3fc9bf16-1c08-4cd0-a8af-78d3bc0f9761] ====== GET /api/v1/auth/me ======
[2025-12-13 07:05:10.450] [INFO] [3fc9bf16-1c08-4cd0-a8af-78d3bc0f9761] Response: 304 (25ms)
[2025-12-13 07:05:35.728] [INFO] [3b725ff3-1cb9-4019-9036-f6e0cae10f12] ====== GET /api/v1/auth/me ======
[2025-12-13 07:05:35.748] [INFO] [3b725ff3-1cb9-4019-9036-f6e0cae10f12] Response: 304 (20ms)
[2025-12-13 07:06:26.854] [INFO] [25b3a19e-a487-40f8-95ef-e7529f80f6d7] ====== GET /api/v1/auth/me ======
[2025-12-13 07:06:26.871] [INFO] [25b3a19e-a487-40f8-95ef-e7529f80f6d7] Response: 304 (17ms)
[2025-12-13 07:06:31.549] [INFO] [76e2dc70-a1c9-4146-9804-f0b396826f14] ====== GET /api/v1/auth/me ======
[2025-12-13 07:06:31.557] [INFO] [76e2dc70-a1c9-4146-9804-f0b396826f14] Response: 304 (8ms)
[2025-12-13 07:06:49.136] [INFO] [3e78c495-e715-49de-afcd-34807637d4ce] ====== GET /api/v1/auth/me ======
[2025-12-13 07:06:49.167] [INFO] [3e78c495-e715-49de-afcd-34807637d4ce] Response: 304 (31ms)
[2025-12-13 07:06:50.799] [INFO] [f22d72f5-fcb3-4e36-86c4-f1fa181ea259] ====== GET /api/v1/auth/me ======
[2025-12-13 07:06:50.802] [INFO] [f22d72f5-fcb3-4e36-86c4-f1fa181ea259] Response: 304 (3ms)
[2025-12-13 07:06:52.197] [INFO] [797d7fd5-e0f6-420f-b13b-6054a36d54b4] ====== GET /api/v1/auth/me ======
[2025-12-13 07:06:52.201] [INFO] [797d7fd5-e0f6-420f-b13b-6054a36d54b4] Response: 304 (4ms)
[2025-12-13 07:07:01.932] [INFO] [546e5353-547e-4e82-959d-a3bafee0b058] ====== GET /api/v1/auth/me ======
[2025-12-13 07:07:01.934] [INFO] [546e5353-547e-4e82-959d-a3bafee0b058] Response: 304 (2ms)
[2025-12-13 07:07:03.246] [INFO] [b7ca9674-a1a5-4b6f-b8a5-d28d298f724a] ====== GET /api/v1/auth/me ======
[2025-12-13 07:07:03.249] [INFO] [b7ca9674-a1a5-4b6f-b8a5-d28d298f724a] Response: 304 (3ms)
[2025-12-13 07:07:05.835] [INFO] [43c11a72-0bd8-4dd5-8f42-86a19fbe2479] ====== GET /api/v1/auth/me ======
[2025-12-13 07:07:05.838] [INFO] [43c11a72-0bd8-4dd5-8f42-86a19fbe2479] Response: 304 (3ms)
[2025-12-13 07:07:25.329] [INFO] [b1160c3c-a3f8-44be-ad5a-b81f7c2fa9fc] ====== GET /api/v1/auth/me ======
[2025-12-13 07:07:25.349] [INFO] [b1160c3c-a3f8-44be-ad5a-b81f7c2fa9fc] Response: 304 (20ms)
[2025-12-13 07:07:28.049] [INFO] [c0884acc-722c-4c84-b379-26034eb0b1f9] ====== GET /api/v1/auth/me ======
[2025-12-13 07:07:28.052] [INFO] [c0884acc-722c-4c84-b379-26034eb0b1f9] Response: 304 (3ms)
[2025-12-13 07:08:06.820] [INFO] [991bf238-d507-45ef-802f-592bb992d00b] ====== GET /api/v1/auth/me ======
[2025-12-13 07:08:06.842] [INFO] [991bf238-d507-45ef-802f-592bb992d00b] Response: 304 (22ms)
[2025-12-13 07:08:07.984] [INFO] [fcaac111-cc5f-4d06-b3bd-3e900ed4e0b1] ====== GET /api/v1/auth/me ======
[2025-12-13 07:08:07.986] [INFO] [fcaac111-cc5f-4d06-b3bd-3e900ed4e0b1] Response: 304 (2ms)
[2025-12-13 07:08:09.336] [INFO] [823830d2-3930-41a5-842e-4f0e420415ac] ====== GET /api/v1/auth/me ======
[2025-12-13 07:08:09.338] [INFO] [823830d2-3930-41a5-842e-4f0e420415ac] Response: 304 (2ms)
[2025-12-13 07:08:10.283] [INFO] [48fa7d62-c0fa-4c77-8918-7d79d7caf7bd] ====== GET /api/v1/auth/me ======
[2025-12-13 07:08:10.286] [INFO] [48fa7d62-c0fa-4c77-8918-7d79d7caf7bd] Response: 304 (3ms)
[2025-12-13 07:08:25.330] [INFO] [012528ef-ad97-493e-a31a-08f8fb00aa0d] ====== GET /api/v1/auth/me ======
[2025-12-13 07:08:25.355] [INFO] [012528ef-ad97-493e-a31a-08f8fb00aa0d] Response: 304 (25ms)
[2025-12-13 07:08:27.277] [INFO] [75584c25-fcc7-455c-8965-e0a5501a2a63] ====== GET /api/v1/auth/me ======
[2025-12-13 07:08:27.279] [INFO] [75584c25-fcc7-455c-8965-e0a5501a2a63] Response: 304 (2ms)
[2025-12-13 07:08:28.638] [INFO] [acb442ef-2c4c-4c3d-b804-eff60bf12b6e] ====== GET /api/v1/auth/me ======
[2025-12-13 07:08:28.639] [INFO] [acb442ef-2c4c-4c3d-b804-eff60bf12b6e] Response: 304 (1ms)
[2025-12-13 07:08:30.305] [INFO] [c61b5a08-dc89-4171-89c3-24593bc16300] ====== GET /api/v1/auth/me ======
[2025-12-13 07:08:30.309] [INFO] [c61b5a08-dc89-4171-89c3-24593bc16300] Response: 304 (4ms)
[2025-12-13 07:08:40.167] [INFO] [a5000faa-e82e-4f4c-a238-9a3922389343] ====== GET /api/v1/auth/me ======
[2025-12-13 07:08:40.168] [INFO] [a5000faa-e82e-4f4c-a238-9a3922389343] Response: 304 (1ms)
[2025-12-13 07:08:54.884] [INFO] [7007c1d8-b445-474c-b519-460e36ff6439] ====== GET /api/v1/auth/me ======
[2025-12-13 07:08:54.907] [INFO] [7007c1d8-b445-474c-b519-460e36ff6439] Response: 304 (22ms)
[2025-12-13 07:10:30.943] [INFO] [5e684e8b-ff17-4af9-a775-6dc48d729d9f] ====== GET /api/v1/auth/me ======
[2025-12-13 07:10:30.965] [INFO] [5e684e8b-ff17-4af9-a775-6dc48d729d9f] Response: 304 (22ms)
[2025-12-13 07:21:59.889] [INFO] [0b20ff58-ec34-4b70-ae0f-612a46a27418] ====== GET /api/v1/school ======
[2025-12-13 07:21:59.899] [INFO] [0b20ff58-ec34-4b70-ae0f-612a46a27418] Response: 200 (11ms)
[2025-12-13 07:22:00.354] [INFO] [a6a55d6a-0657-4ea7-8403-b9d41c204719] ====== GET /api/v1/school ======
[2025-12-13 07:22:00.363] [INFO] [a6a55d6a-0657-4ea7-8403-b9d41c204719] Response: 304 (9ms)
[2025-12-13 07:22:21.081] [INFO] [160ef717-9c20-413d-9d4a-7db38709da69] ====== GET /api/v1/school ======
[2025-12-13 07:22:21.104] [INFO] [160ef717-9c20-413d-9d4a-7db38709da69] Response: 304 (22ms)
[2025-12-13 07:31:34.515] [INFO] [6233da9c-5bd8-4d68-9054-69a547330889] ====== GET /api/v1/school ======
[2025-12-13 07:31:34.539] [INFO] [6233da9c-5bd8-4d68-9054-69a547330889] Response: 304 (25ms)
[2025-12-13 07:34:57.151] [INFO] [8394b0f1-6ca7-4651-91c2-deed70008710] ====== GET /api/v1/school ======
[2025-12-13 07:34:57.167] [INFO] [922b0d71-4087-4a1a-977d-c4f82c06326e] ====== GET /api/v1/auth/me ======
[2025-12-13 07:34:57.205] [INFO] [922b0d71-4087-4a1a-977d-c4f82c06326e] Response: 304 (39ms)
[2025-12-13 07:34:57.218] [INFO] [8394b0f1-6ca7-4651-91c2-deed70008710] Response: 304 (67ms)
[2025-12-13 07:35:20.318] [INFO] [b20a5bf9-0440-47ad-8442-fb3dbeda0bb2] ====== PUT /api/v1/school ======
[2025-12-13 07:35:20.325] [ERROR] [b20a5bf9-0440-47ad-8442-fb3dbeda0bb2] Error: __TURBOPACK__imported__module__$5b$project$5d2f$src$2f$modules$2f$school$2f$school$2e$service$2e$ts__$5b$api$5d$__$28$ecmascript$29$__.schoolService.updateSchool is not a function
[2025-12-13 07:35:20.326] [ERROR] [b20a5bf9-0440-47ad-8442-fb3dbeda0bb2] TypeError: __TURBOPACK__imported__module__$5b$project$5d2f$src$2f$modules$2f$school$2f$school$2e$service$2e$ts__$5b$api$5d$__$28$ecmascript$29$__.schoolService.updateSchool is not a function
    at /Users/galangkeda/Documents/EPadi/esepasi/.next/dev/server/chunks/[root-of-the-server]__a21b4811._.js:560:167
    at process.processTicksAndRejections (node:internal/process/task_queues:105:5)
    at async /Users/galangkeda/Documents/EPadi/esepasi/.next/dev/server/chunks/[root-of-the-server]__02b7a7db._.js:245:13
    at async apiResolver (/Users/galangkeda/Documents/EPadi/esepasi/node_modules/.pnpm/next@16.0.8_@babel+core@7.28.5_react-dom@19.2.1_react@19.2.1__react@19.2.1/node_modules/next/dist/compiled/next-server/pages-api-turbo.runtime.dev.js:2:4425)
    at async PagesAPIRouteModule.render (/Users/galangkeda/Documents/EPadi/esepasi/node_modules/.pnpm/next@16.0.8_@babel+core@7.28.5_react-dom@19.2.1_react@19.2.1__react@19.2.1/node_modules/next/dist/compiled/next-server/pages-api-turbo.runtime.dev.js:2:5955)
    at async Module.handler (/Users/galangkeda/Documents/EPadi/esepasi/.next/dev/server/chunks/718e3_next_dist_3a29631a._.js:2935:13)
    at async DevServer.runApi (/Users/galangkeda/Documents/EPadi/esepasi/node_modules/.pnpm/next@16.0.8_@babel+core@7.28.5_react-dom@19.2.1_react@19.2.1__react@19.2.1/node_modules/next/dist/server/next-server.js:750:9)
    at async NextNodeServer.handleCatchallRenderRequest (/Users/galangkeda/Documents/EPadi/esepasi/node_modules/.pnpm/next@16.0.8_@babel+core@7.28.5_react-dom@19.2.1_react@19.2.1__react@19.2.1/node_modules/next/dist/server/next-server.js:391:37)
    at async DevServer.handleRequestImpl (/Users/galangkeda/Documents/EPadi/esepasi/node_modules/.pnpm/next@16.0.8_@babel+core@7.28.5_react-dom@19.2.1_react@19.2.1__react@19.2.1/node_modules/next/dist/server/base-server.js:912:17)
    at async /Users/galangkeda/Documents/EPadi/esepasi/node_modules/.pnpm/next@16.0.8_@babel+core@7.28.5_react-dom@19.2.1_react@19.2.1__react@19.2.1/node_modules/next/dist/server/dev/next-dev-server.js:382:20
    at async Span.traceAsyncFn (/Users/galangkeda/Documents/EPadi/esepasi/node_modules/.pnpm/next@16.0.8_@babel+core@7.28.5_react-dom@19.2.1_react@19.2.1__react@19.2.1/node_modules/next/dist/trace/trace.js:157:20)
    at async DevServer.handleRequest (/Users/galangkeda/Documents/EPadi/esepasi/node_modules/.pnpm/next@16.0.8_@babel+core@7.28.5_react-dom@19.2.1_react@19.2.1__react@19.2.1/node_modules/next/dist/server/dev/next-dev-server.js:378:24)
    at async invokeRender (/Users/galangkeda/Documents/EPadi/esepasi/node_modules/.pnpm/next@16.0.8_@babel+core@7.28.5_react-dom@19.2.1_react@19.2.1__react@19.2.1/node_modules/next/dist/server/lib/router-server.js:240:21)
    at async handleRequest (/Users/galangkeda/Documents/EPadi/esepasi/node_modules/.pnpm/next@16.0.8_@babel+core@7.28.5_react-dom@19.2.1_react@19.2.1__react@19.2.1/node_modules/next/dist/server/lib/router-server.js:436:24)
    at async requestHandlerImpl (/Users/galangkeda/Documents/EPadi/esepasi/node_modules/.pnpm/next@16.0.8_@babel+core@7.28.5_react-dom@19.2.1_react@19.2.1__react@19.2.1/node_modules/next/dist/server/lib/router-server.js:484:13)
    at async Server.requestListener (/Users/galangkeda/Documents/EPadi/esepasi/node_modules/.pnpm/next@16.0.8_@babel+core@7.28.5_react-dom@19.2.1_react@19.2.1__react@19.2.1/node_modules/next/dist/server/lib/start-server.js:226:13)
[2025-12-13 07:35:20.327] [INFO] [b20a5bf9-0440-47ad-8442-fb3dbeda0bb2] Response: 500 (7ms)
[2025-12-13 07:35:32.764] [INFO] [cd5162e4-2b02-4af9-bc1c-4cda40a1f54a] ====== GET /api/v1/school ======
[2025-12-13 07:35:32.770] [INFO] [8ebbd0b0-cd3d-41fb-8858-8fc0a81300c3] ====== GET /api/v1/auth/me ======
[2025-12-13 07:35:32.785] [INFO] [8ebbd0b0-cd3d-41fb-8858-8fc0a81300c3] Response: 304 (15ms)
[2025-12-13 07:35:32.787] [INFO] [cd5162e4-2b02-4af9-bc1c-4cda40a1f54a] Response: 304 (23ms)
[2025-12-13 07:35:32.795] [INFO] [0fc5a83a-ac67-4962-8796-47cc6d5007bc] ====== GET /api/v1/auth/me ======
[2025-12-13 07:35:32.797] [INFO] [0fc5a83a-ac67-4962-8796-47cc6d5007bc] Response: 304 (2ms)
[2025-12-13 07:35:37.081] [INFO] [98047ff4-e308-457f-9c5a-d265794ac291] ====== PUT /api/v1/school ======
[2025-12-13 07:35:37.097] [INFO] [98047ff4-e308-457f-9c5a-d265794ac291] Response: 200 (16ms)
[2025-12-13 07:35:37.121] [INFO] [5da67944-4c2b-4d92-be84-a5eefdb59741] ====== GET /api/v1/school ======
[2025-12-13 07:35:37.122] [INFO] [5da67944-4c2b-4d92-be84-a5eefdb59741] Response: 200 (1ms)
[2025-12-13 07:36:00.407] [INFO] [e92564ca-97e0-4310-887d-906d058e4655] ====== PUT /api/v1/school ======
[2025-12-13 07:36:00.465] [INFO] [e92564ca-97e0-4310-887d-906d058e4655] Response: 200 (58ms)
[2025-12-13 07:36:00.471] [INFO] [6d43dc24-cfc2-4fcd-bc1c-538bd74aac93] ====== GET /api/v1/school ======
[2025-12-13 07:36:00.473] [INFO] [6d43dc24-cfc2-4fcd-bc1c-538bd74aac93] Response: 200 (2ms)
[2025-12-13 07:36:14.894] [INFO] [de7742c9-f522-4cc0-9b85-67a54a59cb6d] ====== PUT /api/v1/school ======
[2025-12-13 07:36:14.906] [INFO] [de7742c9-f522-4cc0-9b85-67a54a59cb6d] Response: 200 (13ms)
[2025-12-13 07:36:14.928] [INFO] [5ae749af-7aca-42cb-b50a-e5f1814e78f4] ====== GET /api/v1/school ======
[2025-12-13 07:36:14.929] [INFO] [5ae749af-7aca-42cb-b50a-e5f1814e78f4] Response: 200 (1ms)
[2025-12-13 07:36:23.142] [INFO] [95d4a33a-ce4e-45a2-a8ec-ca45b97574be] ====== PUT /api/v1/school ======
[2025-12-13 07:36:23.145] [INFO] [95d4a33a-ce4e-45a2-a8ec-ca45b97574be] Response: 200 (3ms)
[2025-12-13 07:36:23.181] [INFO] [5eaa50f7-f476-4738-abf5-b9a832a1b20e] ====== GET /api/v1/school ======
[2025-12-13 07:36:23.183] [INFO] [5eaa50f7-f476-4738-abf5-b9a832a1b20e] Response: 200 (2ms)
[2025-12-13 07:36:24.272] [INFO] [6f04408d-09d8-4c19-82ad-06f77275bb51] ====== GET /api/v1/school ======
[2025-12-13 07:36:24.277] [INFO] [4bf46128-e7b0-4d99-aaa1-6a5619ff33e2] ====== GET /api/v1/auth/me ======
[2025-12-13 07:36:24.285] [INFO] [6f04408d-09d8-4c19-82ad-06f77275bb51] Response: 304 (13ms)
[2025-12-13 07:36:24.300] [INFO] [4bf46128-e7b0-4d99-aaa1-6a5619ff33e2] Response: 304 (23ms)
[2025-12-13 07:36:38.222] [INFO] [599fdd20-e32b-450f-96ba-4f2a512950f3] ====== PUT /api/v1/school ======
[2025-12-13 07:36:38.250] [ERROR] [599fdd20-e32b-450f-96ba-4f2a512950f3] Error: duplicate key value violates unique constraint "schools_code_key"
[2025-12-13 07:36:38.250] [ERROR] [599fdd20-e32b-450f-96ba-4f2a512950f3] error: duplicate key value violates unique constraint "schools_code_key"
    at /Users/galangkeda/Documents/EPadi/esepasi/node_modules/.pnpm/pg@8.16.3/node_modules/pg/lib/client.js:545:17
    at process.processTicksAndRejections (node:internal/process/task_queues:105:5)
    at async PostgresConnection.executeQuery (file:///Users/galangkeda/Documents/EPadi/esepasi/node_modules/.pnpm/kysely@0.28.8/node_modules/kysely/dist/esm/dialect/postgres/postgres-driver.js:90:49)
    at async file:///Users/galangkeda/Documents/EPadi/esepasi/node_modules/.pnpm/kysely@0.28.8/node_modules/kysely/dist/esm/query-executor/query-executor-base.js:35:28
    at async DefaultConnectionProvider.provideConnection (file:///Users/galangkeda/Documents/EPadi/esepasi/node_modules/.pnpm/kysely@0.28.8/node_modules/kysely/dist/esm/driver/default-connection-provider.js:10:20)
    at async DefaultQueryExecutor.executeQuery (file:///Users/galangkeda/Documents/EPadi/esepasi/node_modules/.pnpm/kysely@0.28.8/node_modules/kysely/dist/esm/query-executor/query-executor-base.js:34:16)
    at async UpdateQueryBuilder.execute (file:///Users/galangkeda/Documents/EPadi/esepasi/node_modules/.pnpm/kysely@0.28.8/node_modules/kysely/dist/esm/query-builder/update-query-builder.js:459:24)
    at async SchoolService.updateSchool (/Users/galangkeda/Documents/EPadi/esepasi/.next/dev/server/chunks/[root-of-the-server]__a21b4811._.js:495:9)
    at async /Users/galangkeda/Documents/EPadi/esepasi/.next/dev/server/chunks/[root-of-the-server]__a21b4811._.js:560:9
    at async /Users/galangkeda/Documents/EPadi/esepasi/.next/dev/server/chunks/[root-of-the-server]__a21b4811._.js:245:13
    at async apiResolver (/Users/galangkeda/Documents/EPadi/esepasi/node_modules/.pnpm/next@16.0.8_@babel+core@7.28.5_react-dom@19.2.1_react@19.2.1__react@19.2.1/node_modules/next/dist/compiled/next-server/pages-api-turbo.runtime.dev.js:2:4425)
    at async PagesAPIRouteModule.render (/Users/galangkeda/Documents/EPadi/esepasi/node_modules/.pnpm/next@16.0.8_@babel+core@7.28.5_react-dom@19.2.1_react@19.2.1__react@19.2.1/node_modules/next/dist/compiled/next-server/pages-api-turbo.runtime.dev.js:2:5955)
    at async Module.handler (/Users/galangkeda/Documents/EPadi/esepasi/.next/dev/server/chunks/718e3_next_dist_3a29631a._.js:2935:13)
    at async DevServer.runApi (/Users/galangkeda/Documents/EPadi/esepasi/node_modules/.pnpm/next@16.0.8_@babel+core@7.28.5_react-dom@19.2.1_react@19.2.1__react@19.2.1/node_modules/next/dist/server/next-server.js:750:9)
    at async NextNodeServer.handleCatchallRenderRequest (/Users/galangkeda/Documents/EPadi/esepasi/node_modules/.pnpm/next@16.0.8_@babel+core@7.28.5_react-dom@19.2.1_react@19.2.1__react@19.2.1/node_modules/next/dist/server/next-server.js:391:37)
    at async DevServer.handleRequestImpl (/Users/galangkeda/Documents/EPadi/esepasi/node_modules/.pnpm/next@16.0.8_@babel+core@7.28.5_react-dom@19.2.1_react@19.2.1__react@19.2.1/node_modules/next/dist/server/base-server.js:912:17)
    at async /Users/galangkeda/Documents/EPadi/esepasi/node_modules/.pnpm/next@16.0.8_@babel+core@7.28.5_react-dom@19.2.1_react@19.2.1__react@19.2.1/node_modules/next/dist/server/dev/next-dev-server.js:382:20
    at async Span.traceAsyncFn (/Users/galangkeda/Documents/EPadi/esepasi/node_modules/.pnpm/next@16.0.8_@babel+core@7.28.5_react-dom@19.2.1_react@19.2.1__react@19.2.1/node_modules/next/dist/trace/trace.js:157:20)
    at async DevServer.handleRequest (/Users/galangkeda/Documents/EPadi/esepasi/node_modules/.pnpm/next@16.0.8_@babel+core@7.28.5_react-dom@19.2.1_react@19.2.1__react@19.2.1/node_modules/next/dist/server/dev/next-dev-server.js:378:24)
    at async invokeRender (/Users/galangkeda/Documents/EPadi/esepasi/node_modules/.pnpm/next@16.0.8_@babel+core@7.28.5_react-dom@19.2.1_react@19.2.1__react@19.2.1/node_modules/next/dist/server/lib/router-server.js:240:21)
    at async handleRequest (/Users/galangkeda/Documents/EPadi/esepasi/node_modules/.pnpm/next@16.0.8_@babel+core@7.28.5_react-dom@19.2.1_react@19.2.1__react@19.2.1/node_modules/next/dist/server/lib/router-server.js:436:24)
    at async requestHandlerImpl (/Users/galangkeda/Documents/EPadi/esepasi/node_modules/.pnpm/next@16.0.8_@babel+core@7.28.5_react-dom@19.2.1_react@19.2.1__react@19.2.1/node_modules/next/dist/server/lib/router-server.js:484:13)
    at async Server.requestListener (/Users/galangkeda/Documents/EPadi/esepasi/node_modules/.pnpm/next@16.0.8_@babel+core@7.28.5_react-dom@19.2.1_react@19.2.1__react@19.2.1/node_modules/next/dist/server/lib/start-server.js:226:13)
    at PostgresConnection.executeQuery (file:///Users/galangkeda/Documents/EPadi/esepasi/node_modules/.pnpm/kysely@0.28.8/node_modules/kysely/dist/esm/dialect/postgres/postgres-driver.js:102:41)
    at process.processTicksAndRejections (node:internal/process/task_queues:105:5)
    at async file:///Users/galangkeda/Documents/EPadi/esepasi/node_modules/.pnpm/kysely@0.28.8/node_modules/kysely/dist/esm/query-executor/query-executor-base.js:35:28
    at async DefaultConnectionProvider.provideConnection (file:///Users/galangkeda/Documents/EPadi/esepasi/node_modules/.pnpm/kysely@0.28.8/node_modules/kysely/dist/esm/driver/default-connection-provider.js:10:20)
    at async DefaultQueryExecutor.executeQuery (file:///Users/galangkeda/Documents/EPadi/esepasi/node_modules/.pnpm/kysely@0.28.8/node_modules/kysely/dist/esm/query-executor/query-executor-base.js:34:16)
    at async UpdateQueryBuilder.execute (file:///Users/galangkeda/Documents/EPadi/esepasi/node_modules/.pnpm/kysely@0.28.8/node_modules/kysely/dist/esm/query-builder/update-query-builder.js:459:24)
    at async SchoolService.updateSchool (/Users/galangkeda/Documents/EPadi/esepasi/.next/dev/server/chunks/[root-of-the-server]__a21b4811._.js:495:9)
    at async /Users/galangkeda/Documents/EPadi/esepasi/.next/dev/server/chunks/[root-of-the-server]__a21b4811._.js:560:9
    at async /Users/galangkeda/Documents/EPadi/esepasi/.next/dev/server/chunks/[root-of-the-server]__a21b4811._.js:245:13
    at async apiResolver (/Users/galangkeda/Documents/EPadi/esepasi/node_modules/.pnpm/next@16.0.8_@babel+core@7.28.5_react-dom@19.2.1_react@19.2.1__react@19.2.1/node_modules/next/dist/compiled/next-server/pages-api-turbo.runtime.dev.js:2:4425)
    at async PagesAPIRouteModule.render (/Users/galangkeda/Documents/EPadi/esepasi/node_modules/.pnpm/next@16.0.8_@babel+core@7.28.5_react-dom@19.2.1_react@19.2.1__react@19.2.1/node_modules/next/dist/compiled/next-server/pages-api-turbo.runtime.dev.js:2:5955)
    at async Module.handler (/Users/galangkeda/Documents/EPadi/esepasi/.next/dev/server/chunks/718e3_next_dist_3a29631a._.js:2935:13)
    at async DevServer.runApi (/Users/galangkeda/Documents/EPadi/esepasi/node_modules/.pnpm/next@16.0.8_@babel+core@7.28.5_react-dom@19.2.1_react@19.2.1__react@19.2.1/node_modules/next/dist/server/next-server.js:750:9)
    at async NextNodeServer.handleCatchallRenderRequest (/Users/galangkeda/Documents/EPadi/esepasi/node_modules/.pnpm/next@16.0.8_@babel+core@7.28.5_react-dom@19.2.1_react@19.2.1__react@19.2.1/node_modules/next/dist/server/next-server.js:391:37)
    at async DevServer.handleRequestImpl (/Users/galangkeda/Documents/EPadi/esepasi/node_modules/.pnpm/next@16.0.8_@babel+core@7.28.5_react-dom@19.2.1_react@19.2.1__react@19.2.1/node_modules/next/dist/server/base-server.js:912:17)
    at async /Users/galangkeda/Documents/EPadi/esepasi/node_modules/.pnpm/next@16.0.8_@babel+core@7.28.5_react-dom@19.2.1_react@19.2.1__react@19.2.1/node_modules/next/dist/server/dev/next-dev-server.js:382:20
    at async Span.traceAsyncFn (/Users/galangkeda/Documents/EPadi/esepasi/node_modules/.pnpm/next@16.0.8_@babel+core@7.28.5_react-dom@19.2.1_react@19.2.1__react@19.2.1/node_modules/next/dist/trace/trace.js:157:20)
    at async DevServer.handleRequest (/Users/galangkeda/Documents/EPadi/esepasi/node_modules/.pnpm/next@16.0.8_@babel+core@7.28.5_react-dom@19.2.1_react@19.2.1__react@19.2.1/node_modules/next/dist/server/dev/next-dev-server.js:378:24)
    at async invokeRender (/Users/galangkeda/Documents/EPadi/esepasi/node_modules/.pnpm/next@16.0.8_@babel+core@7.28.5_react-dom@19.2.1_react@19.2.1__react@19.2.1/node_modules/next/dist/server/lib/router-server.js:240:21)
    at async handleRequest (/Users/galangkeda/Documents/EPadi/esepasi/node_modules/.pnpm/next@16.0.8_@babel+core@7.28.5_react-dom@19.2.1_react@19.2.1__react@19.2.1/node_modules/next/dist/server/lib/router-server.js:436:24)
    at async requestHandlerImpl (/Users/galangkeda/Documents/EPadi/esepasi/node_modules/.pnpm/next@16.0.8_@babel+core@7.28.5_react-dom@19.2.1_react@19.2.1__react@19.2.1/node_modules/next/dist/server/lib/router-server.js:484:13)
    at async Server.requestListener (/Users/galangkeda/Documents/EPadi/esepasi/node_modules/.pnpm/next@16.0.8_@babel+core@7.28.5_react-dom@19.2.1_react@19.2.1__react@19.2.1/node_modules/next/dist/server/lib/start-server.js:226:13)
[2025-12-13 07:36:38.251] [INFO] [599fdd20-e32b-450f-96ba-4f2a512950f3] Response: 409 (28ms)
[2025-12-13 07:37:13.286] [INFO] [25ee249a-e830-49d8-a486-1e99d67a7586] ====== GET /api/v1/school ======
[2025-12-13 07:37:13.300] [INFO] [25ee249a-e830-49d8-a486-1e99d67a7586] Response: 304 (14ms)
[2025-12-13 07:37:14.478] [INFO] [bc7f4075-cebc-48b2-b40c-354edb825ae2] ====== PUT /api/v1/school ======
[2025-12-13 07:37:14.483] [INFO] [bc7f4075-cebc-48b2-b40c-354edb825ae2] Response: 200 (5ms)
[2025-12-13 07:37:14.515] [INFO] [a2fbdc5c-bb59-450d-b5e1-195f8861bc34] ====== GET /api/v1/school ======
[2025-12-13 07:37:14.517] [INFO] [a2fbdc5c-bb59-450d-b5e1-195f8861bc34] Response: 200 (2ms)
[2025-12-13 07:37:23.195] [INFO] [a6382a3a-c8e3-4f47-9f7d-66b6d03c1474] ====== PUT /api/v1/school ======
[2025-12-13 07:37:23.199] [ERROR] [a6382a3a-c8e3-4f47-9f7d-66b6d03c1474] Error: duplicate key value violates unique constraint "schools_code_key"
[2025-12-13 07:37:23.200] [ERROR] [a6382a3a-c8e3-4f47-9f7d-66b6d03c1474] error: duplicate key value violates unique constraint "schools_code_key"
    at /Users/galangkeda/Documents/EPadi/esepasi/node_modules/.pnpm/pg@8.16.3/node_modules/pg/lib/client.js:545:17
    at process.processTicksAndRejections (node:internal/process/task_queues:105:5)
    at async PostgresConnection.executeQuery (file:///Users/galangkeda/Documents/EPadi/esepasi/node_modules/.pnpm/kysely@0.28.8/node_modules/kysely/dist/esm/dialect/postgres/postgres-driver.js:90:49)
    at async file:///Users/galangkeda/Documents/EPadi/esepasi/node_modules/.pnpm/kysely@0.28.8/node_modules/kysely/dist/esm/query-executor/query-executor-base.js:35:28
    at async DefaultConnectionProvider.provideConnection (file:///Users/galangkeda/Documents/EPadi/esepasi/node_modules/.pnpm/kysely@0.28.8/node_modules/kysely/dist/esm/driver/default-connection-provider.js:10:20)
    at async DefaultQueryExecutor.executeQuery (file:///Users/galangkeda/Documents/EPadi/esepasi/node_modules/.pnpm/kysely@0.28.8/node_modules/kysely/dist/esm/query-executor/query-executor-base.js:34:16)
    at async UpdateQueryBuilder.execute (file:///Users/galangkeda/Documents/EPadi/esepasi/node_modules/.pnpm/kysely@0.28.8/node_modules/kysely/dist/esm/query-builder/update-query-builder.js:459:24)
    at async SchoolService.updateSchool (/Users/galangkeda/Documents/EPadi/esepasi/.next/dev/server/chunks/[root-of-the-server]__a21b4811._.js:495:9)
    at async /Users/galangkeda/Documents/EPadi/esepasi/.next/dev/server/chunks/[root-of-the-server]__a21b4811._.js:560:9
    at async /Users/galangkeda/Documents/EPadi/esepasi/.next/dev/server/chunks/[root-of-the-server]__a21b4811._.js:245:13
    at async apiResolver (/Users/galangkeda/Documents/EPadi/esepasi/node_modules/.pnpm/next@16.0.8_@babel+core@7.28.5_react-dom@19.2.1_react@19.2.1__react@19.2.1/node_modules/next/dist/compiled/next-server/pages-api-turbo.runtime.dev.js:2:4425)
    at async PagesAPIRouteModule.render (/Users/galangkeda/Documents/EPadi/esepasi/node_modules/.pnpm/next@16.0.8_@babel+core@7.28.5_react-dom@19.2.1_react@19.2.1__react@19.2.1/node_modules/next/dist/compiled/next-server/pages-api-turbo.runtime.dev.js:2:5955)
    at async Module.handler (/Users/galangkeda/Documents/EPadi/esepasi/.next/dev/server/chunks/718e3_next_dist_3a29631a._.js:2935:13)
    at async DevServer.runApi (/Users/galangkeda/Documents/EPadi/esepasi/node_modules/.pnpm/next@16.0.8_@babel+core@7.28.5_react-dom@19.2.1_react@19.2.1__react@19.2.1/node_modules/next/dist/server/next-server.js:750:9)
    at async NextNodeServer.handleCatchallRenderRequest (/Users/galangkeda/Documents/EPadi/esepasi/node_modules/.pnpm/next@16.0.8_@babel+core@7.28.5_react-dom@19.2.1_react@19.2.1__react@19.2.1/node_modules/next/dist/server/next-server.js:391:37)
    at async DevServer.handleRequestImpl (/Users/galangkeda/Documents/EPadi/esepasi/node_modules/.pnpm/next@16.0.8_@babel+core@7.28.5_react-dom@19.2.1_react@19.2.1__react@19.2.1/node_modules/next/dist/server/base-server.js:912:17)
    at async /Users/galangkeda/Documents/EPadi/esepasi/node_modules/.pnpm/next@16.0.8_@babel+core@7.28.5_react-dom@19.2.1_react@19.2.1__react@19.2.1/node_modules/next/dist/server/dev/next-dev-server.js:382:20
    at async Span.traceAsyncFn (/Users/galangkeda/Documents/EPadi/esepasi/node_modules/.pnpm/next@16.0.8_@babel+core@7.28.5_react-dom@19.2.1_react@19.2.1__react@19.2.1/node_modules/next/dist/trace/trace.js:157:20)
    at async DevServer.handleRequest (/Users/galangkeda/Documents/EPadi/esepasi/node_modules/.pnpm/next@16.0.8_@babel+core@7.28.5_react-dom@19.2.1_react@19.2.1__react@19.2.1/node_modules/next/dist/server/dev/next-dev-server.js:378:24)
    at async invokeRender (/Users/galangkeda/Documents/EPadi/esepasi/node_modules/.pnpm/next@16.0.8_@babel+core@7.28.5_react-dom@19.2.1_react@19.2.1__react@19.2.1/node_modules/next/dist/server/lib/router-server.js:240:21)
    at async handleRequest (/Users/galangkeda/Documents/EPadi/esepasi/node_modules/.pnpm/next@16.0.8_@babel+core@7.28.5_react-dom@19.2.1_react@19.2.1__react@19.2.1/node_modules/next/dist/server/lib/router-server.js:436:24)
    at async requestHandlerImpl (/Users/galangkeda/Documents/EPadi/esepasi/node_modules/.pnpm/next@16.0.8_@babel+core@7.28.5_react-dom@19.2.1_react@19.2.1__react@19.2.1/node_modules/next/dist/server/lib/router-server.js:484:13)
    at async Server.requestListener (/Users/galangkeda/Documents/EPadi/esepasi/node_modules/.pnpm/next@16.0.8_@babel+core@7.28.5_react-dom@19.2.1_react@19.2.1__react@19.2.1/node_modules/next/dist/server/lib/start-server.js:226:13)
    at PostgresConnection.executeQuery (file:///Users/galangkeda/Documents/EPadi/esepasi/node_modules/.pnpm/kysely@0.28.8/node_modules/kysely/dist/esm/dialect/postgres/postgres-driver.js:102:41)
    at process.processTicksAndRejections (node:internal/process/task_queues:105:5)
    at async file:///Users/galangkeda/Documents/EPadi/esepasi/node_modules/.pnpm/kysely@0.28.8/node_modules/kysely/dist/esm/query-executor/query-executor-base.js:35:28
    at async DefaultConnectionProvider.provideConnection (file:///Users/galangkeda/Documents/EPadi/esepasi/node_modules/.pnpm/kysely@0.28.8/node_modules/kysely/dist/esm/driver/default-connection-provider.js:10:20)
    at async DefaultQueryExecutor.executeQuery (file:///Users/galangkeda/Documents/EPadi/esepasi/node_modules/.pnpm/kysely@0.28.8/node_modules/kysely/dist/esm/query-executor/query-executor-base.js:34:16)
    at async UpdateQueryBuilder.execute (file:///Users/galangkeda/Documents/EPadi/esepasi/node_modules/.pnpm/kysely@0.28.8/node_modules/kysely/dist/esm/query-builder/update-query-builder.js:459:24)
    at async SchoolService.updateSchool (/Users/galangkeda/Documents/EPadi/esepasi/.next/dev/server/chunks/[root-of-the-server]__a21b4811._.js:495:9)
    at async /Users/galangkeda/Documents/EPadi/esepasi/.next/dev/server/chunks/[root-of-the-server]__a21b4811._.js:560:9
    at async /Users/galangkeda/Documents/EPadi/esepasi/.next/dev/server/chunks/[root-of-the-server]__a21b4811._.js:245:13
    at async apiResolver (/Users/galangkeda/Documents/EPadi/esepasi/node_modules/.pnpm/next@16.0.8_@babel+core@7.28.5_react-dom@19.2.1_react@19.2.1__react@19.2.1/node_modules/next/dist/compiled/next-server/pages-api-turbo.runtime.dev.js:2:4425)
    at async PagesAPIRouteModule.render (/Users/galangkeda/Documents/EPadi/esepasi/node_modules/.pnpm/next@16.0.8_@babel+core@7.28.5_react-dom@19.2.1_react@19.2.1__react@19.2.1/node_modules/next/dist/compiled/next-server/pages-api-turbo.runtime.dev.js:2:5955)
    at async Module.handler (/Users/galangkeda/Documents/EPadi/esepasi/.next/dev/server/chunks/718e3_next_dist_3a29631a._.js:2935:13)
    at async DevServer.runApi (/Users/galangkeda/Documents/EPadi/esepasi/node_modules/.pnpm/next@16.0.8_@babel+core@7.28.5_react-dom@19.2.1_react@19.2.1__react@19.2.1/node_modules/next/dist/server/next-server.js:750:9)
    at async NextNodeServer.handleCatchallRenderRequest (/Users/galangkeda/Documents/EPadi/esepasi/node_modules/.pnpm/next@16.0.8_@babel+core@7.28.5_react-dom@19.2.1_react@19.2.1__react@19.2.1/node_modules/next/dist/server/next-server.js:391:37)
    at async DevServer.handleRequestImpl (/Users/galangkeda/Documents/EPadi/esepasi/node_modules/.pnpm/next@16.0.8_@babel+core@7.28.5_react-dom@19.2.1_react@19.2.1__react@19.2.1/node_modules/next/dist/server/base-server.js:912:17)
    at async /Users/galangkeda/Documents/EPadi/esepasi/node_modules/.pnpm/next@16.0.8_@babel+core@7.28.5_react-dom@19.2.1_react@19.2.1__react@19.2.1/node_modules/next/dist/server/dev/next-dev-server.js:382:20
    at async Span.traceAsyncFn (/Users/galangkeda/Documents/EPadi/esepasi/node_modules/.pnpm/next@16.0.8_@babel+core@7.28.5_react-dom@19.2.1_react@19.2.1__react@19.2.1/node_modules/next/dist/trace/trace.js:157:20)
    at async DevServer.handleRequest (/Users/galangkeda/Documents/EPadi/esepasi/node_modules/.pnpm/next@16.0.8_@babel+core@7.28.5_react-dom@19.2.1_react@19.2.1__react@19.2.1/node_modules/next/dist/server/dev/next-dev-server.js:378:24)
    at async invokeRender (/Users/galangkeda/Documents/EPadi/esepasi/node_modules/.pnpm/next@16.0.8_@babel+core@7.28.5_react-dom@19.2.1_react@19.2.1__react@19.2.1/node_modules/next/dist/server/lib/router-server.js:240:21)
    at async handleRequest (/Users/galangkeda/Documents/EPadi/esepasi/node_modules/.pnpm/next@16.0.8_@babel+core@7.28.5_react-dom@19.2.1_react@19.2.1__react@19.2.1/node_modules/next/dist/server/lib/router-server.js:436:24)
    at async requestHandlerImpl (/Users/galangkeda/Documents/EPadi/esepasi/node_modules/.pnpm/next@16.0.8_@babel+core@7.28.5_react-dom@19.2.1_react@19.2.1__react@19.2.1/node_modules/next/dist/server/lib/router-server.js:484:13)
    at async Server.requestListener (/Users/galangkeda/Documents/EPadi/esepasi/node_modules/.pnpm/next@16.0.8_@babel+core@7.28.5_react-dom@19.2.1_react@19.2.1__react@19.2.1/node_modules/next/dist/server/lib/start-server.js:226:13)
[2025-12-13 07:37:23.202] [INFO] [a6382a3a-c8e3-4f47-9f7d-66b6d03c1474] Response: 409 (4ms)
[2025-12-13 07:37:51.098] [INFO] [042f9584-3a3d-4b57-b567-883a6fedddbe] ====== PUT /api/v1/school ======
[2025-12-13 07:37:51.119] [ERROR] [042f9584-3a3d-4b57-b567-883a6fedddbe] Error: duplicate key value violates unique constraint "schools_code_key"
[2025-12-13 07:37:51.119] [ERROR] [042f9584-3a3d-4b57-b567-883a6fedddbe] error: duplicate key value violates unique constraint "schools_code_key"
    at /Users/galangkeda/Documents/EPadi/esepasi/node_modules/.pnpm/pg@8.16.3/node_modules/pg/lib/client.js:545:17
    at process.processTicksAndRejections (node:internal/process/task_queues:105:5)
    at async PostgresConnection.executeQuery (file:///Users/galangkeda/Documents/EPadi/esepasi/node_modules/.pnpm/kysely@0.28.8/node_modules/kysely/dist/esm/dialect/postgres/postgres-driver.js:90:49)
    at async file:///Users/galangkeda/Documents/EPadi/esepasi/node_modules/.pnpm/kysely@0.28.8/node_modules/kysely/dist/esm/query-executor/query-executor-base.js:35:28
    at async DefaultConnectionProvider.provideConnection (file:///Users/galangkeda/Documents/EPadi/esepasi/node_modules/.pnpm/kysely@0.28.8/node_modules/kysely/dist/esm/driver/default-connection-provider.js:10:20)
    at async DefaultQueryExecutor.executeQuery (file:///Users/galangkeda/Documents/EPadi/esepasi/node_modules/.pnpm/kysely@0.28.8/node_modules/kysely/dist/esm/query-executor/query-executor-base.js:34:16)
    at async UpdateQueryBuilder.execute (file:///Users/galangkeda/Documents/EPadi/esepasi/node_modules/.pnpm/kysely@0.28.8/node_modules/kysely/dist/esm/query-builder/update-query-builder.js:459:24)
    at async SchoolService.updateSchool (/Users/galangkeda/Documents/EPadi/esepasi/.next/dev/server/chunks/[root-of-the-server]__a21b4811._.js:495:9)
    at async /Users/galangkeda/Documents/EPadi/esepasi/.next/dev/server/chunks/[root-of-the-server]__a21b4811._.js:560:9
    at async /Users/galangkeda/Documents/EPadi/esepasi/.next/dev/server/chunks/[root-of-the-server]__a21b4811._.js:245:13
    at async apiResolver (/Users/galangkeda/Documents/EPadi/esepasi/node_modules/.pnpm/next@16.0.8_@babel+core@7.28.5_react-dom@19.2.1_react@19.2.1__react@19.2.1/node_modules/next/dist/compiled/next-server/pages-api-turbo.runtime.dev.js:2:4425)
    at async PagesAPIRouteModule.render (/Users/galangkeda/Documents/EPadi/esepasi/node_modules/.pnpm/next@16.0.8_@babel+core@7.28.5_react-dom@19.2.1_react@19.2.1__react@19.2.1/node_modules/next/dist/compiled/next-server/pages-api-turbo.runtime.dev.js:2:5955)
    at async Module.handler (/Users/galangkeda/Documents/EPadi/esepasi/.next/dev/server/chunks/718e3_next_dist_3a29631a._.js:2935:13)
    at async DevServer.runApi (/Users/galangkeda/Documents/EPadi/esepasi/node_modules/.pnpm/next@16.0.8_@babel+core@7.28.5_react-dom@19.2.1_react@19.2.1__react@19.2.1/node_modules/next/dist/server/next-server.js:750:9)
    at async NextNodeServer.handleCatchallRenderRequest (/Users/galangkeda/Documents/EPadi/esepasi/node_modules/.pnpm/next@16.0.8_@babel+core@7.28.5_react-dom@19.2.1_react@19.2.1__react@19.2.1/node_modules/next/dist/server/next-server.js:391:37)
    at async DevServer.handleRequestImpl (/Users/galangkeda/Documents/EPadi/esepasi/node_modules/.pnpm/next@16.0.8_@babel+core@7.28.5_react-dom@19.2.1_react@19.2.1__react@19.2.1/node_modules/next/dist/server/base-server.js:912:17)
    at async /Users/galangkeda/Documents/EPadi/esepasi/node_modules/.pnpm/next@16.0.8_@babel+core@7.28.5_react-dom@19.2.1_react@19.2.1__react@19.2.1/node_modules/next/dist/server/dev/next-dev-server.js:382:20
    at async Span.traceAsyncFn (/Users/galangkeda/Documents/EPadi/esepasi/node_modules/.pnpm/next@16.0.8_@babel+core@7.28.5_react-dom@19.2.1_react@19.2.1__react@19.2.1/node_modules/next/dist/trace/trace.js:157:20)
    at async DevServer.handleRequest (/Users/galangkeda/Documents/EPadi/esepasi/node_modules/.pnpm/next@16.0.8_@babel+core@7.28.5_react-dom@19.2.1_react@19.2.1__react@19.2.1/node_modules/next/dist/server/dev/next-dev-server.js:378:24)
    at async invokeRender (/Users/galangkeda/Documents/EPadi/esepasi/node_modules/.pnpm/next@16.0.8_@babel+core@7.28.5_react-dom@19.2.1_react@19.2.1__react@19.2.1/node_modules/next/dist/server/lib/router-server.js:240:21)
    at async handleRequest (/Users/galangkeda/Documents/EPadi/esepasi/node_modules/.pnpm/next@16.0.8_@babel+core@7.28.5_react-dom@19.2.1_react@19.2.1__react@19.2.1/node_modules/next/dist/server/lib/router-server.js:436:24)
    at async requestHandlerImpl (/Users/galangkeda/Documents/EPadi/esepasi/node_modules/.pnpm/next@16.0.8_@babel+core@7.28.5_react-dom@19.2.1_react@19.2.1__react@19.2.1/node_modules/next/dist/server/lib/router-server.js:484:13)
    at async Server.requestListener (/Users/galangkeda/Documents/EPadi/esepasi/node_modules/.pnpm/next@16.0.8_@babel+core@7.28.5_react-dom@19.2.1_react@19.2.1__react@19.2.1/node_modules/next/dist/server/lib/start-server.js:226:13)
    at PostgresConnection.executeQuery (file:///Users/galangkeda/Documents/EPadi/esepasi/node_modules/.pnpm/kysely@0.28.8/node_modules/kysely/dist/esm/dialect/postgres/postgres-driver.js:102:41)
    at process.processTicksAndRejections (node:internal/process/task_queues:105:5)
    at async file:///Users/galangkeda/Documents/EPadi/esepasi/node_modules/.pnpm/kysely@0.28.8/node_modules/kysely/dist/esm/query-executor/query-executor-base.js:35:28
    at async DefaultConnectionProvider.provideConnection (file:///Users/galangkeda/Documents/EPadi/esepasi/node_modules/.pnpm/kysely@0.28.8/node_modules/kysely/dist/esm/driver/default-connection-provider.js:10:20)
    at async DefaultQueryExecutor.executeQuery (file:///Users/galangkeda/Documents/EPadi/esepasi/node_modules/.pnpm/kysely@0.28.8/node_modules/kysely/dist/esm/query-executor/query-executor-base.js:34:16)
    at async UpdateQueryBuilder.execute (file:///Users/galangkeda/Documents/EPadi/esepasi/node_modules/.pnpm/kysely@0.28.8/node_modules/kysely/dist/esm/query-builder/update-query-builder.js:459:24)
    at async SchoolService.updateSchool (/Users/galangkeda/Documents/EPadi/esepasi/.next/dev/server/chunks/[root-of-the-server]__a21b4811._.js:495:9)
    at async /Users/galangkeda/Documents/EPadi/esepasi/.next/dev/server/chunks/[root-of-the-server]__a21b4811._.js:560:9
    at async /Users/galangkeda/Documents/EPadi/esepasi/.next/dev/server/chunks/[root-of-the-server]__a21b4811._.js:245:13
    at async apiResolver (/Users/galangkeda/Documents/EPadi/esepasi/node_modules/.pnpm/next@16.0.8_@babel+core@7.28.5_react-dom@19.2.1_react@19.2.1__react@19.2.1/node_modules/next/dist/compiled/next-server/pages-api-turbo.runtime.dev.js:2:4425)
    at async PagesAPIRouteModule.render (/Users/galangkeda/Documents/EPadi/esepasi/node_modules/.pnpm/next@16.0.8_@babel+core@7.28.5_react-dom@19.2.1_react@19.2.1__react@19.2.1/node_modules/next/dist/compiled/next-server/pages-api-turbo.runtime.dev.js:2:5955)
    at async Module.handler (/Users/galangkeda/Documents/EPadi/esepasi/.next/dev/server/chunks/718e3_next_dist_3a29631a._.js:2935:13)
    at async DevServer.runApi (/Users/galangkeda/Documents/EPadi/esepasi/node_modules/.pnpm/next@16.0.8_@babel+core@7.28.5_react-dom@19.2.1_react@19.2.1__react@19.2.1/node_modules/next/dist/server/next-server.js:750:9)
    at async NextNodeServer.handleCatchallRenderRequest (/Users/galangkeda/Documents/EPadi/esepasi/node_modules/.pnpm/next@16.0.8_@babel+core@7.28.5_react-dom@19.2.1_react@19.2.1__react@19.2.1/node_modules/next/dist/server/next-server.js:391:37)
    at async DevServer.handleRequestImpl (/Users/galangkeda/Documents/EPadi/esepasi/node_modules/.pnpm/next@16.0.8_@babel+core@7.28.5_react-dom@19.2.1_react@19.2.1__react@19.2.1/node_modules/next/dist/server/base-server.js:912:17)
    at async /Users/galangkeda/Documents/EPadi/esepasi/node_modules/.pnpm/next@16.0.8_@babel+core@7.28.5_react-dom@19.2.1_react@19.2.1__react@19.2.1/node_modules/next/dist/server/dev/next-dev-server.js:382:20
    at async Span.traceAsyncFn (/Users/galangkeda/Documents/EPadi/esepasi/node_modules/.pnpm/next@16.0.8_@babel+core@7.28.5_react-dom@19.2.1_react@19.2.1__react@19.2.1/node_modules/next/dist/trace/trace.js:157:20)
    at async DevServer.handleRequest (/Users/galangkeda/Documents/EPadi/esepasi/node_modules/.pnpm/next@16.0.8_@babel+core@7.28.5_react-dom@19.2.1_react@19.2.1__react@19.2.1/node_modules/next/dist/server/dev/next-dev-server.js:378:24)
    at async invokeRender (/Users/galangkeda/Documents/EPadi/esepasi/node_modules/.pnpm/next@16.0.8_@babel+core@7.28.5_react-dom@19.2.1_react@19.2.1__react@19.2.1/node_modules/next/dist/server/lib/router-server.js:240:21)
    at async handleRequest (/Users/galangkeda/Documents/EPadi/esepasi/node_modules/.pnpm/next@16.0.8_@babel+core@7.28.5_react-dom@19.2.1_react@19.2.1__react@19.2.1/node_modules/next/dist/server/lib/router-server.js:436:24)
    at async requestHandlerImpl (/Users/galangkeda/Documents/EPadi/esepasi/node_modules/.pnpm/next@16.0.8_@babel+core@7.28.5_react-dom@19.2.1_react@19.2.1__react@19.2.1/node_modules/next/dist/server/lib/router-server.js:484:13)
    at async Server.requestListener (/Users/galangkeda/Documents/EPadi/esepasi/node_modules/.pnpm/next@16.0.8_@babel+core@7.28.5_react-dom@19.2.1_react@19.2.1__react@19.2.1/node_modules/next/dist/server/lib/start-server.js:226:13)
[2025-12-13 07:37:51.119] [INFO] [042f9584-3a3d-4b57-b567-883a6fedddbe] Response: 409 (20ms)
[2025-12-13 07:37:54.914] [INFO] [b507698d-5e9c-4229-a781-1b86a3f5eb72] ====== PUT /api/v1/school ======
[2025-12-13 07:37:54.918] [INFO] [b507698d-5e9c-4229-a781-1b86a3f5eb72] Response: 200 (4ms)
[2025-12-13 07:37:54.956] [INFO] [4fa85be9-52be-4856-899f-ef42b64df223] ====== GET /api/v1/school ======
[2025-12-13 07:37:54.957] [INFO] [4fa85be9-52be-4856-899f-ef42b64df223] Response: 200 (1ms)
[2025-12-13 07:38:43.706] [INFO] [af8c8e0d-614f-4021-9a6f-de62136b628a] ====== PUT /api/v1/school ======
[2025-12-13 07:38:43.726] [INFO] [af8c8e0d-614f-4021-9a6f-de62136b628a] Response: 200 (21ms)
[2025-12-13 07:38:43.752] [INFO] [5ba6f214-ecbd-47ed-8b8e-4588975b05ef] ====== GET /api/v1/school ======
[2025-12-13 07:38:43.765] [INFO] [5ba6f214-ecbd-47ed-8b8e-4588975b05ef] Response: 200 (12ms)
[2025-12-13 07:39:37.795] [INFO] [ef9c9038-9ed9-4f02-9ab6-075439291613] ====== GET /api/v1/school ======
[2025-12-13 07:39:37.812] [INFO] [c712aa7e-06ae-420b-baba-e57e8e7b095a] ====== GET /api/v1/auth/me ======
[2025-12-13 07:39:37.834] [INFO] [c712aa7e-06ae-420b-baba-e57e8e7b095a] Response: 304 (22ms)
[2025-12-13 07:39:37.838] [INFO] [ef9c9038-9ed9-4f02-9ab6-075439291613] Response: 304 (43ms)
[2025-12-13 07:40:07.163] [INFO] [4e02aff5-5965-448c-8381-768fcf3ab4a2] ====== GET /api/v1/school ======
[2025-12-13 07:40:07.175] [INFO] [4e02aff5-5965-448c-8381-768fcf3ab4a2] Response: 304 (12ms)
[2025-12-13 07:40:16.517] [INFO] [f5b63621-8341-40d4-a9c9-29a84c5ddb85] ====== GET /api/v1/school ======
[2025-12-13 07:40:16.519] [INFO] [f5b63621-8341-40d4-a9c9-29a84c5ddb85] Response: 304 (2ms)
[2025-12-13 07:40:18.273] [INFO] [b2cd2326-c9a1-427f-b2fb-42946e0f3433] ====== GET /api/v1/school ======
[2025-12-13 07:40:18.275] [INFO] [b2cd2326-c9a1-427f-b2fb-42946e0f3433] Response: 304 (2ms)
[2025-12-13 07:40:28.297] [INFO] [978ee12f-50bc-4d89-8f84-54ff8b5cf5bd] ====== GET /api/v1/school ======
[2025-12-13 07:40:28.300] [INFO] [1d31c1e8-cd4c-47db-b497-46190a0063dd] ====== GET /api/v1/auth/me ======
[2025-12-13 07:40:28.306] [INFO] [1d31c1e8-cd4c-47db-b497-46190a0063dd] Response: 304 (6ms)
[2025-12-13 07:40:28.307] [INFO] [978ee12f-50bc-4d89-8f84-54ff8b5cf5bd] Response: 304 (10ms)
[2025-12-13 07:40:40.308] [INFO] [00262470-e482-48be-9155-fa903e6eee1f] ====== GET /api/v1/school ======
[2025-12-13 07:40:40.320] [INFO] [00262470-e482-48be-9155-fa903e6eee1f] Response: 304 (12ms)
[2025-12-13 07:43:21.025] [INFO] [575a4f13-a630-4548-9d55-87639c0d97a6] ====== GET /api/v1/auth/me ======
[2025-12-13 07:43:21.046] [INFO] [cbcd02ac-fe05-4624-82a3-5359602bb27c] ====== GET /api/v1/school ======
[2025-12-13 07:43:21.053] [INFO] [575a4f13-a630-4548-9d55-87639c0d97a6] Response: 304 (28ms)
[2025-12-13 07:43:21.057] [INFO] [cbcd02ac-fe05-4624-82a3-5359602bb27c] Response: 200 (11ms)
[2025-12-13 07:43:44.733] [INFO] [986174e2-5292-47e8-8521-8d96fd5dd45a] ====== PUT /api/v1/school ======
[2025-12-13 07:43:44.751] [INFO] [986174e2-5292-47e8-8521-8d96fd5dd45a] Response: 200 (18ms)
[2025-12-13 07:43:44.779] [INFO] [c3936632-54ef-4343-b71f-73f956d42799] ====== GET /api/v1/school ======
[2025-12-13 07:43:44.781] [INFO] [c3936632-54ef-4343-b71f-73f956d42799] Response: 200 (2ms)
[2025-12-13 07:43:52.384] [INFO] [e69a1cfa-c1f9-489b-9e2b-6844d735ad51] ====== PUT /api/v1/school ======
[2025-12-13 07:43:52.387] [INFO] [e69a1cfa-c1f9-489b-9e2b-6844d735ad51] Response: 200 (3ms)
[2025-12-13 07:43:52.423] [INFO] [5e2a3170-21b8-41b5-9f35-24872e70b7f8] ====== GET /api/v1/school ======
[2025-12-13 07:43:52.425] [INFO] [5e2a3170-21b8-41b5-9f35-24872e70b7f8] Response: 200 (2ms)
[2025-12-13 07:44:23.221] [INFO] [652320bd-34cd-4dbe-92a5-06a9e8a78847] ====== GET /api/v1/school ======
[2025-12-13 07:44:23.231] [INFO] [652320bd-34cd-4dbe-92a5-06a9e8a78847] Response: 304 (10ms)
[2025-12-13 07:44:26.229] [INFO] [1859f978-f36f-4ddc-adaa-14abe1a22c71] ====== GET /api/v1/school ======
[2025-12-13 07:44:26.231] [INFO] [1859f978-f36f-4ddc-adaa-14abe1a22c71] Response: 304 (2ms)
[2025-12-13 07:44:28.832] [INFO] [0be698fe-4bbe-41de-b711-d70e71a3d248] ====== GET /api/v1/school ======
[2025-12-13 07:44:28.834] [INFO] [0be698fe-4bbe-41de-b711-d70e71a3d248] Response: 304 (1ms)
[2025-12-13 07:44:47.728] [INFO] [24fa876f-edbc-43cd-9142-5dec465494ba] ====== GET /api/v1/school ======
[2025-12-13 07:44:47.747] [INFO] [24fa876f-edbc-43cd-9142-5dec465494ba] Response: 304 (19ms)
[2025-12-13 07:45:25.592] [INFO] [e0fd1a67-cc4b-46f0-bfd7-1c9885b59c7c] ====== GET /api/v1/school ======
[2025-12-13 07:45:25.601] [INFO] [e0fd1a67-cc4b-46f0-bfd7-1c9885b59c7c] Response: 304 (9ms)
[2025-12-13 07:45:58.857] [INFO] [d376223d-578f-4328-8c77-1f1d846c25c9] ====== PUT /api/v1/school ======
[2025-12-13 07:45:58.872] [INFO] [d376223d-578f-4328-8c77-1f1d846c25c9] Response: 200 (15ms)
[2025-12-13 07:45:58.885] [INFO] [a51ac57e-82c4-4379-82f6-ae002bdcc8d7] ====== GET /api/v1/school ======
[2025-12-13 07:45:58.886] [INFO] [a51ac57e-82c4-4379-82f6-ae002bdcc8d7] Response: 200 (1ms)
[2025-12-13 07:46:25.344] [INFO] [f4992758-a70d-4fb2-a4e2-77272ea0a4f6] ====== GET /api/v1/school ======
[2025-12-13 07:46:25.350] [INFO] [f4992758-a70d-4fb2-a4e2-77272ea0a4f6] Response: 304 (6ms)
[2025-12-13 07:46:37.554] [INFO] [5d12c5af-adc6-4373-bc64-0d999ec56025] ====== GET /api/v1/school ======
[2025-12-13 07:46:37.562] [INFO] [5d12c5af-adc6-4373-bc64-0d999ec56025] Response: 304 (8ms)
[2025-12-13 07:46:40.065] [INFO] [bcace01f-5c30-45e5-bb20-facc09f5903f] ====== GET /api/v1/school ======
[2025-12-13 07:46:40.067] [INFO] [bcace01f-5c30-45e5-bb20-facc09f5903f] Response: 304 (2ms)
[2025-12-13 07:47:01.460] [INFO] [3aff0ab8-9a92-46f1-b701-c7a1a139ab4e] ====== GET /api/v1/school ======
[2025-12-13 07:47:01.472] [INFO] [3aff0ab8-9a92-46f1-b701-c7a1a139ab4e] Response: 304 (12ms)
[2025-12-13 07:47:10.727] [INFO] [de02d1c1-e580-46aa-8340-1511fe245487] ====== GET /api/v1/school ======
[2025-12-13 07:47:10.742] [INFO] [8c5c32f7-f25d-485f-aba5-b71b0b6acfd1] ====== GET /api/v1/auth/me ======
[2025-12-13 07:47:10.744] [INFO] [de02d1c1-e580-46aa-8340-1511fe245487] Response: 304 (17ms)
[2025-12-13 07:47:10.754] [INFO] [8c5c32f7-f25d-485f-aba5-b71b0b6acfd1] Response: 304 (12ms)
[2025-12-13 07:47:16.246] [INFO] [8dc8c449-6d6e-4d98-96fd-6cca07027e25] ====== GET /api/v1/auth/me ======
[2025-12-13 07:47:16.249] [INFO] [55a9517d-cb1d-4a46-8a35-bb29b874aaa4] ====== GET /api/v1/school ======
[2025-12-13 07:47:16.251] [INFO] [8dc8c449-6d6e-4d98-96fd-6cca07027e25] Response: 304 (5ms)
[2025-12-13 07:47:16.255] [INFO] [55a9517d-cb1d-4a46-8a35-bb29b874aaa4] Response: 304 (6ms)
[2025-12-13 07:47:41.714] [INFO] [bdacd6eb-952c-4a65-9af2-0b3dc01219cb] ====== GET /api/v1/school ======
[2025-12-13 07:47:41.728] [INFO] [bdacd6eb-952c-4a65-9af2-0b3dc01219cb] Response: 304 (14ms)
[2025-12-13 07:55:32.486] [INFO] [4516cd77-b1ad-475e-8e27-68a1c775d6d0] ====== GET /api/v1/school ======
[2025-12-13 07:55:32.495] [INFO] [4516cd77-b1ad-475e-8e27-68a1c775d6d0] Response: 304 (10ms)
[2025-12-13 07:57:32.456] [INFO] [0fb87076-1a08-4969-8b3f-0920d38089ff] ====== GET /api/v1/school ======
[2025-12-13 07:57:32.475] [INFO] [0fb87076-1a08-4969-8b3f-0920d38089ff] Response: 304 (19ms)
[2025-12-13 07:59:27.935] [INFO] [478337cd-e448-486d-97c4-4ff00865d61d] ====== GET /api/v1/auth/me ======
[2025-12-13 07:59:27.968] [INFO] [478337cd-e448-486d-97c4-4ff00865d61d] Response: 304 (33ms)
[2025-12-13 07:59:30.797] [INFO] [f4d36e26-a83d-4fc5-9a75-91f39b989b0e] ====== GET /api/v1/users ======
[2025-12-13 07:59:30.797] [INFO] [f4d36e26-a83d-4fc5-9a75-91f39b989b0e] Response: 400 (0ms)
[2025-12-13 07:59:31.815] [INFO] [faac512b-394a-492b-96d6-a32d8a3e11d7] ====== GET /api/v1/users ======
[2025-12-13 07:59:31.817] [INFO] [faac512b-394a-492b-96d6-a32d8a3e11d7] Response: 400 (2ms)
[2025-12-13 07:59:33.141] [INFO] [6823d356-b45e-4b01-890f-7d7c297d31a7] ====== GET /api/v1/users ======
[2025-12-13 07:59:33.142] [INFO] [6823d356-b45e-4b01-890f-7d7c297d31a7] Response: 400 (1ms)
[2025-12-13 07:59:33.145] [INFO] [7b6c04f3-e639-4251-b54b-73af5a7d87f7] ====== GET /api/v1/auth/me ======
[2025-12-13 07:59:33.147] [INFO] [7b6c04f3-e639-4251-b54b-73af5a7d87f7] Response: 304 (2ms)
[2025-12-13 07:59:34.155] [INFO] [37dcc647-a852-4550-ad74-4e457c0b6132] ====== GET /api/v1/users ======
[2025-12-13 07:59:34.158] [INFO] [37dcc647-a852-4550-ad74-4e457c0b6132] Response: 400 (3ms)
[2025-12-13 08:04:30.599] [INFO] [af0fa4b6-1b6b-4421-9802-4716300e01de] ====== POST /api/v1/auth/login ======
[2025-12-13 08:04:30.672] [INFO] [af0fa4b6-1b6b-4421-9802-4716300e01de] Response: 200 (73ms)
[2025-12-13 08:04:35.514] [INFO] [e7ceb89d-be5f-4b24-b20f-a07134a7e8f7] ====== GET /api/v1/users ======
[2025-12-13 08:04:35.517] [INFO] [e7ceb89d-be5f-4b24-b20f-a07134a7e8f7] Response: 200 (3ms)
[2025-12-13 08:04:41.373] [INFO] [ecd946d8-1608-40bd-9956-283f04167c90] ====== GET /api/v1/school ======
[2025-12-13 08:04:41.374] [INFO] [ecd946d8-1608-40bd-9956-283f04167c90] Response: 200 (1ms)
[2025-12-13 08:04:44.931] [INFO] [9151a460-1cb3-4a8a-9df4-f0f132bdb73b] ====== PUT /api/v1/school ======
[2025-12-13 08:04:44.940] [INFO] [9151a460-1cb3-4a8a-9df4-f0f132bdb73b] Response: 200 (8ms)
[2025-12-13 08:04:44.974] [INFO] [ce2dfa60-8d3c-426b-8847-52e7edd98703] ====== GET /api/v1/school ======
[2025-12-13 08:04:44.975] [INFO] [ce2dfa60-8d3c-426b-8847-52e7edd98703] Response: 200 (1ms)
[2025-12-13 08:05:08.417] [INFO] [d106fcde-2c08-4921-9882-f7d222fc3a3f] ====== POST /api/v1/auth/login ======
[2025-12-13 08:05:08.435] [ERROR] [d106fcde-2c08-4921-9882-f7d222fc3a3f] Error: Email atau password salah
[2025-12-13 08:05:08.436] [ERROR] [d106fcde-2c08-4921-9882-f7d222fc3a3f] UnauthorizedError: Email atau password salah
    at AuthService.login (/Users/galangkeda/Documents/EPadi/esepasi/.next/dev/server/chunks/[root-of-the-server]__11d6d2b1._.js:628:19)
    at process.processTicksAndRejections (node:internal/process/task_queues:105:5)
    at async /Users/galangkeda/Documents/EPadi/esepasi/.next/dev/server/chunks/[root-of-the-server]__11d6d2b1._.js:709:20
    at async /Users/galangkeda/Documents/EPadi/esepasi/.next/dev/server/chunks/[root-of-the-server]__a21b4811._.js:245:13
    at async apiResolver (/Users/galangkeda/Documents/EPadi/esepasi/node_modules/.pnpm/next@16.0.8_@babel+core@7.28.5_react-dom@19.2.1_react@19.2.1__react@19.2.1/node_modules/next/dist/compiled/next-server/pages-api-turbo.runtime.dev.js:2:4425)
    at async PagesAPIRouteModule.render (/Users/galangkeda/Documents/EPadi/esepasi/node_modules/.pnpm/next@16.0.8_@babel+core@7.28.5_react-dom@19.2.1_react@19.2.1__react@19.2.1/node_modules/next/dist/compiled/next-server/pages-api-turbo.runtime.dev.js:2:5955)
    at async Module.handler (/Users/galangkeda/Documents/EPadi/esepasi/.next/dev/server/chunks/718e3_next_dist_4d75f5da._.js:2935:13)
    at async DevServer.runApi (/Users/galangkeda/Documents/EPadi/esepasi/node_modules/.pnpm/next@16.0.8_@babel+core@7.28.5_react-dom@19.2.1_react@19.2.1__react@19.2.1/node_modules/next/dist/server/next-server.js:750:9)
    at async NextNodeServer.handleCatchallRenderRequest (/Users/galangkeda/Documents/EPadi/esepasi/node_modules/.pnpm/next@16.0.8_@babel+core@7.28.5_react-dom@19.2.1_react@19.2.1__react@19.2.1/node_modules/next/dist/server/next-server.js:391:37)
    at async DevServer.handleRequestImpl (/Users/galangkeda/Documents/EPadi/esepasi/node_modules/.pnpm/next@16.0.8_@babel+core@7.28.5_react-dom@19.2.1_react@19.2.1__react@19.2.1/node_modules/next/dist/server/base-server.js:912:17)
    at async /Users/galangkeda/Documents/EPadi/esepasi/node_modules/.pnpm/next@16.0.8_@babel+core@7.28.5_react-dom@19.2.1_react@19.2.1__react@19.2.1/node_modules/next/dist/server/dev/next-dev-server.js:382:20
    at async Span.traceAsyncFn (/Users/galangkeda/Documents/EPadi/esepasi/node_modules/.pnpm/next@16.0.8_@babel+core@7.28.5_react-dom@19.2.1_react@19.2.1__react@19.2.1/node_modules/next/dist/trace/trace.js:157:20)
    at async DevServer.handleRequest (/Users/galangkeda/Documents/EPadi/esepasi/node_modules/.pnpm/next@16.0.8_@babel+core@7.28.5_react-dom@19.2.1_react@19.2.1__react@19.2.1/node_modules/next/dist/server/dev/next-dev-server.js:378:24)
    at async invokeRender (/Users/galangkeda/Documents/EPadi/esepasi/node_modules/.pnpm/next@16.0.8_@babel+core@7.28.5_react-dom@19.2.1_react@19.2.1__react@19.2.1/node_modules/next/dist/server/lib/router-server.js:240:21)
    at async handleRequest (/Users/galangkeda/Documents/EPadi/esepasi/node_modules/.pnpm/next@16.0.8_@babel+core@7.28.5_react-dom@19.2.1_react@19.2.1__react@19.2.1/node_modules/next/dist/server/lib/router-server.js:436:24)
    at async requestHandlerImpl (/Users/galangkeda/Documents/EPadi/esepasi/node_modules/.pnpm/next@16.0.8_@babel+core@7.28.5_react-dom@19.2.1_react@19.2.1__react@19.2.1/node_modules/next/dist/server/lib/router-server.js:484:13)
    at async Server.requestListener (/Users/galangkeda/Documents/EPadi/esepasi/node_modules/.pnpm/next@16.0.8_@babel+core@7.28.5_react-dom@19.2.1_react@19.2.1__react@19.2.1/node_modules/next/dist/server/lib/start-server.js:226:13)
[2025-12-13 08:05:08.437] [INFO] [d106fcde-2c08-4921-9882-f7d222fc3a3f] Response: 401 (17ms)
[2025-12-13 08:05:13.467] [INFO] [7a3bf4f7-e287-480d-94d7-2d5acc4ed10f] ====== POST /api/v1/auth/login ======
[2025-12-13 08:05:13.535] [ERROR] [7a3bf4f7-e287-480d-94d7-2d5acc4ed10f] Error: Email atau password salah
[2025-12-13 08:05:13.535] [ERROR] [7a3bf4f7-e287-480d-94d7-2d5acc4ed10f] UnauthorizedError: Email atau password salah
    at AuthService.login (/Users/galangkeda/Documents/EPadi/esepasi/.next/dev/server/chunks/[root-of-the-server]__11d6d2b1._.js:635:19)
    at async /Users/galangkeda/Documents/EPadi/esepasi/.next/dev/server/chunks/[root-of-the-server]__11d6d2b1._.js:709:20
    at async /Users/galangkeda/Documents/EPadi/esepasi/.next/dev/server/chunks/[root-of-the-server]__a21b4811._.js:245:13
    at async apiResolver (/Users/galangkeda/Documents/EPadi/esepasi/node_modules/.pnpm/next@16.0.8_@babel+core@7.28.5_react-dom@19.2.1_react@19.2.1__react@19.2.1/node_modules/next/dist/compiled/next-server/pages-api-turbo.runtime.dev.js:2:4425)
    at async PagesAPIRouteModule.render (/Users/galangkeda/Documents/EPadi/esepasi/node_modules/.pnpm/next@16.0.8_@babel+core@7.28.5_react-dom@19.2.1_react@19.2.1__react@19.2.1/node_modules/next/dist/compiled/next-server/pages-api-turbo.runtime.dev.js:2:5955)
    at async Module.handler (/Users/galangkeda/Documents/EPadi/esepasi/.next/dev/server/chunks/718e3_next_dist_4d75f5da._.js:2935:13)
    at async DevServer.runApi (/Users/galangkeda/Documents/EPadi/esepasi/node_modules/.pnpm/next@16.0.8_@babel+core@7.28.5_react-dom@19.2.1_react@19.2.1__react@19.2.1/node_modules/next/dist/server/next-server.js:750:9)
    at async NextNodeServer.handleCatchallRenderRequest (/Users/galangkeda/Documents/EPadi/esepasi/node_modules/.pnpm/next@16.0.8_@babel+core@7.28.5_react-dom@19.2.1_react@19.2.1__react@19.2.1/node_modules/next/dist/server/next-server.js:391:37)
    at async DevServer.handleRequestImpl (/Users/galangkeda/Documents/EPadi/esepasi/node_modules/.pnpm/next@16.0.8_@babel+core@7.28.5_react-dom@19.2.1_react@19.2.1__react@19.2.1/node_modules/next/dist/server/base-server.js:912:17)
    at async /Users/galangkeda/Documents/EPadi/esepasi/node_modules/.pnpm/next@16.0.8_@babel+core@7.28.5_react-dom@19.2.1_react@19.2.1__react@19.2.1/node_modules/next/dist/server/dev/next-dev-server.js:382:20
    at async Span.traceAsyncFn (/Users/galangkeda/Documents/EPadi/esepasi/node_modules/.pnpm/next@16.0.8_@babel+core@7.28.5_react-dom@19.2.1_react@19.2.1__react@19.2.1/node_modules/next/dist/trace/trace.js:157:20)
    at async DevServer.handleRequest (/Users/galangkeda/Documents/EPadi/esepasi/node_modules/.pnpm/next@16.0.8_@babel+core@7.28.5_react-dom@19.2.1_react@19.2.1__react@19.2.1/node_modules/next/dist/server/dev/next-dev-server.js:378:24)
    at async invokeRender (/Users/galangkeda/Documents/EPadi/esepasi/node_modules/.pnpm/next@16.0.8_@babel+core@7.28.5_react-dom@19.2.1_react@19.2.1__react@19.2.1/node_modules/next/dist/server/lib/router-server.js:240:21)
    at async handleRequest (/Users/galangkeda/Documents/EPadi/esepasi/node_modules/.pnpm/next@16.0.8_@babel+core@7.28.5_react-dom@19.2.1_react@19.2.1__react@19.2.1/node_modules/next/dist/server/lib/router-server.js:436:24)
    at async requestHandlerImpl (/Users/galangkeda/Documents/EPadi/esepasi/node_modules/.pnpm/next@16.0.8_@babel+core@7.28.5_react-dom@19.2.1_react@19.2.1__react@19.2.1/node_modules/next/dist/server/lib/router-server.js:484:13)
    at async Server.requestListener (/Users/galangkeda/Documents/EPadi/esepasi/node_modules/.pnpm/next@16.0.8_@babel+core@7.28.5_react-dom@19.2.1_react@19.2.1__react@19.2.1/node_modules/next/dist/server/lib/start-server.js:226:13)
[2025-12-13 08:05:13.535] [INFO] [7a3bf4f7-e287-480d-94d7-2d5acc4ed10f] Response: 401 (67ms)
[2025-12-13 08:05:20.103] [INFO] [c0f37a4a-313c-4354-a4e9-36535a95b822] ====== POST /api/v1/auth/login ======
[2025-12-13 08:05:20.176] [INFO] [c0f37a4a-313c-4354-a4e9-36535a95b822] Response: 200 (73ms)
[2025-12-13 08:05:25.975] [INFO] [601e5154-325a-41ce-818c-ccb0304a6741] ====== GET /api/v1/school ======
[2025-12-13 08:05:25.977] [INFO] [601e5154-325a-41ce-818c-ccb0304a6741] Response: 304 (3ms)
[2025-12-13 08:05:30.084] [INFO] [14089ce8-cb8f-43c2-ad16-533e7fb88ea2] ====== PUT /api/v1/school ======
[2025-12-13 08:05:30.090] [INFO] [14089ce8-cb8f-43c2-ad16-533e7fb88ea2] Response: 200 (6ms)
[2025-12-13 08:05:30.123] [INFO] [b0610b10-5afe-41b0-932f-64e02b6f8512] ====== GET /api/v1/school ======
[2025-12-13 08:05:30.124] [INFO] [b0610b10-5afe-41b0-932f-64e02b6f8512] Response: 200 (1ms)
[2025-12-13 08:05:31.385] [INFO] [89ff3b78-0cdb-4d4b-b40c-9d5f5334f610] ====== GET /api/v1/users ======
[2025-12-13 08:05:31.388] [INFO] [89ff3b78-0cdb-4d4b-b40c-9d5f5334f610] Response: 304 (3ms)
[2025-12-13 08:05:32.606] [INFO] [a46e757f-be44-4aae-933c-0c76b82931be] ====== GET /api/v1/users ======
[2025-12-13 08:05:32.611] [INFO] [a46e757f-be44-4aae-933c-0c76b82931be] Response: 304 (5ms)
[2025-12-13 08:05:32.648] [INFO] [bea2f0e4-a822-4896-8778-2ed0e38df257] ====== GET /api/v1/auth/me ======
[2025-12-13 08:05:32.651] [INFO] [bea2f0e4-a822-4896-8778-2ed0e38df257] Response: 200 (3ms)
[2025-12-13 08:06:20.703] [INFO] [c0104408-526a-4c83-8a81-ba2375de8e93] ====== GET /api/v1/users ======
[2025-12-13 08:06:20.714] [INFO] [c0104408-526a-4c83-8a81-ba2375de8e93] Response: 304 (12ms)
[2025-12-13 08:06:25.425] [INFO] [8d4d9482-ff6e-445f-aaa5-8cb271b28cc9] ====== GET /api/v1/users ======
[2025-12-13 08:06:25.427] [INFO] [8d4d9482-ff6e-445f-aaa5-8cb271b28cc9] Response: 304 (2ms)
[2025-12-13 08:09:06.332] [INFO] [4059c069-9232-44bd-bdf5-90a70d279f47] ====== GET /api/v1/auth/me ======
[2025-12-13 08:09:06.334] [INFO] [abeed4eb-5c0b-480e-9b50-f491a665c3f5] ====== GET /api/v1/users ======
[2025-12-13 08:09:06.369] [INFO] [4059c069-9232-44bd-bdf5-90a70d279f47] Response: 304 (37ms)
[2025-12-13 08:09:06.370] [INFO] [abeed4eb-5c0b-480e-9b50-f491a665c3f5] Response: 304 (36ms)
[2025-12-13 08:09:34.127] [INFO] [33838bf8-9ba9-4acb-a5d9-0a8a112330c9] ====== POST /api/v1/users ======
[2025-12-13 08:09:34.206] [INFO] [33838bf8-9ba9-4acb-a5d9-0a8a112330c9] Response: 201 (79ms)
[2025-12-13 08:09:34.211] [INFO] [e0de021f-7222-4b87-b387-16b4ef6cbadb] ====== GET /api/v1/users ======
[2025-12-13 08:09:34.212] [INFO] [e0de021f-7222-4b87-b387-16b4ef6cbadb] Response: 200 (1ms)
[2025-12-13 08:10:02.611] [INFO] [75f91187-743b-4c87-afa1-b8f6c982a7b3] ====== GET /api/v1/users ======
[2025-12-13 08:10:02.624] [INFO] [75f91187-743b-4c87-afa1-b8f6c982a7b3] Response: 304 (13ms)
[2025-12-13 08:10:17.512] [INFO] [6b28c9c3-f76f-4576-933d-38fd363fbd4e] ====== GET /api/v1/users ======
[2025-12-13 08:10:17.523] [INFO] [6b28c9c3-f76f-4576-933d-38fd363fbd4e] Response: 304 (11ms)
[2025-12-13 08:10:40.854] [INFO] [5782b443-e452-4c11-86df-4144119cd727] ====== POST /api/v1/auth/login ======
[2025-12-13 08:10:40.969] [INFO] [5782b443-e452-4c11-86df-4144119cd727] Response: 200 (115ms)
[2025-12-13 08:10:44.949] [INFO] [e5715e6d-c3ed-4c9a-92fa-ea8eeb3ab06f] ====== GET /api/v1/school ======
[2025-12-13 08:10:44.952] [INFO] [e5715e6d-c3ed-4c9a-92fa-ea8eeb3ab06f] Response: 304 (3ms)
[2025-12-13 08:10:45.372] [INFO] [85f430eb-b37e-4bc8-bcaf-5aa9c5b2166d] ====== GET /api/v1/users ======
[2025-12-13 08:10:45.374] [INFO] [85f430eb-b37e-4bc8-bcaf-5aa9c5b2166d] Response: 304 (2ms)
[2025-12-13 08:10:56.662] [INFO] [b0c16784-7fe3-46f8-b75e-d623a8ebf8e1] ====== POST /api/v1/auth/login ======
[2025-12-13 08:10:56.742] [INFO] [b0c16784-7fe3-46f8-b75e-d623a8ebf8e1] Response: 200 (80ms)
[2025-12-13 08:11:03.658] [INFO] [33635e20-1c39-4237-b09b-6664e7e78364] ====== GET /api/v1/users ======
[2025-12-13 08:11:03.660] [INFO] [33635e20-1c39-4237-b09b-6664e7e78364] Response: 304 (2ms)
[2025-12-13 08:11:06.976] [INFO] [65edb6ec-1efe-45d2-b476-31e431c2a24c] ====== PUT /api/v1/users/eb4ceb10-7963-4fc3-bc54-b7155f64f9a6 ======
[2025-12-13 08:11:06.982] [INFO] [65edb6ec-1efe-45d2-b476-31e431c2a24c] Response: 200 (6ms)
[2025-12-13 08:11:07.008] [INFO] [b6297d9b-faf1-4133-a198-3f556f48bef6] ====== GET /api/v1/users ======
[2025-12-13 08:11:07.009] [INFO] [b6297d9b-faf1-4133-a198-3f556f48bef6] Response: 200 (1ms)
[2025-12-13 08:11:15.404] [INFO] [6be93aef-0946-4aa3-b5a8-1f0436821596] ====== POST /api/v1/auth/login ======
[2025-12-13 08:11:15.405] [ERROR] [6be93aef-0946-4aa3-b5a8-1f0436821596] Error: Akun tidak aktif. Silakan hubungi administrator.
[2025-12-13 08:11:15.405] [ERROR] [6be93aef-0946-4aa3-b5a8-1f0436821596] UnauthorizedError: Akun tidak aktif. Silakan hubungi administrator.
    at AuthService.login (/Users/galangkeda/Documents/EPadi/esepasi/.next/dev/server/chunks/[root-of-the-server]__11d6d2b1._.js:631:19)
    at process.processTicksAndRejections (node:internal/process/task_queues:105:5)
    at async /Users/galangkeda/Documents/EPadi/esepasi/.next/dev/server/chunks/[root-of-the-server]__11d6d2b1._.js:709:20
    at async /Users/galangkeda/Documents/EPadi/esepasi/.next/dev/server/chunks/[root-of-the-server]__a21b4811._.js:245:13
    at async apiResolver (/Users/galangkeda/Documents/EPadi/esepasi/node_modules/.pnpm/next@16.0.8_@babel+core@7.28.5_react-dom@19.2.1_react@19.2.1__react@19.2.1/node_modules/next/dist/compiled/next-server/pages-api-turbo.runtime.dev.js:2:4425)
    at async PagesAPIRouteModule.render (/Users/galangkeda/Documents/EPadi/esepasi/node_modules/.pnpm/next@16.0.8_@babel+core@7.28.5_react-dom@19.2.1_react@19.2.1__react@19.2.1/node_modules/next/dist/compiled/next-server/pages-api-turbo.runtime.dev.js:2:5955)
    at async Module.handler (/Users/galangkeda/Documents/EPadi/esepasi/.next/dev/server/chunks/718e3_next_dist_4d75f5da._.js:2935:13)
    at async DevServer.runApi (/Users/galangkeda/Documents/EPadi/esepasi/node_modules/.pnpm/next@16.0.8_@babel+core@7.28.5_react-dom@19.2.1_react@19.2.1__react@19.2.1/node_modules/next/dist/server/next-server.js:750:9)
    at async NextNodeServer.handleCatchallRenderRequest (/Users/galangkeda/Documents/EPadi/esepasi/node_modules/.pnpm/next@16.0.8_@babel+core@7.28.5_react-dom@19.2.1_react@19.2.1__react@19.2.1/node_modules/next/dist/server/next-server.js:391:37)
    at async DevServer.handleRequestImpl (/Users/galangkeda/Documents/EPadi/esepasi/node_modules/.pnpm/next@16.0.8_@babel+core@7.28.5_react-dom@19.2.1_react@19.2.1__react@19.2.1/node_modules/next/dist/server/base-server.js:912:17)
    at async /Users/galangkeda/Documents/EPadi/esepasi/node_modules/.pnpm/next@16.0.8_@babel+core@7.28.5_react-dom@19.2.1_react@19.2.1__react@19.2.1/node_modules/next/dist/server/dev/next-dev-server.js:382:20
    at async Span.traceAsyncFn (/Users/galangkeda/Documents/EPadi/esepasi/node_modules/.pnpm/next@16.0.8_@babel+core@7.28.5_react-dom@19.2.1_react@19.2.1__react@19.2.1/node_modules/next/dist/trace/trace.js:157:20)
    at async DevServer.handleRequest (/Users/galangkeda/Documents/EPadi/esepasi/node_modules/.pnpm/next@16.0.8_@babel+core@7.28.5_react-dom@19.2.1_react@19.2.1__react@19.2.1/node_modules/next/dist/server/dev/next-dev-server.js:378:24)
    at async invokeRender (/Users/galangkeda/Documents/EPadi/esepasi/node_modules/.pnpm/next@16.0.8_@babel+core@7.28.5_react-dom@19.2.1_react@19.2.1__react@19.2.1/node_modules/next/dist/server/lib/router-server.js:240:21)
    at async handleRequest (/Users/galangkeda/Documents/EPadi/esepasi/node_modules/.pnpm/next@16.0.8_@babel+core@7.28.5_react-dom@19.2.1_react@19.2.1__react@19.2.1/node_modules/next/dist/server/lib/router-server.js:436:24)
    at async requestHandlerImpl (/Users/galangkeda/Documents/EPadi/esepasi/node_modules/.pnpm/next@16.0.8_@babel+core@7.28.5_react-dom@19.2.1_react@19.2.1__react@19.2.1/node_modules/next/dist/server/lib/router-server.js:484:13)
    at async Server.requestListener (/Users/galangkeda/Documents/EPadi/esepasi/node_modules/.pnpm/next@16.0.8_@babel+core@7.28.5_react-dom@19.2.1_react@19.2.1__react@19.2.1/node_modules/next/dist/server/lib/start-server.js:226:13)
[2025-12-13 08:11:15.406] [INFO] [6be93aef-0946-4aa3-b5a8-1f0436821596] Response: 401 (1ms)
[2025-12-13 08:11:20.144] [INFO] [e30fbc7d-bfeb-495c-8c14-6d7d32dc7402] ====== POST /api/v1/auth/login ======
[2025-12-13 08:11:20.223] [INFO] [e30fbc7d-bfeb-495c-8c14-6d7d32dc7402] Response: 200 (79ms)
[2025-12-13 08:11:23.220] [INFO] [62cd2932-8dd3-4939-a4c2-d15bd1cd970b] ====== GET /api/v1/school ======
[2025-12-13 08:11:23.223] [INFO] [62cd2932-8dd3-4939-a4c2-d15bd1cd970b] Response: 304 (3ms)
[2025-12-13 08:11:23.771] [INFO] [cc141344-c0e2-41ad-93fd-58146fa183ae] ====== GET /api/v1/users ======
[2025-12-13 08:11:23.772] [INFO] [cc141344-c0e2-41ad-93fd-58146fa183ae] Response: 304 (1ms)
[2025-12-13 08:11:25.372] [INFO] [647d72a9-9e76-4dde-9cb1-a9369673c39a] ====== PUT /api/v1/users/eb4ceb10-7963-4fc3-bc54-b7155f64f9a6 ======
[2025-12-13 08:11:25.375] [INFO] [647d72a9-9e76-4dde-9cb1-a9369673c39a] Response: 200 (3ms)
[2025-12-13 08:11:25.422] [INFO] [23051a36-74f8-468f-99d5-76f18f335207] ====== GET /api/v1/users ======
[2025-12-13 08:11:25.423] [INFO] [23051a36-74f8-468f-99d5-76f18f335207] Response: 200 (1ms)
[2025-12-13 08:11:33.005] [INFO] [97764e5f-8267-42bb-86bd-2f940fe0c198] ====== PUT /api/v1/users/eb4ceb10-7963-4fc3-bc54-b7155f64f9a6 ======
[2025-12-13 08:11:33.008] [INFO] [97764e5f-8267-42bb-86bd-2f940fe0c198] Response: 200 (3ms)
[2025-12-13 08:11:33.059] [INFO] [29bb1893-79fc-4209-b875-8e782a752675] ====== GET /api/v1/users ======
[2025-12-13 08:11:33.060] [INFO] [29bb1893-79fc-4209-b875-8e782a752675] Response: 304 (1ms)
[2025-12-13 08:11:36.964] [INFO] [bb511d11-5fd4-4e69-981a-a0ef697c1c58] ====== PUT /api/v1/users/eb4ceb10-7963-4fc3-bc54-b7155f64f9a6 ======
[2025-12-13 08:11:36.966] [INFO] [bb511d11-5fd4-4e69-981a-a0ef697c1c58] Response: 200 (2ms)
[2025-12-13 08:11:37.022] [INFO] [752dfb1f-86b0-4fb8-85d5-9cbf7f2e40a7] ====== GET /api/v1/users ======
[2025-12-13 08:11:37.023] [INFO] [752dfb1f-86b0-4fb8-85d5-9cbf7f2e40a7] Response: 200 (1ms)
[2025-12-13 08:11:51.743] [INFO] [2181d590-cf8b-42ca-8d52-bc7fa0e44a36] ====== POST /api/v1/users ======
[2025-12-13 08:11:51.836] [INFO] [2181d590-cf8b-42ca-8d52-bc7fa0e44a36] Response: 201 (93ms)
[2025-12-13 08:11:51.840] [INFO] [37f57724-5b51-4e38-b170-303560f17c2f] ====== GET /api/v1/users ======
[2025-12-13 08:11:51.842] [INFO] [37f57724-5b51-4e38-b170-303560f17c2f] Response: 200 (2ms)
[2025-12-13 08:11:57.936] [INFO] [ac0c363b-31af-4832-924e-ca7c1477b1c4] ====== POST /api/v1/users ======
[2025-12-13 08:11:57.938] [ERROR] [ac0c363b-31af-4832-924e-ca7c1477b1c4] Error: Email sudah terdaftar
[2025-12-13 08:11:57.938] [ERROR] [ac0c363b-31af-4832-924e-ca7c1477b1c4] ConflictError: Email sudah terdaftar
    at UserService.createUser (/Users/galangkeda/Documents/EPadi/esepasi/.next/dev/server/chunks/[root-of-the-server]__9c4cfcce._.js:460:19)
    at process.processTicksAndRejections (node:internal/process/task_queues:105:5)
    at async /Users/galangkeda/Documents/EPadi/esepasi/.next/dev/server/chunks/[root-of-the-server]__9c4cfcce._.js:584:9
    at async /Users/galangkeda/Documents/EPadi/esepasi/.next/dev/server/chunks/[root-of-the-server]__9c4cfcce._.js:245:13
    at async apiResolver (/Users/galangkeda/Documents/EPadi/esepasi/node_modules/.pnpm/next@16.0.8_@babel+core@7.28.5_react-dom@19.2.1_react@19.2.1__react@19.2.1/node_modules/next/dist/compiled/next-server/pages-api-turbo.runtime.dev.js:2:4425)
    at async PagesAPIRouteModule.render (/Users/galangkeda/Documents/EPadi/esepasi/node_modules/.pnpm/next@16.0.8_@babel+core@7.28.5_react-dom@19.2.1_react@19.2.1__react@19.2.1/node_modules/next/dist/compiled/next-server/pages-api-turbo.runtime.dev.js:2:5955)
    at async Module.handler (/Users/galangkeda/Documents/EPadi/esepasi/.next/dev/server/chunks/718e3_next_dist_dead01aa._.js:2935:13)
    at async DevServer.runApi (/Users/galangkeda/Documents/EPadi/esepasi/node_modules/.pnpm/next@16.0.8_@babel+core@7.28.5_react-dom@19.2.1_react@19.2.1__react@19.2.1/node_modules/next/dist/server/next-server.js:750:9)
    at async NextNodeServer.handleCatchallRenderRequest (/Users/galangkeda/Documents/EPadi/esepasi/node_modules/.pnpm/next@16.0.8_@babel+core@7.28.5_react-dom@19.2.1_react@19.2.1__react@19.2.1/node_modules/next/dist/server/next-server.js:391:37)
    at async DevServer.handleRequestImpl (/Users/galangkeda/Documents/EPadi/esepasi/node_modules/.pnpm/next@16.0.8_@babel+core@7.28.5_react-dom@19.2.1_react@19.2.1__react@19.2.1/node_modules/next/dist/server/base-server.js:912:17)
    at async /Users/galangkeda/Documents/EPadi/esepasi/node_modules/.pnpm/next@16.0.8_@babel+core@7.28.5_react-dom@19.2.1_react@19.2.1__react@19.2.1/node_modules/next/dist/server/dev/next-dev-server.js:382:20
    at async Span.traceAsyncFn (/Users/galangkeda/Documents/EPadi/esepasi/node_modules/.pnpm/next@16.0.8_@babel+core@7.28.5_react-dom@19.2.1_react@19.2.1__react@19.2.1/node_modules/next/dist/trace/trace.js:157:20)
    at async DevServer.handleRequest (/Users/galangkeda/Documents/EPadi/esepasi/node_modules/.pnpm/next@16.0.8_@babel+core@7.28.5_react-dom@19.2.1_react@19.2.1__react@19.2.1/node_modules/next/dist/server/dev/next-dev-server.js:378:24)
    at async invokeRender (/Users/galangkeda/Documents/EPadi/esepasi/node_modules/.pnpm/next@16.0.8_@babel+core@7.28.5_react-dom@19.2.1_react@19.2.1__react@19.2.1/node_modules/next/dist/server/lib/router-server.js:240:21)
    at async handleRequest (/Users/galangkeda/Documents/EPadi/esepasi/node_modules/.pnpm/next@16.0.8_@babel+core@7.28.5_react-dom@19.2.1_react@19.2.1__react@19.2.1/node_modules/next/dist/server/lib/router-server.js:436:24)
    at async requestHandlerImpl (/Users/galangkeda/Documents/EPadi/esepasi/node_modules/.pnpm/next@16.0.8_@babel+core@7.28.5_react-dom@19.2.1_react@19.2.1__react@19.2.1/node_modules/next/dist/server/lib/router-server.js:484:13)
    at async Server.requestListener (/Users/galangkeda/Documents/EPadi/esepasi/node_modules/.pnpm/next@16.0.8_@babel+core@7.28.5_react-dom@19.2.1_react@19.2.1__react@19.2.1/node_modules/next/dist/server/lib/start-server.js:226:13)
[2025-12-13 08:11:57.939] [INFO] [ac0c363b-31af-4832-924e-ca7c1477b1c4] Response: 409 (2ms)
[2025-12-13 08:12:02.850] [INFO] [70f74ca0-8619-47fc-8ee9-a14246fb0027] ====== POST /api/v1/users ======
[2025-12-13 08:12:02.919] [INFO] [70f74ca0-8619-47fc-8ee9-a14246fb0027] Response: 201 (69ms)
[2025-12-13 08:12:02.924] [INFO] [103b8e67-d31b-4b58-89ee-5f4bec934d15] ====== GET /api/v1/users ======
[2025-12-13 08:12:02.927] [INFO] [103b8e67-d31b-4b58-89ee-5f4bec934d15] Response: 200 (3ms)
[2025-12-13 08:12:10.528] [INFO] [cfa408a7-9f6c-4b8d-adbf-914262ff7873] ====== POST /api/v1/users ======
[2025-12-13 08:12:10.606] [INFO] [cfa408a7-9f6c-4b8d-adbf-914262ff7873] Response: 201 (77ms)
[2025-12-13 08:12:10.613] [INFO] [008c7908-8c53-47ea-bc60-400ef779171f] ====== GET /api/v1/users ======
[2025-12-13 08:12:10.614] [INFO] [008c7908-8c53-47ea-bc60-400ef779171f] Response: 200 (1ms)
[2025-12-13 08:12:17.455] [INFO] [11c62e13-278f-4f82-8f60-6ef04cc3f1b7] ====== POST /api/v1/users ======
[2025-12-13 08:12:17.519] [INFO] [11c62e13-278f-4f82-8f60-6ef04cc3f1b7] Response: 201 (64ms)
[2025-12-13 08:12:17.527] [INFO] [786f5d20-81b5-45cd-b49a-e30f5b12ba85] ====== GET /api/v1/users ======
[2025-12-13 08:12:17.529] [INFO] [786f5d20-81b5-45cd-b49a-e30f5b12ba85] Response: 200 (2ms)
[2025-12-13 08:12:22.969] [INFO] [dd410d46-5620-4004-9895-00bf89f04269] ====== GET /api/v1/users ======
[2025-12-13 08:12:22.971] [INFO] [e3360780-b12b-4baa-9dfa-f2bebdddcc54] ====== GET /api/v1/auth/me ======
[2025-12-13 08:12:22.974] [INFO] [dd410d46-5620-4004-9895-00bf89f04269] Response: 304 (5ms)
[2025-12-13 08:12:22.985] [INFO] [e3360780-b12b-4baa-9dfa-f2bebdddcc54] Response: 304 (14ms)
[2025-12-13 08:12:30.268] [INFO] [74be961a-11f2-4735-8361-20a2b44f4323] ====== GET /api/v1/school ======
[2025-12-13 08:12:30.272] [INFO] [74be961a-11f2-4735-8361-20a2b44f4323] Response: 304 (4ms)
[2025-12-13 08:12:30.976] [INFO] [82c11658-d6d3-49fe-9d25-dc3873a77e82] ====== GET /api/v1/users ======
[2025-12-13 08:12:30.978] [INFO] [82c11658-d6d3-49fe-9d25-dc3873a77e82] Response: 304 (2ms)
[2025-12-13 08:12:32.798] [INFO] [08215417-a0ca-4ad1-aec8-211e522098c5] ====== GET /api/v1/school ======
[2025-12-13 08:12:32.800] [INFO] [08215417-a0ca-4ad1-aec8-211e522098c5] Response: 304 (2ms)
[2025-12-13 08:12:33.520] [INFO] [dbe5eeef-1b82-4a59-8cb2-b62aa68d86ce] ====== GET /api/v1/users ======
[2025-12-13 08:12:33.522] [INFO] [dbe5eeef-1b82-4a59-8cb2-b62aa68d86ce] Response: 304 (2ms)
[2025-12-13 08:12:42.385] [INFO] [71c923c2-22fa-48ac-9f45-2629daefdec1] ====== POST /api/v1/auth/login ======
[2025-12-13 08:12:42.454] [INFO] [71c923c2-22fa-48ac-9f45-2629daefdec1] Response: 200 (69ms)
[2025-12-13 08:14:29.817] [INFO] [2fd49df9-c3a7-4183-b954-fc5c1cdc5f32] ====== POST /api/v1/auth/login ======
[2025-12-13 08:14:29.901] [INFO] [2fd49df9-c3a7-4183-b954-fc5c1cdc5f32] Response: 200 (84ms)
[2025-12-13 08:14:30.859] [INFO] [91db3b6e-198c-440e-8909-f09dc83ced53] ====== GET /api/v1/auth/me ======
[2025-12-13 08:14:30.862] [INFO] [91db3b6e-198c-440e-8909-f09dc83ced53] Response: 304 (2ms)
[2025-12-13 08:14:32.322] [INFO] [a726830a-a2ae-4190-98e4-46346b01c256] ====== GET /api/v1/auth/me ======
[2025-12-13 08:14:32.324] [INFO] [a726830a-a2ae-4190-98e4-46346b01c256] Response: 304 (2ms)
[2025-12-13 08:14:33.711] [INFO] [67ead40e-5d93-4b3c-aea6-8baef620a731] ====== GET /api/v1/auth/me ======
[2025-12-13 08:14:33.712] [INFO] [67ead40e-5d93-4b3c-aea6-8baef620a731] Response: 304 (1ms)
[2025-12-13 08:14:39.996] [INFO] [04b89556-8213-4e68-a30b-73de4e2cf81e] ====== GET /api/v1/auth/me ======
[2025-12-13 08:14:40.001] [INFO] [04b89556-8213-4e68-a30b-73de4e2cf81e] Response: 304 (6ms)
[2025-12-13 08:14:45.766] [INFO] [e369bb43-f798-484a-832c-0be88c666937] ====== GET /api/v1/school ======
[2025-12-13 08:14:45.769] [INFO] [e369bb43-f798-484a-832c-0be88c666937] Response: 304 (3ms)
[2025-12-13 08:14:46.353] [INFO] [0a41f14e-689f-4afa-a576-7b0bb82077d8] ====== GET /api/v1/users ======
[2025-12-13 08:14:46.357] [INFO] [0a41f14e-689f-4afa-a576-7b0bb82077d8] Response: 304 (4ms)
[2025-12-13 08:14:48.640] [INFO] [87390f01-f1a8-415c-94ed-63b1ff26c754] ====== PUT /api/v1/users/2915b2d3-10c5-4547-9f23-123a42eafb86 ======
[2025-12-13 08:14:48.646] [INFO] [87390f01-f1a8-415c-94ed-63b1ff26c754] Response: 200 (6ms)
[2025-12-13 08:14:48.713] [INFO] [8e385ca2-86ed-4c7c-9efb-5588a2cf11d1] ====== GET /api/v1/users ======
[2025-12-13 08:14:48.715] [INFO] [8e385ca2-86ed-4c7c-9efb-5588a2cf11d1] Response: 200 (2ms)
[2025-12-13 08:14:59.235] [INFO] [b6952896-6d59-4749-abce-38b2f4961ac5] ====== DELETE /api/v1/users/b733ce95-38b6-400f-a810-3e0e0d194aef ======
[2025-12-13 08:14:59.252] [INFO] [b6952896-6d59-4749-abce-38b2f4961ac5] Response: 200 (17ms)
[2025-12-13 08:14:59.307] [INFO] [eac1c01f-f567-4a69-a0f2-b3655c694002] ====== GET /api/v1/users ======
[2025-12-13 08:14:59.309] [INFO] [eac1c01f-f567-4a69-a0f2-b3655c694002] Response: 200 (2ms)
[2025-12-13 08:15:04.608] [INFO] [ab820ff1-978b-4d19-820f-6b85dfe6d668] ====== GET /api/v1/school ======
[2025-12-13 08:15:04.610] [INFO] [ab820ff1-978b-4d19-820f-6b85dfe6d668] Response: 304 (2ms)
[2025-12-13 08:15:05.566] [INFO] [c9bd87de-1077-4e76-80b5-3d031a49b46a] ====== GET /api/v1/users ======
[2025-12-13 08:15:05.568] [INFO] [c9bd87de-1077-4e76-80b5-3d031a49b46a] Response: 304 (2ms)
[2025-12-13 08:16:18.153] [INFO] [b708c807-4a89-446b-8bee-cac8ec96f294] ====== GET /api/v1/auth/me ======
[2025-12-13 08:16:18.214] [INFO] [b708c807-4a89-446b-8bee-cac8ec96f294] Response: 304 (61ms)
[2025-12-13 08:16:27.728] [INFO] [b35673d0-27cd-4634-9b5c-13eb8360590a] ====== GET /api/v1/auth/me ======
[2025-12-13 08:16:27.738] [INFO] [b35673d0-27cd-4634-9b5c-13eb8360590a] Response: 304 (10ms)
[2025-12-13 08:16:58.975] [INFO] [77552de1-9276-4cd5-b6ea-a99b6c6b2312] ====== GET /api/v1/auth/me ======
[2025-12-13 08:16:59.039] [INFO] [77552de1-9276-4cd5-b6ea-a99b6c6b2312] Response: 304 (64ms)
[2025-12-13 08:17:42.881] [INFO] [1aa32763-6434-47db-9b3c-2d232b0a0e3b] ====== GET /api/v1/auth/me ======
[2025-12-13 08:17:42.891] [INFO] [1aa32763-6434-47db-9b3c-2d232b0a0e3b] Response: 304 (10ms)
[2025-12-13 08:17:54.928] [INFO] [6f99e0c5-898c-40af-b426-0d9eca73e510] ====== GET /api/v1/auth/me ======
[2025-12-13 08:17:54.952] [INFO] [6f99e0c5-898c-40af-b426-0d9eca73e510] Response: 304 (24ms)
[2025-12-13 08:19:27.046] [INFO] [6ec65c16-a37d-439c-98f8-f8e070da9985] ====== GET /api/v1/auth/me ======
[2025-12-13 08:19:27.077] [INFO] [6ec65c16-a37d-439c-98f8-f8e070da9985] Response: 304 (31ms)
[2025-12-13 08:20:18.344] [INFO] [73ddc0a1-c95e-458a-9725-5d0a44215e42] ====== GET /api/v1/auth/me ======
[2025-12-13 08:20:18.371] [INFO] [73ddc0a1-c95e-458a-9725-5d0a44215e42] Response: 304 (27ms)
[2025-12-13 08:21:11.161] [INFO] [9a8947e4-8586-43ed-bcfc-529aba5ef2e6] ====== GET /api/v1/auth/me ======
[2025-12-13 08:21:11.180] [INFO] [9a8947e4-8586-43ed-bcfc-529aba5ef2e6] Response: 304 (19ms)
[2025-12-13 08:21:26.869] [INFO] [321f2522-fba9-4411-8d3f-d70b0414c46f] ====== GET /api/v1/auth/me ======
[2025-12-13 08:21:26.876] [INFO] [321f2522-fba9-4411-8d3f-d70b0414c46f] Response: 304 (7ms)
[2025-12-13 08:36:09.458] [INFO] [0ff79b4d-337a-4495-9bd9-fae59438af21] ====== GET /api/v1/auth/me ======
[2025-12-13 08:36:09.494] [INFO] [0ff79b4d-337a-4495-9bd9-fae59438af21] Response: 304 (36ms)
[2025-12-13 08:36:09.858] [INFO] [2c19ea34-b282-4dc1-919c-a1d341f02d67] ====== GET /api/v1/students?page=1&limit=10&search=&status=&payment_status= ======
[2025-12-13 08:36:09.882] [INFO] [2c19ea34-b282-4dc1-919c-a1d341f02d67] Response: 200 (23ms)
[2025-12-13 08:36:11.764] [INFO] [27dc1e51-7e47-4fbb-80de-ab0d28691a3e] ====== GET /api/v1/students?page=1&limit=10&search=&status=&payment_status= ======
[2025-12-13 08:36:11.767] [INFO] [27dc1e51-7e47-4fbb-80de-ab0d28691a3e] Response: 304 (3ms)
[2025-12-13 08:36:27.311] [INFO] [8b452d7b-f488-4f76-a024-fe5f715d8945] ====== POST /api/v1/students ======
[2025-12-13 08:36:27.322] [INFO] [8b452d7b-f488-4f76-a024-fe5f715d8945] Response: 201 (11ms)
[2025-12-13 08:36:27.371] [INFO] [1c84ed72-783f-41fa-a7b1-9adc1715d0ec] ====== GET /api/v1/students?page=1&limit=10&search=&status=&payment_status= ======
[2025-12-13 08:36:27.403] [INFO] [1c84ed72-783f-41fa-a7b1-9adc1715d0ec] Response: 200 (33ms)
[2025-12-13 08:36:33.226] [INFO] [2d7c19ab-0861-4b01-ab5f-e2d4ffdc9a2f] ====== POST /api/v1/students ======
[2025-12-13 08:36:33.231] [INFO] [2d7c19ab-0861-4b01-ab5f-e2d4ffdc9a2f] Response: 201 (5ms)
[2025-12-13 08:36:33.276] [INFO] [2e544cf6-9cb4-42e4-b2d4-d3cc525668b7] ====== GET /api/v1/students?page=1&limit=10&search=&status=&payment_status= ======
[2025-12-13 08:36:33.278] [INFO] [2e544cf6-9cb4-42e4-b2d4-d3cc525668b7] Response: 200 (2ms)
[2025-12-13 08:36:37.991] [INFO] [fa452b5f-8c2f-43fb-9890-0f58db1f7c04] ====== POST /api/v1/students ======
[2025-12-13 08:36:37.993] [ERROR] [fa452b5f-8c2f-43fb-9890-0f58db1f7c04] Error: Siswa dengan NIS 1Galang sudah terdaftar
[2025-12-13 08:36:37.994] [ERROR] [fa452b5f-8c2f-43fb-9890-0f58db1f7c04] ConflictError: Siswa dengan NIS 1Galang sudah terdaftar
    at StudentService.createStudent (/Users/galangkeda/Documents/EPadi/esepasi/.next/dev/server/chunks/[root-of-the-server]__b3aa2198._.js:537:19)
    at process.processTicksAndRejections (node:internal/process/task_queues:105:5)
    at async /Users/galangkeda/Documents/EPadi/esepasi/.next/dev/server/chunks/[root-of-the-server]__b3aa2198._.js:725:9
    at async /Users/galangkeda/Documents/EPadi/esepasi/.next/dev/server/chunks/[root-of-the-server]__cf7da6f0._.js:299:13
    at async apiResolver (/Users/galangkeda/Documents/EPadi/esepasi/node_modules/.pnpm/next@16.0.8_@babel+core@7.28.5_react-dom@19.2.1_react@19.2.1__react@19.2.1/node_modules/next/dist/compiled/next-server/pages-api-turbo.runtime.dev.js:2:4425)
    at async PagesAPIRouteModule.render (/Users/galangkeda/Documents/EPadi/esepasi/node_modules/.pnpm/next@16.0.8_@babel+core@7.28.5_react-dom@19.2.1_react@19.2.1__react@19.2.1/node_modules/next/dist/compiled/next-server/pages-api-turbo.runtime.dev.js:2:5955)
    at async Module.handler (/Users/galangkeda/Documents/EPadi/esepasi/.next/dev/server/chunks/718e3_next_dist_445301ab._.js:2935:13)
    at async DevServer.runApi (/Users/galangkeda/Documents/EPadi/esepasi/node_modules/.pnpm/next@16.0.8_@babel+core@7.28.5_react-dom@19.2.1_react@19.2.1__react@19.2.1/node_modules/next/dist/server/next-server.js:750:9)
    at async NextNodeServer.handleCatchallRenderRequest (/Users/galangkeda/Documents/EPadi/esepasi/node_modules/.pnpm/next@16.0.8_@babel+core@7.28.5_react-dom@19.2.1_react@19.2.1__react@19.2.1/node_modules/next/dist/server/next-server.js:391:37)
    at async DevServer.handleRequestImpl (/Users/galangkeda/Documents/EPadi/esepasi/node_modules/.pnpm/next@16.0.8_@babel+core@7.28.5_react-dom@19.2.1_react@19.2.1__react@19.2.1/node_modules/next/dist/server/base-server.js:912:17)
    at async /Users/galangkeda/Documents/EPadi/esepasi/node_modules/.pnpm/next@16.0.8_@babel+core@7.28.5_react-dom@19.2.1_react@19.2.1__react@19.2.1/node_modules/next/dist/server/dev/next-dev-server.js:382:20
    at async Span.traceAsyncFn (/Users/galangkeda/Documents/EPadi/esepasi/node_modules/.pnpm/next@16.0.8_@babel+core@7.28.5_react-dom@19.2.1_react@19.2.1__react@19.2.1/node_modules/next/dist/trace/trace.js:157:20)
    at async DevServer.handleRequest (/Users/galangkeda/Documents/EPadi/esepasi/node_modules/.pnpm/next@16.0.8_@babel+core@7.28.5_react-dom@19.2.1_react@19.2.1__react@19.2.1/node_modules/next/dist/server/dev/next-dev-server.js:378:24)
    at async invokeRender (/Users/galangkeda/Documents/EPadi/esepasi/node_modules/.pnpm/next@16.0.8_@babel+core@7.28.5_react-dom@19.2.1_react@19.2.1__react@19.2.1/node_modules/next/dist/server/lib/router-server.js:240:21)
    at async handleRequest (/Users/galangkeda/Documents/EPadi/esepasi/node_modules/.pnpm/next@16.0.8_@babel+core@7.28.5_react-dom@19.2.1_react@19.2.1__react@19.2.1/node_modules/next/dist/server/lib/router-server.js:436:24)
    at async requestHandlerImpl (/Users/galangkeda/Documents/EPadi/esepasi/node_modules/.pnpm/next@16.0.8_@babel+core@7.28.5_react-dom@19.2.1_react@19.2.1__react@19.2.1/node_modules/next/dist/server/lib/router-server.js:484:13)
    at async Server.requestListener (/Users/galangkeda/Documents/EPadi/esepasi/node_modules/.pnpm/next@16.0.8_@babel+core@7.28.5_react-dom@19.2.1_react@19.2.1__react@19.2.1/node_modules/next/dist/server/lib/start-server.js:226:13)
[2025-12-13 08:36:37.994] [INFO] [fa452b5f-8c2f-43fb-9890-0f58db1f7c04] Response: 409 (2ms)
[2025-12-13 08:36:45.085] [INFO] [5788729b-9b42-490f-9bc7-86e66b7203d7] ====== POST /api/v1/students ======
[2025-12-13 08:36:45.087] [ERROR] [5788729b-9b42-490f-9bc7-86e66b7203d7] Error: Siswa dengan NIS 1Galang sudah terdaftar
[2025-12-13 08:36:45.087] [ERROR] [5788729b-9b42-490f-9bc7-86e66b7203d7] ConflictError: Siswa dengan NIS 1Galang sudah terdaftar
    at StudentService.createStudent (/Users/galangkeda/Documents/EPadi/esepasi/.next/dev/server/chunks/[root-of-the-server]__b3aa2198._.js:537:19)
    at process.processTicksAndRejections (node:internal/process/task_queues:105:5)
    at async /Users/galangkeda/Documents/EPadi/esepasi/.next/dev/server/chunks/[root-of-the-server]__b3aa2198._.js:725:9
    at async /Users/galangkeda/Documents/EPadi/esepasi/.next/dev/server/chunks/[root-of-the-server]__cf7da6f0._.js:299:13
    at async apiResolver (/Users/galangkeda/Documents/EPadi/esepasi/node_modules/.pnpm/next@16.0.8_@babel+core@7.28.5_react-dom@19.2.1_react@19.2.1__react@19.2.1/node_modules/next/dist/compiled/next-server/pages-api-turbo.runtime.dev.js:2:4425)
    at async PagesAPIRouteModule.render (/Users/galangkeda/Documents/EPadi/esepasi/node_modules/.pnpm/next@16.0.8_@babel+core@7.28.5_react-dom@19.2.1_react@19.2.1__react@19.2.1/node_modules/next/dist/compiled/next-server/pages-api-turbo.runtime.dev.js:2:5955)
    at async Module.handler (/Users/galangkeda/Documents/EPadi/esepasi/.next/dev/server/chunks/718e3_next_dist_445301ab._.js:2935:13)
    at async DevServer.runApi (/Users/galangkeda/Documents/EPadi/esepasi/node_modules/.pnpm/next@16.0.8_@babel+core@7.28.5_react-dom@19.2.1_react@19.2.1__react@19.2.1/node_modules/next/dist/server/next-server.js:750:9)
    at async NextNodeServer.handleCatchallRenderRequest (/Users/galangkeda/Documents/EPadi/esepasi/node_modules/.pnpm/next@16.0.8_@babel+core@7.28.5_react-dom@19.2.1_react@19.2.1__react@19.2.1/node_modules/next/dist/server/next-server.js:391:37)
    at async DevServer.handleRequestImpl (/Users/galangkeda/Documents/EPadi/esepasi/node_modules/.pnpm/next@16.0.8_@babel+core@7.28.5_react-dom@19.2.1_react@19.2.1__react@19.2.1/node_modules/next/dist/server/base-server.js:912:17)
    at async /Users/galangkeda/Documents/EPadi/esepasi/node_modules/.pnpm/next@16.0.8_@babel+core@7.28.5_react-dom@19.2.1_react@19.2.1__react@19.2.1/node_modules/next/dist/server/dev/next-dev-server.js:382:20
    at async Span.traceAsyncFn (/Users/galangkeda/Documents/EPadi/esepasi/node_modules/.pnpm/next@16.0.8_@babel+core@7.28.5_react-dom@19.2.1_react@19.2.1__react@19.2.1/node_modules/next/dist/trace/trace.js:157:20)
    at async DevServer.handleRequest (/Users/galangkeda/Documents/EPadi/esepasi/node_modules/.pnpm/next@16.0.8_@babel+core@7.28.5_react-dom@19.2.1_react@19.2.1__react@19.2.1/node_modules/next/dist/server/dev/next-dev-server.js:378:24)
    at async invokeRender (/Users/galangkeda/Documents/EPadi/esepasi/node_modules/.pnpm/next@16.0.8_@babel+core@7.28.5_react-dom@19.2.1_react@19.2.1__react@19.2.1/node_modules/next/dist/server/lib/router-server.js:240:21)
    at async handleRequest (/Users/galangkeda/Documents/EPadi/esepasi/node_modules/.pnpm/next@16.0.8_@babel+core@7.28.5_react-dom@19.2.1_react@19.2.1__react@19.2.1/node_modules/next/dist/server/lib/router-server.js:436:24)
    at async requestHandlerImpl (/Users/galangkeda/Documents/EPadi/esepasi/node_modules/.pnpm/next@16.0.8_@babel+core@7.28.5_react-dom@19.2.1_react@19.2.1__react@19.2.1/node_modules/next/dist/server/lib/router-server.js:484:13)
    at async Server.requestListener (/Users/galangkeda/Documents/EPadi/esepasi/node_modules/.pnpm/next@16.0.8_@babel+core@7.28.5_react-dom@19.2.1_react@19.2.1__react@19.2.1/node_modules/next/dist/server/lib/start-server.js:226:13)
[2025-12-13 08:36:45.088] [INFO] [5788729b-9b42-490f-9bc7-86e66b7203d7] Response: 409 (2ms)
[2025-12-13 08:36:50.928] [INFO] [3d7dd4f9-e9b3-4e8a-82ba-24a3747985ee] ====== POST /api/v1/students ======
[2025-12-13 08:36:50.931] [INFO] [3d7dd4f9-e9b3-4e8a-82ba-24a3747985ee] Response: 201 (3ms)
[2025-12-13 08:36:50.989] [INFO] [4e960b7f-302f-4557-85b9-e43a13a36fa2] ====== GET /api/v1/students?page=1&limit=10&search=&status=&payment_status= ======
[2025-12-13 08:36:50.993] [INFO] [4e960b7f-302f-4557-85b9-e43a13a36fa2] Response: 200 (3ms)
[2025-12-13 08:37:01.064] [INFO] [a9fde63c-19c5-4683-aeb5-8ac858f63966] ====== POST /api/v1/students ======
[2025-12-13 08:37:01.077] [INFO] [a9fde63c-19c5-4683-aeb5-8ac858f63966] Response: 201 (13ms)
[2025-12-13 08:37:01.130] [INFO] [1a85e27f-5be4-434a-b14e-f8cdca7ea56a] ====== GET /api/v1/students?page=1&limit=10&search=&status=&payment_status= ======
[2025-12-13 08:37:01.135] [INFO] [1a85e27f-5be4-434a-b14e-f8cdca7ea56a] Response: 200 (5ms)
[2025-12-13 08:37:05.594] [INFO] [c373db73-2d43-4b1a-b182-fc315d4454ae] ====== POST /api/v1/students ======
[2025-12-13 08:37:05.596] [ERROR] [c373db73-2d43-4b1a-b182-fc315d4454ae] Error: Siswa dengan NIS 123 sudah terdaftar
[2025-12-13 08:37:05.596] [ERROR] [c373db73-2d43-4b1a-b182-fc315d4454ae] ConflictError: Siswa dengan NIS 123 sudah terdaftar
    at StudentService.createStudent (/Users/galangkeda/Documents/EPadi/esepasi/.next/dev/server/chunks/[root-of-the-server]__b3aa2198._.js:537:19)
    at process.processTicksAndRejections (node:internal/process/task_queues:105:5)
    at async /Users/galangkeda/Documents/EPadi/esepasi/.next/dev/server/chunks/[root-of-the-server]__b3aa2198._.js:725:9
    at async /Users/galangkeda/Documents/EPadi/esepasi/.next/dev/server/chunks/[root-of-the-server]__cf7da6f0._.js:299:13
    at async apiResolver (/Users/galangkeda/Documents/EPadi/esepasi/node_modules/.pnpm/next@16.0.8_@babel+core@7.28.5_react-dom@19.2.1_react@19.2.1__react@19.2.1/node_modules/next/dist/compiled/next-server/pages-api-turbo.runtime.dev.js:2:4425)
    at async PagesAPIRouteModule.render (/Users/galangkeda/Documents/EPadi/esepasi/node_modules/.pnpm/next@16.0.8_@babel+core@7.28.5_react-dom@19.2.1_react@19.2.1__react@19.2.1/node_modules/next/dist/compiled/next-server/pages-api-turbo.runtime.dev.js:2:5955)
    at async Module.handler (/Users/galangkeda/Documents/EPadi/esepasi/.next/dev/server/chunks/718e3_next_dist_445301ab._.js:2935:13)
    at async DevServer.runApi (/Users/galangkeda/Documents/EPadi/esepasi/node_modules/.pnpm/next@16.0.8_@babel+core@7.28.5_react-dom@19.2.1_react@19.2.1__react@19.2.1/node_modules/next/dist/server/next-server.js:750:9)
    at async NextNodeServer.handleCatchallRenderRequest (/Users/galangkeda/Documents/EPadi/esepasi/node_modules/.pnpm/next@16.0.8_@babel+core@7.28.5_react-dom@19.2.1_react@19.2.1__react@19.2.1/node_modules/next/dist/server/next-server.js:391:37)
    at async DevServer.handleRequestImpl (/Users/galangkeda/Documents/EPadi/esepasi/node_modules/.pnpm/next@16.0.8_@babel+core@7.28.5_react-dom@19.2.1_react@19.2.1__react@19.2.1/node_modules/next/dist/server/base-server.js:912:17)
    at async /Users/galangkeda/Documents/EPadi/esepasi/node_modules/.pnpm/next@16.0.8_@babel+core@7.28.5_react-dom@19.2.1_react@19.2.1__react@19.2.1/node_modules/next/dist/server/dev/next-dev-server.js:382:20
    at async Span.traceAsyncFn (/Users/galangkeda/Documents/EPadi/esepasi/node_modules/.pnpm/next@16.0.8_@babel+core@7.28.5_react-dom@19.2.1_react@19.2.1__react@19.2.1/node_modules/next/dist/trace/trace.js:157:20)
    at async DevServer.handleRequest (/Users/galangkeda/Documents/EPadi/esepasi/node_modules/.pnpm/next@16.0.8_@babel+core@7.28.5_react-dom@19.2.1_react@19.2.1__react@19.2.1/node_modules/next/dist/server/dev/next-dev-server.js:378:24)
    at async invokeRender (/Users/galangkeda/Documents/EPadi/esepasi/node_modules/.pnpm/next@16.0.8_@babel+core@7.28.5_react-dom@19.2.1_react@19.2.1__react@19.2.1/node_modules/next/dist/server/lib/router-server.js:240:21)
    at async handleRequest (/Users/galangkeda/Documents/EPadi/esepasi/node_modules/.pnpm/next@16.0.8_@babel+core@7.28.5_react-dom@19.2.1_react@19.2.1__react@19.2.1/node_modules/next/dist/server/lib/router-server.js:436:24)
    at async requestHandlerImpl (/Users/galangkeda/Documents/EPadi/esepasi/node_modules/.pnpm/next@16.0.8_@babel+core@7.28.5_react-dom@19.2.1_react@19.2.1__react@19.2.1/node_modules/next/dist/server/lib/router-server.js:484:13)
    at async Server.requestListener (/Users/galangkeda/Documents/EPadi/esepasi/node_modules/.pnpm/next@16.0.8_@babel+core@7.28.5_react-dom@19.2.1_react@19.2.1__react@19.2.1/node_modules/next/dist/server/lib/start-server.js:226:13)
[2025-12-13 08:37:05.597] [INFO] [c373db73-2d43-4b1a-b182-fc315d4454ae] Response: 409 (2ms)
[2025-12-13 08:37:06.648] [INFO] [56a3b6c6-4147-4ec3-a65c-378b9547659f] ====== POST /api/v1/students ======
[2025-12-13 08:37:06.650] [ERROR] [56a3b6c6-4147-4ec3-a65c-378b9547659f] Error: Siswa dengan NIS 123 sudah terdaftar
[2025-12-13 08:37:06.650] [ERROR] [56a3b6c6-4147-4ec3-a65c-378b9547659f] ConflictError: Siswa dengan NIS 123 sudah terdaftar
    at StudentService.createStudent (/Users/galangkeda/Documents/EPadi/esepasi/.next/dev/server/chunks/[root-of-the-server]__b3aa2198._.js:537:19)
    at process.processTicksAndRejections (node:internal/process/task_queues:105:5)
    at async /Users/galangkeda/Documents/EPadi/esepasi/.next/dev/server/chunks/[root-of-the-server]__b3aa2198._.js:725:9
    at async /Users/galangkeda/Documents/EPadi/esepasi/.next/dev/server/chunks/[root-of-the-server]__cf7da6f0._.js:299:13
    at async apiResolver (/Users/galangkeda/Documents/EPadi/esepasi/node_modules/.pnpm/next@16.0.8_@babel+core@7.28.5_react-dom@19.2.1_react@19.2.1__react@19.2.1/node_modules/next/dist/compiled/next-server/pages-api-turbo.runtime.dev.js:2:4425)
    at async PagesAPIRouteModule.render (/Users/galangkeda/Documents/EPadi/esepasi/node_modules/.pnpm/next@16.0.8_@babel+core@7.28.5_react-dom@19.2.1_react@19.2.1__react@19.2.1/node_modules/next/dist/compiled/next-server/pages-api-turbo.runtime.dev.js:2:5955)
    at async Module.handler (/Users/galangkeda/Documents/EPadi/esepasi/.next/dev/server/chunks/718e3_next_dist_445301ab._.js:2935:13)
    at async DevServer.runApi (/Users/galangkeda/Documents/EPadi/esepasi/node_modules/.pnpm/next@16.0.8_@babel+core@7.28.5_react-dom@19.2.1_react@19.2.1__react@19.2.1/node_modules/next/dist/server/next-server.js:750:9)
    at async NextNodeServer.handleCatchallRenderRequest (/Users/galangkeda/Documents/EPadi/esepasi/node_modules/.pnpm/next@16.0.8_@babel+core@7.28.5_react-dom@19.2.1_react@19.2.1__react@19.2.1/node_modules/next/dist/server/next-server.js:391:37)
    at async DevServer.handleRequestImpl (/Users/galangkeda/Documents/EPadi/esepasi/node_modules/.pnpm/next@16.0.8_@babel+core@7.28.5_react-dom@19.2.1_react@19.2.1__react@19.2.1/node_modules/next/dist/server/base-server.js:912:17)
    at async /Users/galangkeda/Documents/EPadi/esepasi/node_modules/.pnpm/next@16.0.8_@babel+core@7.28.5_react-dom@19.2.1_react@19.2.1__react@19.2.1/node_modules/next/dist/server/dev/next-dev-server.js:382:20
    at async Span.traceAsyncFn (/Users/galangkeda/Documents/EPadi/esepasi/node_modules/.pnpm/next@16.0.8_@babel+core@7.28.5_react-dom@19.2.1_react@19.2.1__react@19.2.1/node_modules/next/dist/trace/trace.js:157:20)
    at async DevServer.handleRequest (/Users/galangkeda/Documents/EPadi/esepasi/node_modules/.pnpm/next@16.0.8_@babel+core@7.28.5_react-dom@19.2.1_react@19.2.1__react@19.2.1/node_modules/next/dist/server/dev/next-dev-server.js:378:24)
    at async invokeRender (/Users/galangkeda/Documents/EPadi/esepasi/node_modules/.pnpm/next@16.0.8_@babel+core@7.28.5_react-dom@19.2.1_react@19.2.1__react@19.2.1/node_modules/next/dist/server/lib/router-server.js:240:21)
    at async handleRequest (/Users/galangkeda/Documents/EPadi/esepasi/node_modules/.pnpm/next@16.0.8_@babel+core@7.28.5_react-dom@19.2.1_react@19.2.1__react@19.2.1/node_modules/next/dist/server/lib/router-server.js:436:24)
    at async requestHandlerImpl (/Users/galangkeda/Documents/EPadi/esepasi/node_modules/.pnpm/next@16.0.8_@babel+core@7.28.5_react-dom@19.2.1_react@19.2.1__react@19.2.1/node_modules/next/dist/server/lib/router-server.js:484:13)
    at async Server.requestListener (/Users/galangkeda/Documents/EPadi/esepasi/node_modules/.pnpm/next@16.0.8_@babel+core@7.28.5_react-dom@19.2.1_react@19.2.1__react@19.2.1/node_modules/next/dist/server/lib/start-server.js:226:13)
[2025-12-13 08:37:06.651] [INFO] [56a3b6c6-4147-4ec3-a65c-378b9547659f] Response: 409 (2ms)
[2025-12-13 08:38:50.577] [INFO] [220659df-3f74-431a-9886-f7dc7d7a68c4] ====== GET /api/v1/auth/me ======
[2025-12-13 08:38:50.588] [INFO] [220659df-3f74-431a-9886-f7dc7d7a68c4] Response: 304 (11ms)
[2025-12-13 08:39:50.954] [INFO] [323b8f56-54c7-4e3e-9d4c-491a296d10a2] ====== GET /api/v1/auth/me ======
[2025-12-13 08:39:50.957] [INFO] [0e473af5-d808-4174-a02c-4cd627c1a9f8] ====== GET /api/v1/students?page=1&limit=10&search=&status=&payment_status= ======
[2025-12-13 08:39:50.969] [INFO] [323b8f56-54c7-4e3e-9d4c-491a296d10a2] Response: 304 (15ms)
[2025-12-13 08:39:50.970] [INFO] [0e473af5-d808-4174-a02c-4cd627c1a9f8] Response: 304 (13ms)
[2025-12-13 08:39:53.419] [INFO] [4f126864-c1a5-4f3a-ac5f-0a7b00939955] ====== GET /api/v1/auth/me ======
[2025-12-13 08:39:53.421] [INFO] [c30d5ab4-53be-4d27-8117-b5b4c248634e] ====== GET /api/v1/students?page=1&limit=10&search=&status=&payment_status= ======
[2025-12-13 08:39:53.423] [INFO] [4f126864-c1a5-4f3a-ac5f-0a7b00939955] Response: 304 (3ms)
[2025-12-13 08:39:53.427] [INFO] [c30d5ab4-53be-4d27-8117-b5b4c248634e] Response: 304 (6ms)
[2025-12-13 08:40:15.778] [INFO] [957a5532-0201-4649-87c8-ea37d8f815d7] ====== GET /api/v1/students?page=1&limit=10&search=&status=&payment_status=belum_lunas ======
[2025-12-13 08:40:15.798] [INFO] [957a5532-0201-4649-87c8-ea37d8f815d7] Response: 200 (20ms)
[2025-12-13 08:40:17.543] [INFO] [1e9907d6-848a-48cd-882d-193d3e7aa2fa] ====== GET /api/v1/students?page=1&limit=10&search=&status=&payment_status= ======
[2025-12-13 08:40:17.547] [INFO] [1e9907d6-848a-48cd-882d-193d3e7aa2fa] Response: 304 (4ms)
[2025-12-13 08:40:19.177] [INFO] [2f70be4f-cec3-44b1-a054-6f0b0a30ee37] ====== GET /api/v1/students?page=1&limit=10&search=&status=&payment_status=lunas ======
[2025-12-13 08:40:19.181] [INFO] [2f70be4f-cec3-44b1-a054-6f0b0a30ee37] Response: 200 (4ms)
[2025-12-13 08:40:21.522] [INFO] [6ebed3f4-db05-4b39-a981-468a61dd99a1] ====== GET /api/v1/students?page=1&limit=10&search=&status=&payment_status= ======
[2025-12-13 08:40:21.526] [INFO] [6ebed3f4-db05-4b39-a981-468a61dd99a1] Response: 304 (4ms)
[2025-12-13 08:40:23.323] [INFO] [fd591d3e-00f2-4ffd-8e27-9eaa7071acb0] ====== GET /api/v1/students?page=1&limit=10&search=&status=inactive&payment_status= ======
[2025-12-13 08:40:23.328] [INFO] [fd591d3e-00f2-4ffd-8e27-9eaa7071acb0] Response: 200 (5ms)
[2025-12-13 08:40:25.464] [INFO] [3aba4e71-5268-4bd3-8350-7c650508e086] ====== GET /api/v1/students?page=1&limit=10&search=&status=&payment_status= ======
[2025-12-13 08:40:25.468] [INFO] [3aba4e71-5268-4bd3-8350-7c650508e086] Response: 304 (4ms)
[2025-12-13 08:40:29.988] [INFO] [1e042737-b287-488a-8759-fbe59218b0e0] ====== GET /api/v1/students?page=1&limit=10&search=1&status=&payment_status= ======
[2025-12-13 08:40:30.061] [INFO] [1e042737-b287-488a-8759-fbe59218b0e0] Response: 200 (73ms)
[2025-12-13 08:40:32.695] [INFO] [60a2f36c-d86e-4932-8115-c51a5f0242d8] ====== GET /api/v1/students?page=1&limit=10&search=2&status=&payment_status= ======
[2025-12-13 08:40:32.700] [INFO] [60a2f36c-d86e-4932-8115-c51a5f0242d8] Response: 200 (6ms)
[2025-12-13 08:40:34.595] [INFO] [23a5cbd9-f116-44b7-a158-8cfa521e5eb9] ====== GET /api/v1/students?page=1&limit=10&search=&status=&payment_status= ======
[2025-12-13 08:40:34.600] [INFO] [23a5cbd9-f116-44b7-a158-8cfa521e5eb9] Response: 304 (5ms)
[2025-12-13 08:40:36.377] [INFO] [454444dd-669e-4af8-aed9-ccc45a027830] ====== GET /api/v1/students?page=1&limit=10&search=2&status=&payment_status= ======
[2025-12-13 08:40:36.381] [INFO] [454444dd-669e-4af8-aed9-ccc45a027830] Response: 304 (4ms)
[2025-12-13 08:40:37.180] [INFO] [5e7ecf26-1c90-47c9-a77d-f2c7723c366c] ====== GET /api/v1/students?page=1&limit=10&search=&status=&payment_status= ======
[2025-12-13 08:40:37.184] [INFO] [7af672e4-0886-4612-b1dd-1b1c0cf25d13] ====== GET /api/v1/auth/me ======
[2025-12-13 08:40:37.188] [INFO] [5e7ecf26-1c90-47c9-a77d-f2c7723c366c] Response: 304 (8ms)
[2025-12-13 08:40:37.201] [INFO] [7af672e4-0886-4612-b1dd-1b1c0cf25d13] Response: 304 (17ms)
[2025-12-13 08:40:37.212] [INFO] [81fd7288-8db4-450f-a277-edcb81054fea] ====== GET /api/v1/students?page=1&limit=10&search=2&status=&payment_status= ======
[2025-12-13 08:40:37.220] [INFO] [81fd7288-8db4-450f-a277-edcb81054fea] Response: 304 (8ms)
[2025-12-13 08:40:40.040] [INFO] [9550fa5b-e185-41cd-acaa-881525a0482f] ====== GET /api/v1/students?page=1&limit=10&search=&status=&payment_status= ======
[2025-12-13 08:40:40.045] [INFO] [9550fa5b-e185-41cd-acaa-881525a0482f] Response: 304 (5ms)
[2025-12-13 08:40:47.028] [INFO] [947adf68-ff8f-44e5-b8b0-3b2ad3894a5a] ====== GET /api/v1/students?page=1&limit=10&search=&status=&payment_status= ======
[2025-12-13 08:40:47.046] [INFO] [947adf68-ff8f-44e5-b8b0-3b2ad3894a5a] Response: 304 (18ms)
[2025-12-13 08:41:39.487] [INFO] [95cecfb3-833b-4d33-b4ce-1ad043cb396f] ====== GET /api/v1/students?page=1&limit=10&search=&status=&payment_status= ======
[2025-12-13 08:41:39.524] [INFO] [95cecfb3-833b-4d33-b4ce-1ad043cb396f] Response: 304 (36ms)
[2025-12-13 08:41:47.715] [INFO] [0865139b-2aa8-4638-9aa2-e3c6ec9f12f5] ====== GET /api/v1/students?page=1&limit=10&search=&status=&payment_status= ======
[2025-12-13 08:41:47.765] [INFO] [0865139b-2aa8-4638-9aa2-e3c6ec9f12f5] Response: 304 (50ms)
[2025-12-13 08:42:31.292] [INFO] [177ee8d4-7e39-40d8-a3ac-08abf63904e6] ====== POST /api/v1/students/bulk ======
[2025-12-13 08:42:31.312] [INFO] [177ee8d4-7e39-40d8-a3ac-08abf63904e6] Response: 201 (21ms)
[2025-12-13 08:42:31.320] [INFO] [82d0ab07-66a2-4430-84cf-1fd802a9549c] ====== GET /api/v1/students?page=1&limit=10&search=&status=&payment_status= ======
[2025-12-13 08:42:31.360] [INFO] [82d0ab07-66a2-4430-84cf-1fd802a9549c] Response: 200 (40ms)
[2025-12-13 08:43:05.321] [INFO] [f84c5307-979b-4df7-ade7-929d721bc623] ====== GET /api/v1/students?page=12&limit=10&search=&status=&payment_status= ======
[2025-12-13 08:43:05.343] [INFO] [f84c5307-979b-4df7-ade7-929d721bc623] Response: 200 (23ms)
[2025-12-13 08:43:07.501] [INFO] [a37109fe-5012-467d-a04e-97b56733b1b7] ====== GET /api/v1/students?page=10&limit=10&search=&status=&payment_status= ======
[2025-12-13 08:43:07.515] [INFO] [a37109fe-5012-467d-a04e-97b56733b1b7] Response: 200 (14ms)
[2025-12-13 08:43:11.253] [INFO] [ab9e8587-49b3-49e2-bb64-c1833bbbdfe2] ====== GET /api/v1/students?page=1&limit=10&search=&status=&payment_status= ======
[2025-12-13 08:43:11.256] [INFO] [ab9e8587-49b3-49e2-bb64-c1833bbbdfe2] Response: 304 (3ms)
[2025-12-13 08:43:13.456] [INFO] [04a3cafe-46b1-4b69-ad53-2400b800b14c] ====== GET /api/v1/students?page=2&limit=10&search=&status=&payment_status= ======
[2025-12-13 08:43:13.460] [INFO] [04a3cafe-46b1-4b69-ad53-2400b800b14c] Response: 200 (4ms)
[2025-12-13 08:43:15.103] [INFO] [c38096e7-7861-42cb-8764-2dd0d3e62b46] ====== GET /api/v1/students?page=3&limit=10&search=&status=&payment_status= ======
[2025-12-13 08:43:15.107] [INFO] [c38096e7-7861-42cb-8764-2dd0d3e62b46] Response: 200 (4ms)
[2025-12-13 08:43:18.846] [INFO] [c67f0634-38d5-48ac-ae28-cea39d708646] ====== GET /api/v1/students?page=4&limit=10&search=&status=&payment_status= ======
[2025-12-13 08:43:18.850] [INFO] [c67f0634-38d5-48ac-ae28-cea39d708646] Response: 200 (4ms)
[2025-12-13 08:43:23.428] [INFO] [38dfa9a3-9280-4c97-a339-d1c47918461d] ====== GET /api/v1/students?page=1&limit=10&search=37&status=&payment_status= ======
[2025-12-13 08:43:23.432] [INFO] [38dfa9a3-9280-4c97-a339-d1c47918461d] Response: 200 (4ms)
[2025-12-13 08:43:26.418] [INFO] [d94946cd-ada3-431e-a672-431961881f2b] ====== GET /api/v1/students?page=1&limit=10&search=&status=&payment_status= ======
[2025-12-13 08:43:26.422] [INFO] [d94946cd-ada3-431e-a672-431961881f2b] Response: 200 (4ms)
[2025-12-13 08:43:28.795] [INFO] [d6770535-f921-424b-9fa1-f64deba7d0f1] ====== GET /api/v1/students?page=3&limit=10&search=&status=&payment_status= ======
[2025-12-13 08:43:28.799] [INFO] [d6770535-f921-424b-9fa1-f64deba7d0f1] Response: 200 (4ms)
[2025-12-13 08:43:31.297] [INFO] [aaf76ac4-6d2e-4b61-9ffa-3b31dafb4b72] ====== GET /api/v1/students?page=1&limit=10&search=&status=&payment_status= ======
[2025-12-13 08:43:31.301] [INFO] [aaf76ac4-6d2e-4b61-9ffa-3b31dafb4b72] Response: 304 (4ms)
[2025-12-13 08:44:00.095] [INFO] [bfa37d3b-3979-478e-8ca0-ac5928990a71] ====== POST /api/v1/students/bulk ======
[2025-12-13 08:44:00.143] [INFO] [bfa37d3b-3979-478e-8ca0-ac5928990a71] Response: 201 (47ms)
[2025-12-13 08:44:00.179] [INFO] [06d66576-32a1-4695-b39d-53a5b7b6041c] ====== GET /api/v1/students?page=1&limit=10&search=&status=&payment_status= ======
[2025-12-13 08:44:00.184] [INFO] [06d66576-32a1-4695-b39d-53a5b7b6041c] Response: 304 (5ms)
[2025-12-13 08:44:03.826] [INFO] [47648b84-6024-423d-a041-bb5092713e3f] ====== GET /api/v1/students?page=12&limit=10&search=&status=&payment_status= ======
[2025-12-13 08:44:03.833] [INFO] [47648b84-6024-423d-a041-bb5092713e3f] Response: 200 (8ms)
[2025-12-13 08:44:15.920] [INFO] [14140641-f447-4ab5-9b6e-419e59cf177f] ====== GET /api/v1/auth/me ======
[2025-12-13 08:44:15.925] [INFO] [026fff27-d599-40f3-a893-60a62ae0be84] ====== GET /api/v1/students?page=1&limit=10&search=&status=&payment_status= ======
[2025-12-13 08:44:15.957] [INFO] [9e4c6b4a-6b0d-4e8b-9077-d02a21c4e005] ====== GET /api/v1/students?page=12&limit=10&search=&status=&payment_status= ======
[2025-12-13 08:44:15.959] [INFO] [14140641-f447-4ab5-9b6e-419e59cf177f] Response: 304 (39ms)
[2025-12-13 08:44:15.966] [INFO] [026fff27-d599-40f3-a893-60a62ae0be84] Response: 304 (41ms)
[2025-12-13 08:44:15.978] [INFO] [9e4c6b4a-6b0d-4e8b-9077-d02a21c4e005] Response: 304 (21ms)
[2025-12-13 08:44:41.483] [INFO] [66d72794-a637-402c-a1af-a861f76d5908] ====== GET /api/v1/students?page=12&limit=10&search=&status=&payment_status= ======
[2025-12-13 08:44:41.501] [INFO] [66d72794-a637-402c-a1af-a861f76d5908] Response: 304 (17ms)
[2025-12-13 08:44:57.978] [INFO] [1054e037-c290-4ca8-87b9-5b04d93eb80e] ====== GET /api/v1/students?page=12&limit=10&search=&status=&payment_status= ======
[2025-12-13 08:44:58.013] [INFO] [1054e037-c290-4ca8-87b9-5b04d93eb80e] Response: 304 (35ms)
[2025-12-13 08:45:39.199] [INFO] [4500c373-be72-4ec6-a150-6491016ed52a] ====== GET /api/v1/auth/me ======
[2025-12-13 08:45:39.236] [INFO] [0eb0a35a-45f1-4fa8-b037-6d5200708b94] ====== GET /api/v1/students?page=12&limit=10&search=&status=&payment_status= ======
[2025-12-13 08:45:39.239] [INFO] [74109ee2-22e8-47be-8644-4f4c21981ac3] ====== GET /api/v1/students?page=1&limit=10&search=&status=&payment_status= ======
[2025-12-13 08:45:39.245] [INFO] [4500c373-be72-4ec6-a150-6491016ed52a] Response: 304 (46ms)
[2025-12-13 08:45:39.254] [INFO] [74109ee2-22e8-47be-8644-4f4c21981ac3] Response: 304 (15ms)
[2025-12-13 08:45:39.255] [INFO] [0eb0a35a-45f1-4fa8-b037-6d5200708b94] Response: 304 (19ms)
[2025-12-13 08:45:42.467] [INFO] [abe73ce6-cace-40ea-b524-584582de8081] ====== GET /api/v1/students/a077b8cd-96bb-4bb6-91e7-c84d8d6c8827 ======
[2025-12-13 08:45:42.473] [INFO] [abe73ce6-cace-40ea-b524-584582de8081] Response: 200 (6ms)
[2025-12-13 08:45:45.838] [INFO] [ecc089bc-ed8e-470f-a356-3c0f8317b5a0] ====== GET /api/v1/students?page=12&limit=10&search=&status=&payment_status= ======
[2025-12-13 08:45:45.845] [INFO] [ecc089bc-ed8e-470f-a356-3c0f8317b5a0] Response: 304 (7ms)
[2025-12-13 08:45:48.903] [INFO] [3c786532-87cb-4a87-b323-2388308c0e8c] ====== GET /api/v1/students/2e258a61-4c96-497c-b949-13f539653636 ======
[2025-12-13 08:45:48.906] [INFO] [3c786532-87cb-4a87-b323-2388308c0e8c] Response: 200 (3ms)
[2025-12-13 08:45:50.462] [INFO] [ed9e6da7-33e5-4e69-a0aa-8b7a31dd6365] ====== GET /api/v1/students?page=12&limit=10&search=&status=&payment_status= ======
[2025-12-13 08:45:50.466] [INFO] [ed9e6da7-33e5-4e69-a0aa-8b7a31dd6365] Response: 304 (4ms)
[2025-12-13 08:45:52.305] [INFO] [b6ff686f-be14-48e4-bc93-24b106d07c4f] ====== GET /api/v1/students/2e258a61-4c96-497c-b949-13f539653636 ======
[2025-12-13 08:45:52.308] [INFO] [b6ff686f-be14-48e4-bc93-24b106d07c4f] Response: 304 (3ms)
[2025-12-13 08:45:53.200] [INFO] [6dc22f46-c8bc-47d3-8a42-715c936e438e] ====== GET /api/v1/students?page=12&limit=10&search=&status=&payment_status= ======
[2025-12-13 08:45:53.204] [INFO] [6dc22f46-c8bc-47d3-8a42-715c936e438e] Response: 304 (4ms)
[2025-12-13 08:45:57.192] [INFO] [6b6f356c-9bb9-4474-9e13-cac17e0e450a] ====== PUT /api/v1/students/2e258a61-4c96-497c-b949-13f539653636 ======
[2025-12-13 08:45:57.211] [INFO] [6b6f356c-9bb9-4474-9e13-cac17e0e450a] Response: 200 (19ms)
[2025-12-13 08:45:57.302] [INFO] [fefc1c26-837b-42a8-bcbb-5e6bbe51a82a] ====== GET /api/v1/students?page=12&limit=10&search=&status=&payment_status= ======
[2025-12-13 08:45:57.306] [INFO] [fefc1c26-837b-42a8-bcbb-5e6bbe51a82a] Response: 200 (4ms)
[2025-12-13 08:45:59.949] [INFO] [3dc621b6-91ea-4538-83bb-a6b94e183b89] ====== GET /api/v1/students?page=12&limit=10&search=&status=&payment_status= ======
[2025-12-13 08:45:59.967] [INFO] [3dc621b6-91ea-4538-83bb-a6b94e183b89] Response: 304 (19ms)
[2025-12-13 08:46:05.659] [INFO] [8979843e-00b9-440f-828f-c94d0dcd1c90] ====== GET /api/v1/students?page=1&limit=10&search=&status=inactive&payment_status= ======
[2025-12-13 08:46:05.663] [INFO] [8979843e-00b9-440f-828f-c94d0dcd1c90] Response: 200 (5ms)
[2025-12-13 08:46:08.163] [INFO] [ec44e3f2-7cda-4110-be29-38951a1cdffa] ====== GET /api/v1/students?page=1&limit=10&search=&status=&payment_status= ======
[2025-12-13 08:46:08.167] [INFO] [ec44e3f2-7cda-4110-be29-38951a1cdffa] Response: 304 (4ms)
[2025-12-13 08:46:28.747] [INFO] [6e1bcfc9-6a75-4277-a285-fe321c1bdb00] ====== POST /api/v1/students/bulk ======
[2025-12-13 08:46:28.758] [INFO] [6e1bcfc9-6a75-4277-a285-fe321c1bdb00] Response: 201 (11ms)
[2025-12-13 08:46:28.809] [INFO] [8c9aacf9-379e-4667-b2e3-8729788c15c1] ====== GET /api/v1/students?page=1&limit=10&search=&status=&payment_status= ======
[2025-12-13 08:46:28.817] [INFO] [8c9aacf9-379e-4667-b2e3-8729788c15c1] Response: 304 (7ms)
[2025-12-13 08:46:47.958] [INFO] [dd001fd0-c940-4e18-8a9f-681fd2ff3fe6] ====== GET /api/v1/students?page=1&limit=10&search=&status=&payment_status= ======
[2025-12-13 08:46:47.979] [INFO] [dd001fd0-c940-4e18-8a9f-681fd2ff3fe6] Response: 304 (20ms)
[2025-12-13 08:47:10.501] [INFO] [e448b887-b281-4845-812a-c74d09a38d56] ====== GET /api/v1/students?page=1&limit=10&search=&status=&payment_status= ======
[2025-12-13 08:47:10.575] [INFO] [e448b887-b281-4845-812a-c74d09a38d56] Response: 304 (74ms)
[2025-12-13 08:47:17.224] [INFO] [9be95f48-e112-475d-8a6c-66b040b3c4e2] ====== POST /api/v1/students/bulk ======
[2025-12-13 08:47:17.243] [INFO] [9be95f48-e112-475d-8a6c-66b040b3c4e2] Response: 201 (19ms)
[2025-12-13 08:47:19.348] [INFO] [145eba0e-22e1-4cb8-b4d5-b64f84f9c823] ====== POST /api/v1/students/bulk ======
[2025-12-13 08:47:19.352] [INFO] [145eba0e-22e1-4cb8-b4d5-b64f84f9c823] Response: 201 (4ms)
[2025-12-13 08:47:25.382] [INFO] [c15d88ef-ca20-4b26-b53c-c3ff42ce126e] ====== POST /api/v1/students/bulk ======
[2025-12-13 08:47:25.386] [INFO] [c15d88ef-ca20-4b26-b53c-c3ff42ce126e] Response: 201 (4ms)
[2025-12-13 08:47:49.952] [INFO] [6e6478f8-e375-42d8-9412-dac1cd422608] ====== GET /api/v1/students?page=1&limit=10&search=&status=&payment_status= ======
[2025-12-13 08:47:49.971] [INFO] [6e6478f8-e375-42d8-9412-dac1cd422608] Response: 304 (19ms)
[2025-12-13 08:47:51.007] [INFO] [87316946-e2cc-4f70-8f76-04b7725bf89e] ====== POST /api/v1/students/bulk ======
[2025-12-13 08:47:51.012] [INFO] [87316946-e2cc-4f70-8f76-04b7725bf89e] Response: 201 (5ms)
[2025-12-13 08:48:14.734] [INFO] [aaa5fa69-d136-40d8-8c74-f5ff2a469b1f] ====== GET /api/v1/students?page=1&limit=10&search=&status=&payment_status= ======
[2025-12-13 08:48:14.753] [INFO] [aaa5fa69-d136-40d8-8c74-f5ff2a469b1f] Response: 304 (19ms)
[2025-12-13 08:48:17.378] [INFO] [fd92db97-89fb-4ccf-85da-93349664fdab] ====== POST /api/v1/students/bulk ======
[2025-12-13 08:48:17.387] [INFO] [fd92db97-89fb-4ccf-85da-93349664fdab] Response: 201 (9ms)
[2025-12-13 08:48:17.460] [INFO] [590cef0d-5547-4fdc-9442-67873b8b5ec8] ====== GET /api/v1/students?page=1&limit=10&search=&status=&payment_status= ======
[2025-12-13 08:48:17.463] [INFO] [590cef0d-5547-4fdc-9442-67873b8b5ec8] Response: 304 (3ms)
[2025-12-13 08:48:28.887] [INFO] [c8dbd3e5-3c93-4c92-ae94-d2cfd6af7c36] ====== POST /api/v1/students/bulk ======
[2025-12-13 08:48:28.898] [INFO] [c8dbd3e5-3c93-4c92-ae94-d2cfd6af7c36] Response: 201 (11ms)
[2025-12-13 08:48:28.972] [INFO] [b164452b-d2a1-427f-a39c-2d324752d3cd] ====== GET /api/v1/students?page=1&limit=10&search=&status=&payment_status= ======
[2025-12-13 08:48:28.978] [INFO] [b164452b-d2a1-427f-a39c-2d324752d3cd] Response: 304 (6ms)
[2025-12-13 08:48:43.260] [INFO] [a0a8d344-94c2-4c18-b0ab-8cc0cd8124a8] ====== POST /api/v1/students/bulk ======
[2025-12-13 08:48:43.273] [INFO] [a0a8d344-94c2-4c18-b0ab-8cc0cd8124a8] Response: 201 (14ms)
[2025-12-13 08:48:43.344] [INFO] [964b7970-aaf8-40ca-b48b-bfa50e4add81] ====== GET /api/v1/students?page=1&limit=10&search=&status=&payment_status= ======
[2025-12-13 08:48:43.349] [INFO] [964b7970-aaf8-40ca-b48b-bfa50e4add81] Response: 304 (5ms)
[2025-12-13 08:48:54.691] [INFO] [42956b98-7802-44c6-905e-b2086c209af9] ====== GET /api/v1/students?page=1&limit=10&search=&status=&payment_status= ======
[2025-12-13 08:48:54.718] [INFO] [42956b98-7802-44c6-905e-b2086c209af9] Response: 304 (27ms)
[2025-12-13 08:49:04.492] [INFO] [c322c529-6672-4743-b0df-c6582626556f] ====== POST /api/v1/students/bulk ======
[2025-12-13 08:49:04.509] [INFO] [c322c529-6672-4743-b0df-c6582626556f] Response: 201 (17ms)
[2025-12-13 08:49:04.584] [INFO] [8ff0cf32-c88d-436c-a5f8-be642abeaa55] ====== GET /api/v1/students?page=1&limit=10&search=&status=&payment_status= ======
[2025-12-13 08:49:04.587] [INFO] [8ff0cf32-c88d-436c-a5f8-be642abeaa55] Response: 304 (3ms)
[2025-12-13 08:49:18.711] [INFO] [a746e3de-cda4-441c-b2f4-cb3a343e6856] ====== GET /api/v1/students?page=1&limit=10&search=&status=&payment_status= ======
[2025-12-13 08:49:18.730] [INFO] [a746e3de-cda4-441c-b2f4-cb3a343e6856] Response: 304 (19ms)
[2025-12-13 08:49:25.828] [INFO] [f9010afc-f4bd-4fa7-93fa-9aca67966ba4] ====== POST /api/v1/students/bulk ======
[2025-12-13 08:49:25.836] [INFO] [f9010afc-f4bd-4fa7-93fa-9aca67966ba4] Response: 201 (8ms)
[2025-12-13 08:49:25.895] [INFO] [1a443fc4-a5db-4879-9762-2fd8e706e4be] ====== GET /api/v1/students?page=1&limit=10&search=&status=&payment_status= ======
[2025-12-13 08:49:25.898] [INFO] [1a443fc4-a5db-4879-9762-2fd8e706e4be] Response: 304 (3ms)
[2025-12-13 08:49:39.680] [INFO] [c931524a-e2b3-4f3f-bfbd-29a395f39adc] ====== POST /api/v1/students/bulk ======
[2025-12-13 08:49:39.698] [INFO] [c931524a-e2b3-4f3f-bfbd-29a395f39adc] Response: 201 (18ms)
[2025-12-13 08:49:39.759] [INFO] [6f7cd1ae-83da-4546-af0d-f42ff85bcbab] ====== GET /api/v1/students?page=1&limit=10&search=&status=&payment_status= ======
[2025-12-13 08:49:39.766] [INFO] [6f7cd1ae-83da-4546-af0d-f42ff85bcbab] Response: 304 (6ms)
[2025-12-13 08:49:52.158] [INFO] [89e31bec-cf3a-4fed-929a-98efeb96ec9b] ====== POST /api/v1/students/bulk ======
[2025-12-13 08:49:52.170] [INFO] [89e31bec-cf3a-4fed-929a-98efeb96ec9b] Response: 201 (12ms)
[2025-12-13 08:49:52.239] [INFO] [8983099f-b5c8-4257-a092-9caf8d40e8bf] ====== GET /api/v1/students?page=1&limit=10&search=&status=&payment_status= ======
[2025-12-13 08:49:52.244] [INFO] [8983099f-b5c8-4257-a092-9caf8d40e8bf] Response: 304 (5ms)
[2025-12-13 08:50:06.741] [INFO] [06589438-3936-4993-91d3-6f38a270a558] ====== POST /api/v1/students/bulk ======
[2025-12-13 08:50:06.760] [INFO] [06589438-3936-4993-91d3-6f38a270a558] Response: 201 (19ms)
[2025-12-13 08:50:06.828] [INFO] [94c6386d-ba6c-43cb-88c1-ca039a06e766] ====== GET /api/v1/students?page=1&limit=10&search=&status=&payment_status= ======
[2025-12-13 08:50:06.833] [INFO] [94c6386d-ba6c-43cb-88c1-ca039a06e766] Response: 200 (5ms)
[2025-12-13 08:50:27.212] [INFO] [654fc4c4-1ded-4c97-9b09-d4cad888ba37] ====== POST /api/v1/students/bulk ======
[2025-12-13 08:50:27.232] [INFO] [654fc4c4-1ded-4c97-9b09-d4cad888ba37] Response: 201 (20ms)
[2025-12-13 08:50:27.294] [INFO] [f8748052-7306-4805-88ed-32502ddecb52] ====== GET /api/v1/students?page=1&limit=10&search=&status=&payment_status= ======
[2025-12-13 08:50:27.299] [INFO] [f8748052-7306-4805-88ed-32502ddecb52] Response: 200 (5ms)
[2025-12-13 08:50:30.891] [INFO] [0295a9ad-43bc-4865-9187-050d61741a72] ====== GET /api/v1/students?page=21&limit=10&search=&status=&payment_status= ======
[2025-12-13 08:50:30.895] [INFO] [0295a9ad-43bc-4865-9187-050d61741a72] Response: 200 (4ms)
[2025-12-13 08:50:32.343] [INFO] [07b7529b-3ff3-43b5-8741-f00b20120815] ====== GET /api/v1/students?page=1&limit=10&search=&status=&payment_status= ======
[2025-12-13 08:50:32.347] [INFO] [07b7529b-3ff3-43b5-8741-f00b20120815] Response: 304 (4ms)
[2025-12-13 08:50:59.411] [INFO] [441b4f98-36f5-43a0-b27d-6b28bbf0abba] ====== GET /api/v1/students?page=1&limit=10&search=&status=&payment_status= ======
[2025-12-13 08:50:59.485] [INFO] [441b4f98-36f5-43a0-b27d-6b28bbf0abba] Response: 304 (74ms)
[2025-12-13 08:51:27.260] [INFO] [bc9902f2-b705-4ba1-a60c-95a9aff9a7b3] ====== GET /api/v1/students?page=1&limit=10&search=&status=&payment_status= ======
[2025-12-13 08:51:27.279] [INFO] [bc9902f2-b705-4ba1-a60c-95a9aff9a7b3] Response: 304 (19ms)
[2025-12-13 08:51:30.321] [INFO] [cd4a6519-55b2-415b-8355-04f6fac3a42d] ====== GET /api/v1/students?page=21&limit=10&search=&status=&payment_status= ======
[2025-12-13 08:51:30.329] [INFO] [cd4a6519-55b2-415b-8355-04f6fac3a42d] Response: 304 (8ms)
[2025-12-13 08:51:32.880] [INFO] [770dbfd9-7944-4d0f-821c-444a8ae255de] ====== GET /api/v1/students?page=1&limit=10&search=&status=&payment_status= ======
[2025-12-13 08:51:32.884] [INFO] [770dbfd9-7944-4d0f-821c-444a8ae255de] Response: 304 (4ms)
[2025-12-13 08:51:41.350] [INFO] [dc406001-6be1-47cc-89ee-8e1b5f69b3cd] ====== GET /api/v1/students?page=1&limit=10&search=&status=&payment_status= ======
[2025-12-13 08:51:41.354] [ERROR] [dc406001-6be1-47cc-89ee-8e1b5f69b3cd] Error: finalQuery is not defined
[2025-12-13 08:51:41.354] [ERROR] [dc406001-6be1-47cc-89ee-8e1b5f69b3cd] ReferenceError: finalQuery is not defined
    at StudentService.getStudents (/Users/galangkeda/Documents/EPadi/esepasi/.next/dev/server/chunks/[root-of-the-server]__b3aa2198._.js:453:25)
    at /Users/galangkeda/Documents/EPadi/esepasi/.next/dev/server/chunks/[root-of-the-server]__b3aa2198._.js:618:185
    at /Users/galangkeda/Documents/EPadi/esepasi/.next/dev/server/chunks/[root-of-the-server]__b3aa2198._.js:245:19
    at apiResolver (/Users/galangkeda/Documents/EPadi/esepasi/node_modules/.pnpm/next@16.0.8_@babel+core@7.28.5_react-dom@19.2.1_react@19.2.1__react@19.2.1/node_modules/next/dist/compiled/next-server/pages-api-turbo.runtime.dev.js:2:4431)
    at process.processTicksAndRejections (node:internal/process/task_queues:105:5)
    at async PagesAPIRouteModule.render (/Users/galangkeda/Documents/EPadi/esepasi/node_modules/.pnpm/next@16.0.8_@babel+core@7.28.5_react-dom@19.2.1_react@19.2.1__react@19.2.1/node_modules/next/dist/compiled/next-server/pages-api-turbo.runtime.dev.js:2:5955)
    at async Module.handler (/Users/galangkeda/Documents/EPadi/esepasi/.next/dev/server/chunks/718e3_next_dist_445301ab._.js:2935:13)
    at async DevServer.runApi (/Users/galangkeda/Documents/EPadi/esepasi/node_modules/.pnpm/next@16.0.8_@babel+core@7.28.5_react-dom@19.2.1_react@19.2.1__react@19.2.1/node_modules/next/dist/server/next-server.js:750:9)
    at async NextNodeServer.handleCatchallRenderRequest (/Users/galangkeda/Documents/EPadi/esepasi/node_modules/.pnpm/next@16.0.8_@babel+core@7.28.5_react-dom@19.2.1_react@19.2.1__react@19.2.1/node_modules/next/dist/server/next-server.js:391:37)
    at async DevServer.handleRequestImpl (/Users/galangkeda/Documents/EPadi/esepasi/node_modules/.pnpm/next@16.0.8_@babel+core@7.28.5_react-dom@19.2.1_react@19.2.1__react@19.2.1/node_modules/next/dist/server/base-server.js:912:17)
    at async /Users/galangkeda/Documents/EPadi/esepasi/node_modules/.pnpm/next@16.0.8_@babel+core@7.28.5_react-dom@19.2.1_react@19.2.1__react@19.2.1/node_modules/next/dist/server/dev/next-dev-server.js:382:20
    at async Span.traceAsyncFn (/Users/galangkeda/Documents/EPadi/esepasi/node_modules/.pnpm/next@16.0.8_@babel+core@7.28.5_react-dom@19.2.1_react@19.2.1__react@19.2.1/node_modules/next/dist/trace/trace.js:157:20)
    at async DevServer.handleRequest (/Users/galangkeda/Documents/EPadi/esepasi/node_modules/.pnpm/next@16.0.8_@babel+core@7.28.5_react-dom@19.2.1_react@19.2.1__react@19.2.1/node_modules/next/dist/server/dev/next-dev-server.js:378:24)
    at async invokeRender (/Users/galangkeda/Documents/EPadi/esepasi/node_modules/.pnpm/next@16.0.8_@babel+core@7.28.5_react-dom@19.2.1_react@19.2.1__react@19.2.1/node_modules/next/dist/server/lib/router-server.js:240:21)
    at async handleRequest (/Users/galangkeda/Documents/EPadi/esepasi/node_modules/.pnpm/next@16.0.8_@babel+core@7.28.5_react-dom@19.2.1_react@19.2.1__react@19.2.1/node_modules/next/dist/server/lib/router-server.js:436:24)
    at async requestHandlerImpl (/Users/galangkeda/Documents/EPadi/esepasi/node_modules/.pnpm/next@16.0.8_@babel+core@7.28.5_react-dom@19.2.1_react@19.2.1__react@19.2.1/node_modules/next/dist/server/lib/router-server.js:484:13)
    at async Server.requestListener (/Users/galangkeda/Documents/EPadi/esepasi/node_modules/.pnpm/next@16.0.8_@babel+core@7.28.5_react-dom@19.2.1_react@19.2.1__react@19.2.1/node_modules/next/dist/server/lib/start-server.js:226:13)
[2025-12-13 08:51:41.355] [INFO] [dc406001-6be1-47cc-89ee-8e1b5f69b3cd] Response: 500 (4ms)
[2025-12-13 08:51:42.377] [INFO] [7c964ada-d2cd-4db2-8e17-3d16fd9b4049] ====== GET /api/v1/students?page=1&limit=10&search=&status=&payment_status= ======
[2025-12-13 08:51:42.379] [ERROR] [7c964ada-d2cd-4db2-8e17-3d16fd9b4049] Error: finalQuery is not defined
[2025-12-13 08:51:42.380] [ERROR] [7c964ada-d2cd-4db2-8e17-3d16fd9b4049] ReferenceError: finalQuery is not defined
    at StudentService.getStudents (/Users/galangkeda/Documents/EPadi/esepasi/.next/dev/server/chunks/[root-of-the-server]__b3aa2198._.js:453:25)
    at /Users/galangkeda/Documents/EPadi/esepasi/.next/dev/server/chunks/[root-of-the-server]__b3aa2198._.js:618:185
    at /Users/galangkeda/Documents/EPadi/esepasi/.next/dev/server/chunks/[root-of-the-server]__b3aa2198._.js:245:19
    at apiResolver (/Users/galangkeda/Documents/EPadi/esepasi/node_modules/.pnpm/next@16.0.8_@babel+core@7.28.5_react-dom@19.2.1_react@19.2.1__react@19.2.1/node_modules/next/dist/compiled/next-server/pages-api-turbo.runtime.dev.js:2:4431)
    at process.processTicksAndRejections (node:internal/process/task_queues:105:5)
    at async PagesAPIRouteModule.render (/Users/galangkeda/Documents/EPadi/esepasi/node_modules/.pnpm/next@16.0.8_@babel+core@7.28.5_react-dom@19.2.1_react@19.2.1__react@19.2.1/node_modules/next/dist/compiled/next-server/pages-api-turbo.runtime.dev.js:2:5955)
    at async Module.handler (/Users/galangkeda/Documents/EPadi/esepasi/.next/dev/server/chunks/718e3_next_dist_445301ab._.js:2935:13)
    at async DevServer.runApi (/Users/galangkeda/Documents/EPadi/esepasi/node_modules/.pnpm/next@16.0.8_@babel+core@7.28.5_react-dom@19.2.1_react@19.2.1__react@19.2.1/node_modules/next/dist/server/next-server.js:750:9)
    at async NextNodeServer.handleCatchallRenderRequest (/Users/galangkeda/Documents/EPadi/esepasi/node_modules/.pnpm/next@16.0.8_@babel+core@7.28.5_react-dom@19.2.1_react@19.2.1__react@19.2.1/node_modules/next/dist/server/next-server.js:391:37)
    at async DevServer.handleRequestImpl (/Users/galangkeda/Documents/EPadi/esepasi/node_modules/.pnpm/next@16.0.8_@babel+core@7.28.5_react-dom@19.2.1_react@19.2.1__react@19.2.1/node_modules/next/dist/server/base-server.js:912:17)
    at async /Users/galangkeda/Documents/EPadi/esepasi/node_modules/.pnpm/next@16.0.8_@babel+core@7.28.5_react-dom@19.2.1_react@19.2.1__react@19.2.1/node_modules/next/dist/server/dev/next-dev-server.js:382:20
    at async Span.traceAsyncFn (/Users/galangkeda/Documents/EPadi/esepasi/node_modules/.pnpm/next@16.0.8_@babel+core@7.28.5_react-dom@19.2.1_react@19.2.1__react@19.2.1/node_modules/next/dist/trace/trace.js:157:20)
    at async DevServer.handleRequest (/Users/galangkeda/Documents/EPadi/esepasi/node_modules/.pnpm/next@16.0.8_@babel+core@7.28.5_react-dom@19.2.1_react@19.2.1__react@19.2.1/node_modules/next/dist/server/dev/next-dev-server.js:378:24)
    at async invokeRender (/Users/galangkeda/Documents/EPadi/esepasi/node_modules/.pnpm/next@16.0.8_@babel+core@7.28.5_react-dom@19.2.1_react@19.2.1__react@19.2.1/node_modules/next/dist/server/lib/router-server.js:240:21)
    at async handleRequest (/Users/galangkeda/Documents/EPadi/esepasi/node_modules/.pnpm/next@16.0.8_@babel+core@7.28.5_react-dom@19.2.1_react@19.2.1__react@19.2.1/node_modules/next/dist/server/lib/router-server.js:436:24)
    at async requestHandlerImpl (/Users/galangkeda/Documents/EPadi/esepasi/node_modules/.pnpm/next@16.0.8_@babel+core@7.28.5_react-dom@19.2.1_react@19.2.1__react@19.2.1/node_modules/next/dist/server/lib/router-server.js:484:13)
    at async Server.requestListener (/Users/galangkeda/Documents/EPadi/esepasi/node_modules/.pnpm/next@16.0.8_@babel+core@7.28.5_react-dom@19.2.1_react@19.2.1__react@19.2.1/node_modules/next/dist/server/lib/start-server.js:226:13)
[2025-12-13 08:51:42.381] [INFO] [7c964ada-d2cd-4db2-8e17-3d16fd9b4049] Response: 500 (2ms)
[2025-12-13 08:53:19.140] [INFO] [ee6d5444-7c80-4d34-9f8f-16d9c45768d2] ====== GET /api/v1/auth/me ======
[2025-12-13 08:53:19.179] [INFO] [d2365390-22d5-426f-87f3-ff9c4095eb3d] ====== GET /api/v1/students?page=1&limit=10&search=&status=&payment_status= ======
[2025-12-13 08:53:19.185] [INFO] [ee6d5444-7c80-4d34-9f8f-16d9c45768d2] Response: 304 (45ms)
[2025-12-13 08:53:19.191] [INFO] [d2365390-22d5-426f-87f3-ff9c4095eb3d] Response: 200 (12ms)
[2025-12-13 08:53:39.646] [INFO] [f62f26a1-09ee-4fcd-b38a-b3dcaeb924fa] ====== GET /api/v1/auth/me ======
[2025-12-13 08:53:39.679] [INFO] [ef1e0d9a-79f7-4583-b842-6f14668d43a5] ====== GET /api/v1/students?page=1&limit=10&search=&status=&payment_status= ======
[2025-12-13 08:53:39.683] [INFO] [f62f26a1-09ee-4fcd-b38a-b3dcaeb924fa] Response: 304 (37ms)
[2025-12-13 08:53:39.697] [INFO] [ef1e0d9a-79f7-4583-b842-6f14668d43a5] Response: 200 (18ms)
[2025-12-13 08:53:45.118] [INFO] [6538eeef-147f-410a-bfff-c7dff04f913d] ====== GET /api/v1/auth/me ======
[2025-12-13 08:53:45.133] [INFO] [6538eeef-147f-410a-bfff-c7dff04f913d] Response: 304 (15ms)
[2025-12-13 08:53:45.132] [INFO] [000693d6-f168-44d3-96c5-3a7f31aa7339] ====== GET /api/v1/students?page=1&limit=10&search=&status=&payment_status= ======
[2025-12-13 08:53:45.145] [ERROR] [000693d6-f168-44d3-96c5-3a7f31aa7339] Error: column students.nam does not exist
[2025-12-13 08:53:45.146] [ERROR] [000693d6-f168-44d3-96c5-3a7f31aa7339] error: column students.nam does not exist
    at /Users/galangkeda/Documents/EPadi/esepasi/node_modules/.pnpm/pg@8.16.3/node_modules/pg/lib/client.js:545:17
    at process.processTicksAndRejections (node:internal/process/task_queues:105:5)
    at async PostgresConnection.executeQuery (file:///Users/galangkeda/Documents/EPadi/esepasi/node_modules/.pnpm/kysely@0.28.8/node_modules/kysely/dist/esm/dialect/postgres/postgres-driver.js:90:49)
    at async file:///Users/galangkeda/Documents/EPadi/esepasi/node_modules/.pnpm/kysely@0.28.8/node_modules/kysely/dist/esm/query-executor/query-executor-base.js:35:28
    at async DefaultConnectionProvider.provideConnection (file:///Users/galangkeda/Documents/EPadi/esepasi/node_modules/.pnpm/kysely@0.28.8/node_modules/kysely/dist/esm/driver/default-connection-provider.js:10:20)
    at async DefaultQueryExecutor.executeQuery (file:///Users/galangkeda/Documents/EPadi/esepasi/node_modules/.pnpm/kysely@0.28.8/node_modules/kysely/dist/esm/query-executor/query-executor-base.js:34:16)
    at async SelectQueryBuilderImpl.execute (file:///Users/galangkeda/Documents/EPadi/esepasi/node_modules/.pnpm/kysely@0.28.8/node_modules/kysely/dist/esm/query-builder/select-query-builder.js:317:24)
    at async StudentService.getStudents (/Users/galangkeda/Documents/EPadi/esepasi/.next/dev/server/chunks/[root-of-the-server]__b3aa2198._.js:484:25)
    at async /Users/galangkeda/Documents/EPadi/esepasi/.next/dev/server/chunks/[root-of-the-server]__b3aa2198._.js:649:24
    at async /Users/galangkeda/Documents/EPadi/esepasi/.next/dev/server/chunks/[root-of-the-server]__b3aa2198._.js:245:13
    at async apiResolver (/Users/galangkeda/Documents/EPadi/esepasi/node_modules/.pnpm/next@16.0.8_@babel+core@7.28.5_react-dom@19.2.1_react@19.2.1__react@19.2.1/node_modules/next/dist/compiled/next-server/pages-api-turbo.runtime.dev.js:2:4425)
    at async PagesAPIRouteModule.render (/Users/galangkeda/Documents/EPadi/esepasi/node_modules/.pnpm/next@16.0.8_@babel+core@7.28.5_react-dom@19.2.1_react@19.2.1__react@19.2.1/node_modules/next/dist/compiled/next-server/pages-api-turbo.runtime.dev.js:2:5955)
    at async Module.handler (/Users/galangkeda/Documents/EPadi/esepasi/.next/dev/server/chunks/718e3_next_dist_445301ab._.js:2935:13)
    at async DevServer.runApi (/Users/galangkeda/Documents/EPadi/esepasi/node_modules/.pnpm/next@16.0.8_@babel+core@7.28.5_react-dom@19.2.1_react@19.2.1__react@19.2.1/node_modules/next/dist/server/next-server.js:750:9)
    at async NextNodeServer.handleCatchallRenderRequest (/Users/galangkeda/Documents/EPadi/esepasi/node_modules/.pnpm/next@16.0.8_@babel+core@7.28.5_react-dom@19.2.1_react@19.2.1__react@19.2.1/node_modules/next/dist/server/next-server.js:391:37)
    at async DevServer.handleRequestImpl (/Users/galangkeda/Documents/EPadi/esepasi/node_modules/.pnpm/next@16.0.8_@babel+core@7.28.5_react-dom@19.2.1_react@19.2.1__react@19.2.1/node_modules/next/dist/server/base-server.js:912:17)
    at async /Users/galangkeda/Documents/EPadi/esepasi/node_modules/.pnpm/next@16.0.8_@babel+core@7.28.5_react-dom@19.2.1_react@19.2.1__react@19.2.1/node_modules/next/dist/server/dev/next-dev-server.js:382:20
    at async Span.traceAsyncFn (/Users/galangkeda/Documents/EPadi/esepasi/node_modules/.pnpm/next@16.0.8_@babel+core@7.28.5_react-dom@19.2.1_react@19.2.1__react@19.2.1/node_modules/next/dist/trace/trace.js:157:20)
    at async DevServer.handleRequest (/Users/galangkeda/Documents/EPadi/esepasi/node_modules/.pnpm/next@16.0.8_@babel+core@7.28.5_react-dom@19.2.1_react@19.2.1__react@19.2.1/node_modules/next/dist/server/dev/next-dev-server.js:378:24)
    at async invokeRender (/Users/galangkeda/Documents/EPadi/esepasi/node_modules/.pnpm/next@16.0.8_@babel+core@7.28.5_react-dom@19.2.1_react@19.2.1__react@19.2.1/node_modules/next/dist/server/lib/router-server.js:240:21)
    at async handleRequest (/Users/galangkeda/Documents/EPadi/esepasi/node_modules/.pnpm/next@16.0.8_@babel+core@7.28.5_react-dom@19.2.1_react@19.2.1__react@19.2.1/node_modules/next/dist/server/lib/router-server.js:436:24)
    at async requestHandlerImpl (/Users/galangkeda/Documents/EPadi/esepasi/node_modules/.pnpm/next@16.0.8_@babel+core@7.28.5_react-dom@19.2.1_react@19.2.1__react@19.2.1/node_modules/next/dist/server/lib/router-server.js:484:13)
    at async Server.requestListener (/Users/galangkeda/Documents/EPadi/esepasi/node_modules/.pnpm/next@16.0.8_@babel+core@7.28.5_react-dom@19.2.1_react@19.2.1__react@19.2.1/node_modules/next/dist/server/lib/start-server.js:226:13)
    at PostgresConnection.executeQuery (file:///Users/galangkeda/Documents/EPadi/esepasi/node_modules/.pnpm/kysely@0.28.8/node_modules/kysely/dist/esm/dialect/postgres/postgres-driver.js:102:41)
    at process.processTicksAndRejections (node:internal/process/task_queues:105:5)
    at async file:///Users/galangkeda/Documents/EPadi/esepasi/node_modules/.pnpm/kysely@0.28.8/node_modules/kysely/dist/esm/query-executor/query-executor-base.js:35:28
    at async DefaultConnectionProvider.provideConnection (file:///Users/galangkeda/Documents/EPadi/esepasi/node_modules/.pnpm/kysely@0.28.8/node_modules/kysely/dist/esm/driver/default-connection-provider.js:10:20)
    at async DefaultQueryExecutor.executeQuery (file:///Users/galangkeda/Documents/EPadi/esepasi/node_modules/.pnpm/kysely@0.28.8/node_modules/kysely/dist/esm/query-executor/query-executor-base.js:34:16)
    at async SelectQueryBuilderImpl.execute (file:///Users/galangkeda/Documents/EPadi/esepasi/node_modules/.pnpm/kysely@0.28.8/node_modules/kysely/dist/esm/query-builder/select-query-builder.js:317:24)
    at async StudentService.getStudents (/Users/galangkeda/Documents/EPadi/esepasi/.next/dev/server/chunks/[root-of-the-server]__b3aa2198._.js:484:25)
    at async /Users/galangkeda/Documents/EPadi/esepasi/.next/dev/server/chunks/[root-of-the-server]__b3aa2198._.js:649:24
    at async /Users/galangkeda/Documents/EPadi/esepasi/.next/dev/server/chunks/[root-of-the-server]__b3aa2198._.js:245:13
    at async apiResolver (/Users/galangkeda/Documents/EPadi/esepasi/node_modules/.pnpm/next@16.0.8_@babel+core@7.28.5_react-dom@19.2.1_react@19.2.1__react@19.2.1/node_modules/next/dist/compiled/next-server/pages-api-turbo.runtime.dev.js:2:4425)
    at async PagesAPIRouteModule.render (/Users/galangkeda/Documents/EPadi/esepasi/node_modules/.pnpm/next@16.0.8_@babel+core@7.28.5_react-dom@19.2.1_react@19.2.1__react@19.2.1/node_modules/next/dist/compiled/next-server/pages-api-turbo.runtime.dev.js:2:5955)
    at async Module.handler (/Users/galangkeda/Documents/EPadi/esepasi/.next/dev/server/chunks/718e3_next_dist_445301ab._.js:2935:13)
    at async DevServer.runApi (/Users/galangkeda/Documents/EPadi/esepasi/node_modules/.pnpm/next@16.0.8_@babel+core@7.28.5_react-dom@19.2.1_react@19.2.1__react@19.2.1/node_modules/next/dist/server/next-server.js:750:9)
    at async NextNodeServer.handleCatchallRenderRequest (/Users/galangkeda/Documents/EPadi/esepasi/node_modules/.pnpm/next@16.0.8_@babel+core@7.28.5_react-dom@19.2.1_react@19.2.1__react@19.2.1/node_modules/next/dist/server/next-server.js:391:37)
    at async DevServer.handleRequestImpl (/Users/galangkeda/Documents/EPadi/esepasi/node_modules/.pnpm/next@16.0.8_@babel+core@7.28.5_react-dom@19.2.1_react@19.2.1__react@19.2.1/node_modules/next/dist/server/base-server.js:912:17)
    at async /Users/galangkeda/Documents/EPadi/esepasi/node_modules/.pnpm/next@16.0.8_@babel+core@7.28.5_react-dom@19.2.1_react@19.2.1__react@19.2.1/node_modules/next/dist/server/dev/next-dev-server.js:382:20
    at async Span.traceAsyncFn (/Users/galangkeda/Documents/EPadi/esepasi/node_modules/.pnpm/next@16.0.8_@babel+core@7.28.5_react-dom@19.2.1_react@19.2.1__react@19.2.1/node_modules/next/dist/trace/trace.js:157:20)
    at async DevServer.handleRequest (/Users/galangkeda/Documents/EPadi/esepasi/node_modules/.pnpm/next@16.0.8_@babel+core@7.28.5_react-dom@19.2.1_react@19.2.1__react@19.2.1/node_modules/next/dist/server/dev/next-dev-server.js:378:24)
    at async invokeRender (/Users/galangkeda/Documents/EPadi/esepasi/node_modules/.pnpm/next@16.0.8_@babel+core@7.28.5_react-dom@19.2.1_react@19.2.1__react@19.2.1/node_modules/next/dist/server/lib/router-server.js:240:21)
    at async handleRequest (/Users/galangkeda/Documents/EPadi/esepasi/node_modules/.pnpm/next@16.0.8_@babel+core@7.28.5_react-dom@19.2.1_react@19.2.1__react@19.2.1/node_modules/next/dist/server/lib/router-server.js:436:24)
    at async requestHandlerImpl (/Users/galangkeda/Documents/EPadi/esepasi/node_modules/.pnpm/next@16.0.8_@babel+core@7.28.5_react-dom@19.2.1_react@19.2.1__react@19.2.1/node_modules/next/dist/server/lib/router-server.js:484:13)
    at async Server.requestListener (/Users/galangkeda/Documents/EPadi/esepasi/node_modules/.pnpm/next@16.0.8_@babel+core@7.28.5_react-dom@19.2.1_react@19.2.1__react@19.2.1/node_modules/next/dist/server/lib/start-server.js:226:13)
[2025-12-13 08:53:45.147] [INFO] [000693d6-f168-44d3-96c5-3a7f31aa7339] Response: 500 (13ms)
[2025-12-13 08:53:46.295] [INFO] [499e7d1d-75c0-45b2-931e-622a5868b89a] ====== GET /api/v1/students?page=1&limit=10&search=&status=&payment_status= ======
[2025-12-13 08:53:46.297] [ERROR] [499e7d1d-75c0-45b2-931e-622a5868b89a] Error: column students.nam does not exist
[2025-12-13 08:53:46.298] [ERROR] [499e7d1d-75c0-45b2-931e-622a5868b89a] error: column students.nam does not exist
    at /Users/galangkeda/Documents/EPadi/esepasi/node_modules/.pnpm/pg@8.16.3/node_modules/pg/lib/client.js:545:17
    at process.processTicksAndRejections (node:internal/process/task_queues:105:5)
    at async PostgresConnection.executeQuery (file:///Users/galangkeda/Documents/EPadi/esepasi/node_modules/.pnpm/kysely@0.28.8/node_modules/kysely/dist/esm/dialect/postgres/postgres-driver.js:90:49)
    at async file:///Users/galangkeda/Documents/EPadi/esepasi/node_modules/.pnpm/kysely@0.28.8/node_modules/kysely/dist/esm/query-executor/query-executor-base.js:35:28
    at async DefaultConnectionProvider.provideConnection (file:///Users/galangkeda/Documents/EPadi/esepasi/node_modules/.pnpm/kysely@0.28.8/node_modules/kysely/dist/esm/driver/default-connection-provider.js:10:20)
    at async DefaultQueryExecutor.executeQuery (file:///Users/galangkeda/Documents/EPadi/esepasi/node_modules/.pnpm/kysely@0.28.8/node_modules/kysely/dist/esm/query-executor/query-executor-base.js:34:16)
    at async SelectQueryBuilderImpl.execute (file:///Users/galangkeda/Documents/EPadi/esepasi/node_modules/.pnpm/kysely@0.28.8/node_modules/kysely/dist/esm/query-builder/select-query-builder.js:317:24)
    at async StudentService.getStudents (/Users/galangkeda/Documents/EPadi/esepasi/.next/dev/server/chunks/[root-of-the-server]__b3aa2198._.js:484:25)
    at async /Users/galangkeda/Documents/EPadi/esepasi/.next/dev/server/chunks/[root-of-the-server]__b3aa2198._.js:649:24
    at async /Users/galangkeda/Documents/EPadi/esepasi/.next/dev/server/chunks/[root-of-the-server]__b3aa2198._.js:245:13
    at async apiResolver (/Users/galangkeda/Documents/EPadi/esepasi/node_modules/.pnpm/next@16.0.8_@babel+core@7.28.5_react-dom@19.2.1_react@19.2.1__react@19.2.1/node_modules/next/dist/compiled/next-server/pages-api-turbo.runtime.dev.js:2:4425)
    at async PagesAPIRouteModule.render (/Users/galangkeda/Documents/EPadi/esepasi/node_modules/.pnpm/next@16.0.8_@babel+core@7.28.5_react-dom@19.2.1_react@19.2.1__react@19.2.1/node_modules/next/dist/compiled/next-server/pages-api-turbo.runtime.dev.js:2:5955)
    at async Module.handler (/Users/galangkeda/Documents/EPadi/esepasi/.next/dev/server/chunks/718e3_next_dist_445301ab._.js:2935:13)
    at async DevServer.runApi (/Users/galangkeda/Documents/EPadi/esepasi/node_modules/.pnpm/next@16.0.8_@babel+core@7.28.5_react-dom@19.2.1_react@19.2.1__react@19.2.1/node_modules/next/dist/server/next-server.js:750:9)
    at async NextNodeServer.handleCatchallRenderRequest (/Users/galangkeda/Documents/EPadi/esepasi/node_modules/.pnpm/next@16.0.8_@babel+core@7.28.5_react-dom@19.2.1_react@19.2.1__react@19.2.1/node_modules/next/dist/server/next-server.js:391:37)
    at async DevServer.handleRequestImpl (/Users/galangkeda/Documents/EPadi/esepasi/node_modules/.pnpm/next@16.0.8_@babel+core@7.28.5_react-dom@19.2.1_react@19.2.1__react@19.2.1/node_modules/next/dist/server/base-server.js:912:17)
    at async /Users/galangkeda/Documents/EPadi/esepasi/node_modules/.pnpm/next@16.0.8_@babel+core@7.28.5_react-dom@19.2.1_react@19.2.1__react@19.2.1/node_modules/next/dist/server/dev/next-dev-server.js:382:20
    at async Span.traceAsyncFn (/Users/galangkeda/Documents/EPadi/esepasi/node_modules/.pnpm/next@16.0.8_@babel+core@7.28.5_react-dom@19.2.1_react@19.2.1__react@19.2.1/node_modules/next/dist/trace/trace.js:157:20)
    at async DevServer.handleRequest (/Users/galangkeda/Documents/EPadi/esepasi/node_modules/.pnpm/next@16.0.8_@babel+core@7.28.5_react-dom@19.2.1_react@19.2.1__react@19.2.1/node_modules/next/dist/server/dev/next-dev-server.js:378:24)
    at async invokeRender (/Users/galangkeda/Documents/EPadi/esepasi/node_modules/.pnpm/next@16.0.8_@babel+core@7.28.5_react-dom@19.2.1_react@19.2.1__react@19.2.1/node_modules/next/dist/server/lib/router-server.js:240:21)
    at async handleRequest (/Users/galangkeda/Documents/EPadi/esepasi/node_modules/.pnpm/next@16.0.8_@babel+core@7.28.5_react-dom@19.2.1_react@19.2.1__react@19.2.1/node_modules/next/dist/server/lib/router-server.js:436:24)
    at async requestHandlerImpl (/Users/galangkeda/Documents/EPadi/esepasi/node_modules/.pnpm/next@16.0.8_@babel+core@7.28.5_react-dom@19.2.1_react@19.2.1__react@19.2.1/node_modules/next/dist/server/lib/router-server.js:484:13)
    at async Server.requestListener (/Users/galangkeda/Documents/EPadi/esepasi/node_modules/.pnpm/next@16.0.8_@babel+core@7.28.5_react-dom@19.2.1_react@19.2.1__react@19.2.1/node_modules/next/dist/server/lib/start-server.js:226:13)
    at PostgresConnection.executeQuery (file:///Users/galangkeda/Documents/EPadi/esepasi/node_modules/.pnpm/kysely@0.28.8/node_modules/kysely/dist/esm/dialect/postgres/postgres-driver.js:102:41)
    at process.processTicksAndRejections (node:internal/process/task_queues:105:5)
    at async file:///Users/galangkeda/Documents/EPadi/esepasi/node_modules/.pnpm/kysely@0.28.8/node_modules/kysely/dist/esm/query-executor/query-executor-base.js:35:28
    at async DefaultConnectionProvider.provideConnection (file:///Users/galangkeda/Documents/EPadi/esepasi/node_modules/.pnpm/kysely@0.28.8/node_modules/kysely/dist/esm/driver/default-connection-provider.js:10:20)
    at async DefaultQueryExecutor.executeQuery (file:///Users/galangkeda/Documents/EPadi/esepasi/node_modules/.pnpm/kysely@0.28.8/node_modules/kysely/dist/esm/query-executor/query-executor-base.js:34:16)
    at async SelectQueryBuilderImpl.execute (file:///Users/galangkeda/Documents/EPadi/esepasi/node_modules/.pnpm/kysely@0.28.8/node_modules/kysely/dist/esm/query-builder/select-query-builder.js:317:24)
    at async StudentService.getStudents (/Users/galangkeda/Documents/EPadi/esepasi/.next/dev/server/chunks/[root-of-the-server]__b3aa2198._.js:484:25)
    at async /Users/galangkeda/Documents/EPadi/esepasi/.next/dev/server/chunks/[root-of-the-server]__b3aa2198._.js:649:24
    at async /Users/galangkeda/Documents/EPadi/esepasi/.next/dev/server/chunks/[root-of-the-server]__b3aa2198._.js:245:13
    at async apiResolver (/Users/galangkeda/Documents/EPadi/esepasi/node_modules/.pnpm/next@16.0.8_@babel+core@7.28.5_react-dom@19.2.1_react@19.2.1__react@19.2.1/node_modules/next/dist/compiled/next-server/pages-api-turbo.runtime.dev.js:2:4425)
    at async PagesAPIRouteModule.render (/Users/galangkeda/Documents/EPadi/esepasi/node_modules/.pnpm/next@16.0.8_@babel+core@7.28.5_react-dom@19.2.1_react@19.2.1__react@19.2.1/node_modules/next/dist/compiled/next-server/pages-api-turbo.runtime.dev.js:2:5955)
    at async Module.handler (/Users/galangkeda/Documents/EPadi/esepasi/.next/dev/server/chunks/718e3_next_dist_445301ab._.js:2935:13)
    at async DevServer.runApi (/Users/galangkeda/Documents/EPadi/esepasi/node_modules/.pnpm/next@16.0.8_@babel+core@7.28.5_react-dom@19.2.1_react@19.2.1__react@19.2.1/node_modules/next/dist/server/next-server.js:750:9)
    at async NextNodeServer.handleCatchallRenderRequest (/Users/galangkeda/Documents/EPadi/esepasi/node_modules/.pnpm/next@16.0.8_@babel+core@7.28.5_react-dom@19.2.1_react@19.2.1__react@19.2.1/node_modules/next/dist/server/next-server.js:391:37)
    at async DevServer.handleRequestImpl (/Users/galangkeda/Documents/EPadi/esepasi/node_modules/.pnpm/next@16.0.8_@babel+core@7.28.5_react-dom@19.2.1_react@19.2.1__react@19.2.1/node_modules/next/dist/server/base-server.js:912:17)
    at async /Users/galangkeda/Documents/EPadi/esepasi/node_modules/.pnpm/next@16.0.8_@babel+core@7.28.5_react-dom@19.2.1_react@19.2.1__react@19.2.1/node_modules/next/dist/server/dev/next-dev-server.js:382:20
    at async Span.traceAsyncFn (/Users/galangkeda/Documents/EPadi/esepasi/node_modules/.pnpm/next@16.0.8_@babel+core@7.28.5_react-dom@19.2.1_react@19.2.1__react@19.2.1/node_modules/next/dist/trace/trace.js:157:20)
    at async DevServer.handleRequest (/Users/galangkeda/Documents/EPadi/esepasi/node_modules/.pnpm/next@16.0.8_@babel+core@7.28.5_react-dom@19.2.1_react@19.2.1__react@19.2.1/node_modules/next/dist/server/dev/next-dev-server.js:378:24)
    at async invokeRender (/Users/galangkeda/Documents/EPadi/esepasi/node_modules/.pnpm/next@16.0.8_@babel+core@7.28.5_react-dom@19.2.1_react@19.2.1__react@19.2.1/node_modules/next/dist/server/lib/router-server.js:240:21)
    at async handleRequest (/Users/galangkeda/Documents/EPadi/esepasi/node_modules/.pnpm/next@16.0.8_@babel+core@7.28.5_react-dom@19.2.1_react@19.2.1__react@19.2.1/node_modules/next/dist/server/lib/router-server.js:436:24)
    at async requestHandlerImpl (/Users/galangkeda/Documents/EPadi/esepasi/node_modules/.pnpm/next@16.0.8_@babel+core@7.28.5_react-dom@19.2.1_react@19.2.1__react@19.2.1/node_modules/next/dist/server/lib/router-server.js:484:13)
    at async Server.requestListener (/Users/galangkeda/Documents/EPadi/esepasi/node_modules/.pnpm/next@16.0.8_@babel+core@7.28.5_react-dom@19.2.1_react@19.2.1__react@19.2.1/node_modules/next/dist/server/lib/start-server.js:226:13)
[2025-12-13 08:53:46.298] [INFO] [499e7d1d-75c0-45b2-931e-622a5868b89a] Response: 500 (2ms)
[2025-12-13 08:53:50.591] [INFO] [7485e462-3621-4356-ad96-96f16b8ad9a1] ====== GET /api/v1/auth/me ======
[2025-12-13 08:53:50.603] [INFO] [7485e462-3621-4356-ad96-96f16b8ad9a1] Response: 304 (12ms)
[2025-12-13 08:53:50.622] [INFO] [24c24ba0-124e-4d94-891b-f82bbf06374b] ====== GET /api/v1/students?page=1&limit=10&search=&status=&payment_status= ======
[2025-12-13 08:53:50.628] [INFO] [24c24ba0-124e-4d94-891b-f82bbf06374b] Response: 200 (5ms)
[2025-12-13 08:53:58.230] [INFO] [d3a12d36-b8a3-4287-83ed-95f0b473ae44] ====== GET /api/v1/auth/me ======
[2025-12-13 08:53:58.277] [INFO] [d3a12d36-b8a3-4287-83ed-95f0b473ae44] Response: 304 (48ms)
[2025-12-13 08:53:58.275] [INFO] [e13a0158-eebf-455a-b5a2-f5cf34cc47c6] ====== GET /api/v1/students?page=1&limit=10&search=&status=&payment_status= ======
[2025-12-13 08:53:58.299] [INFO] [e13a0158-eebf-455a-b5a2-f5cf34cc47c6] Response: 200 (24ms)
[2025-12-13 08:54:29.650] [INFO] [e1c7e0e9-6931-4ea1-b06c-644de3cd3c4b] ====== GET /api/v1/auth/me ======
[2025-12-13 08:54:29.714] [INFO] [d39a24ea-33a0-4666-a556-927a7c350257] ====== GET /api/v1/students?page=1&limit=10&search=&status=&payment_status= ======
[2025-12-13 08:54:29.719] [INFO] [e1c7e0e9-6931-4ea1-b06c-644de3cd3c4b] Response: 304 (69ms)
[2025-12-13 08:54:29.727] [INFO] [d39a24ea-33a0-4666-a556-927a7c350257] Response: 200 (13ms)
[2025-12-13 08:54:37.775] [INFO] [e104cdf6-49ed-44d2-94c7-6244049b344e] ====== GET /api/v1/auth/me ======
[2025-12-13 08:54:37.789] [INFO] [e104cdf6-49ed-44d2-94c7-6244049b344e] Response: 304 (14ms)
[2025-12-13 08:54:37.816] [INFO] [6214adcf-9698-4b3d-9269-efbdec745db3] ====== GET /api/v1/students?page=1&limit=10&search=&status=&payment_status= ======
[2025-12-13 08:54:37.822] [INFO] [6214adcf-9698-4b3d-9269-efbdec745db3] Response: 200 (6ms)
[2025-12-13 08:54:41.791] [INFO] [cd1bda21-40ca-4116-a5b9-5457241fffa8] ====== GET /api/v1/auth/me ======
[2025-12-13 08:54:41.793] [INFO] [cd1bda21-40ca-4116-a5b9-5457241fffa8] Response: 304 (2ms)
[2025-12-13 08:54:41.814] [INFO] [73eff654-fdf8-4dd7-9085-70d7246afa82] ====== GET /api/v1/students?page=1&limit=10&search=&status=&payment_status= ======
[2025-12-13 08:54:41.818] [INFO] [73eff654-fdf8-4dd7-9085-70d7246afa82] Response: 200 (4ms)
[2025-12-13 08:54:47.649] [INFO] [c44c7f38-8f37-4a9a-9f31-73c7eb25c106] ====== GET /api/v1/auth/me ======
[2025-12-13 08:54:47.664] [INFO] [c44c7f38-8f37-4a9a-9f31-73c7eb25c106] Response: 304 (15ms)
[2025-12-13 08:54:47.681] [INFO] [2da3ac13-3d09-4d79-a254-ff192cecca76] ====== GET /api/v1/students?page=1&limit=10&search=&status=&payment_status= ======
[2025-12-13 08:54:47.689] [INFO] [2da3ac13-3d09-4d79-a254-ff192cecca76] Response: 200 (8ms)
[2025-12-13 08:54:52.949] [INFO] [530c60b1-89b9-4f3e-9398-56d858f3478e] ====== POST /api/v1/students ======
[2025-12-13 08:54:52.954] [INFO] [530c60b1-89b9-4f3e-9398-56d858f3478e] Response: 201 (5ms)
[2025-12-13 08:54:53.073] [INFO] [bbd1b910-5740-4cbe-9f5e-915f11f1b3d0] ====== GET /api/v1/students?page=1&limit=10&search=&status=&payment_status= ======
[2025-12-13 08:54:53.076] [INFO] [bbd1b910-5740-4cbe-9f5e-915f11f1b3d0] Response: 200 (3ms)
[2025-12-13 08:54:55.429] [INFO] [c87b9fb0-43ea-4471-a9fb-9789ad4898ef] ====== GET /api/v1/students?page=1&limit=10&search=&status=&payment_status= ======
[2025-12-13 08:54:55.432] [INFO] [c87b9fb0-43ea-4471-a9fb-9789ad4898ef] Response: 304 (3ms)
[2025-12-13 08:54:55.437] [INFO] [17f3b14e-d146-4e11-81f4-1221c0f18b3d] ====== GET /api/v1/auth/me ======
[2025-12-13 08:54:55.438] [INFO] [17f3b14e-d146-4e11-81f4-1221c0f18b3d] Response: 304 (1ms)
[2025-12-13 08:55:14.823] [INFO] [0880c22d-128b-4a5e-a12c-bdeb36e14491] ====== GET /api/v1/students?page=1&limit=10&search=&status=inactive&payment_status= ======
[2025-12-13 08:55:14.838] [INFO] [0880c22d-128b-4a5e-a12c-bdeb36e14491] Response: 304 (15ms)
[2025-12-13 08:55:18.140] [INFO] [063faf00-b8a0-4d5b-860b-eb9842c958f4] ====== GET /api/v1/students?page=1&limit=10&search=&status=active&payment_status= ======
[2025-12-13 08:55:18.146] [INFO] [063faf00-b8a0-4d5b-860b-eb9842c958f4] Response: 200 (6ms)
[2025-12-13 08:55:22.253] [INFO] [31960013-37f1-437c-9e21-49e1e05eaa7d] ====== GET /api/v1/students?page=1&limit=10&search=&status=inactive&payment_status= ======
[2025-12-13 08:55:22.257] [INFO] [31960013-37f1-437c-9e21-49e1e05eaa7d] Response: 304 (4ms)
[2025-12-13 08:55:34.386] [INFO] [2b577f3a-3996-4373-a553-a9c688f63778] ====== GET /api/v1/students?page=1&limit=10&search=&status=&payment_status= ======
[2025-12-13 08:55:34.404] [INFO] [2b577f3a-3996-4373-a553-a9c688f63778] Response: 304 (18ms)
[2025-12-13 08:55:54.652] [INFO] [0926c838-f878-4058-9b60-e9e2b545afd6] ====== GET /api/v1/students?page=1&limit=10&search=&status=&payment_status= ======
[2025-12-13 08:55:54.677] [INFO] [0926c838-f878-4058-9b60-e9e2b545afd6] Response: 304 (25ms)
[2025-12-13 08:56:00.448] [INFO] [5843666e-5658-44f2-99c6-1bf43cbf8387] ====== GET /api/v1/students?page=1&limit=10&search=&status=&payment_status= ======
[2025-12-13 08:56:00.452] [INFO] [5843666e-5658-44f2-99c6-1bf43cbf8387] Response: 304 (3ms)
[2025-12-13 08:56:03.419] [INFO] [ea8123fa-8a3f-4bb2-ae27-f47b548fc335] ====== GET /api/v1/students/4cb280a9-567b-4640-8dbc-4af8b732d5cc ======
[2025-12-13 08:56:03.426] [INFO] [ea8123fa-8a3f-4bb2-ae27-f47b548fc335] Response: 200 (7ms)
[2025-12-13 08:56:04.876] [INFO] [06c8ce26-12c5-436f-b448-9dbc91ee80ec] ====== GET /api/v1/students?page=1&limit=10&search=&status=&payment_status= ======
[2025-12-13 08:56:04.878] [INFO] [06c8ce26-12c5-436f-b448-9dbc91ee80ec] Response: 304 (2ms)
[2025-12-13 08:56:10.500] [INFO] [2300ccaa-6137-423e-8f3b-264593697b62] ====== PUT /api/v1/students/4cb280a9-567b-4640-8dbc-4af8b732d5cc ======
[2025-12-13 08:56:10.507] [INFO] [2300ccaa-6137-423e-8f3b-264593697b62] Response: 200 (7ms)
[2025-12-13 08:56:10.622] [INFO] [49d46811-d6b8-4d96-93ce-9bfe0a7b26ae] ====== GET /api/v1/students?page=1&limit=10&search=&status=&payment_status= ======
[2025-12-13 08:56:10.633] [INFO] [49d46811-d6b8-4d96-93ce-9bfe0a7b26ae] Response: 200 (11ms)
[2025-12-13 08:56:16.521] [INFO] [3aed04b4-9336-4394-9289-7d10bdfd5f13] ====== GET /api/v1/students?page=1&limit=10&search=2024202&status=&payment_status= ======
[2025-12-13 08:56:16.525] [INFO] [3aed04b4-9336-4394-9289-7d10bdfd5f13] Response: 200 (4ms)
[2025-12-13 08:56:19.539] [INFO] [4a91e3ba-e47a-442e-b766-7efaaf513474] ====== GET /api/v1/students?page=1&limit=10&search=&status=&payment_status= ======
[2025-12-13 08:56:19.541] [INFO] [09ce86c4-df86-4385-bd8c-bcef2286762b] ====== GET /api/v1/auth/me ======
[2025-12-13 08:56:19.544] [INFO] [4a91e3ba-e47a-442e-b766-7efaaf513474] Response: 304 (5ms)
[2025-12-13 08:56:19.568] [INFO] [09ce86c4-df86-4385-bd8c-bcef2286762b] Response: 304 (27ms)
[2025-12-13 08:56:19.585] [INFO] [ff163095-7427-4a97-ad99-cd00c0e60c0b] ====== GET /api/v1/students?page=1&limit=10&search=2024202&status=&payment_status= ======
[2025-12-13 08:56:19.596] [INFO] [ff163095-7427-4a97-ad99-cd00c0e60c0b] Response: 304 (11ms)
