[2025-12-12 00:27:24.192] [ERROR] [14e7d52e-2627-4070-8f20-d353e7c3062d] Error: Invalid credentials
[2025-12-12 00:27:24.194] [ERROR] [14e7d52e-2627-4070-8f20-d353e7c3062d] UnauthorizedError: Invalid credentials
    at AuthService.login (/Users/galangkeda/Documents/EPadi/esepasi/.next/dev/server/chunks/[root-of-the-server]__ea3472f8._.js:543:19)
    at process.processTicksAndRejections (node:internal/process/task_queues:105:5)
    at async /Users/galangkeda/Documents/EPadi/esepasi/.next/dev/server/chunks/[root-of-the-server]__ea3472f8._.js:655:20
    at async /Users/galangkeda/Documents/EPadi/esepasi/.next/dev/server/chunks/[root-of-the-server]__ea3472f8._.js:244:13
    at async apiResolver (/Users/galangkeda/Documents/EPadi/esepasi/node_modules/.pnpm/next@16.0.8_@babel+core@7.28.5_react-dom@19.2.1_react@19.2.1__react@19.2.1/node_modules/next/dist/compiled/next-server/pages-api-turbo.runtime.dev.js:2:4425)
    at async PagesAPIRouteModule.render (/Users/galangkeda/Documents/EPadi/esepasi/node_modules/.pnpm/next@16.0.8_@babel+core@7.28.5_react-dom@19.2.1_react@19.2.1__react@19.2.1/node_modules/next/dist/compiled/next-server/pages-api-turbo.runtime.dev.js:2:5955)
    at async Module.handler (/Users/galangkeda/Documents/EPadi/esepasi/.next/dev/server/chunks/718e3_next_dist_4d75f5da._.js:2935:13)
    at async DevServer.runApi (/Users/galangkeda/Documents/EPadi/esepasi/node_modules/.pnpm/next@16.0.8_@babel+core@7.28.5_react-dom@19.2.1_react@19.2.1__react@19.2.1/node_modules/next/dist/server/next-server.js:750:9)
    at async NextNodeServer.handleCatchallRenderRequest (/Users/galangkeda/Documents/EPadi/esepasi/node_modules/.pnpm/next@16.0.8_@babel+core@7.28.5_react-dom@19.2.1_react@19.2.1__react@19.2.1/node_modules/next/dist/server/next-server.js:391:37)
    at async DevServer.handleRequestImpl (/Users/galangkeda/Documents/EPadi/esepasi/node_modules/.pnpm/next@16.0.8_@babel+core@7.28.5_react-dom@19.2.1_react@19.2.1__react@19.2.1/node_modules/next/dist/server/base-server.js:912:17)
    at async /Users/galangkeda/Documents/EPadi/esepasi/node_modules/.pnpm/next@16.0.8_@babel+core@7.28.5_react-dom@19.2.1_react@19.2.1__react@19.2.1/node_modules/next/dist/server/dev/next-dev-server.js:382:20
    at async Span.traceAsyncFn (/Users/galangkeda/Documents/EPadi/esepasi/node_modules/.pnpm/next@16.0.8_@babel+core@7.28.5_react-dom@19.2.1_react@19.2.1__react@19.2.1/node_modules/next/dist/trace/trace.js:157:20)
    at async DevServer.handleRequest (/Users/galangkeda/Documents/EPadi/esepasi/node_modules/.pnpm/next@16.0.8_@babel+core@7.28.5_react-dom@19.2.1_react@19.2.1__react@19.2.1/node_modules/next/dist/server/dev/next-dev-server.js:378:24)
    at async invokeRender (/Users/galangkeda/Documents/EPadi/esepasi/node_modules/.pnpm/next@16.0.8_@babel+core@7.28.5_react-dom@19.2.1_react@19.2.1__react@19.2.1/node_modules/next/dist/server/lib/router-server.js:240:21)
    at async handleRequest (/Users/galangkeda/Documents/EPadi/esepasi/node_modules/.pnpm/next@16.0.8_@babel+core@7.28.5_react-dom@19.2.1_react@19.2.1__react@19.2.1/node_modules/next/dist/server/lib/router-server.js:436:24)
    at async requestHandlerImpl (/Users/galangkeda/Documents/EPadi/esepasi/node_modules/.pnpm/next@16.0.8_@babel+core@7.28.5_react-dom@19.2.1_react@19.2.1__react@19.2.1/node_modules/next/dist/server/lib/router-server.js:484:13)
    at async Server.requestListener (/Users/galangkeda/Documents/EPadi/esepasi/node_modules/.pnpm/next@16.0.8_@babel+core@7.28.5_react-dom@19.2.1_react@19.2.1__react@19.2.1/node_modules/next/dist/server/lib/start-server.js:226:13)
[2025-12-12 00:27:33.507] [ERROR] [81f76187-643d-4dda-8a09-e29d9d2b9b59] Error: Invalid credentials
[2025-12-12 00:27:33.508] [ERROR] [81f76187-643d-4dda-8a09-e29d9d2b9b59] UnauthorizedError: Invalid credentials
    at AuthService.login (/Users/galangkeda/Documents/EPadi/esepasi/.next/dev/server/chunks/[root-of-the-server]__ea3472f8._.js:543:19)
    at process.processTicksAndRejections (node:internal/process/task_queues:105:5)
    at async /Users/galangkeda/Documents/EPadi/esepasi/.next/dev/server/chunks/[root-of-the-server]__ea3472f8._.js:655:20
    at async /Users/galangkeda/Documents/EPadi/esepasi/.next/dev/server/chunks/[root-of-the-server]__ea3472f8._.js:244:13
    at async apiResolver (/Users/galangkeda/Documents/EPadi/esepasi/node_modules/.pnpm/next@16.0.8_@babel+core@7.28.5_react-dom@19.2.1_react@19.2.1__react@19.2.1/node_modules/next/dist/compiled/next-server/pages-api-turbo.runtime.dev.js:2:4425)
    at async PagesAPIRouteModule.render (/Users/galangkeda/Documents/EPadi/esepasi/node_modules/.pnpm/next@16.0.8_@babel+core@7.28.5_react-dom@19.2.1_react@19.2.1__react@19.2.1/node_modules/next/dist/compiled/next-server/pages-api-turbo.runtime.dev.js:2:5955)
    at async Module.handler (/Users/galangkeda/Documents/EPadi/esepasi/.next/dev/server/chunks/718e3_next_dist_4d75f5da._.js:2935:13)
    at async DevServer.runApi (/Users/galangkeda/Documents/EPadi/esepasi/node_modules/.pnpm/next@16.0.8_@babel+core@7.28.5_react-dom@19.2.1_react@19.2.1__react@19.2.1/node_modules/next/dist/server/next-server.js:750:9)
    at async NextNodeServer.handleCatchallRenderRequest (/Users/galangkeda/Documents/EPadi/esepasi/node_modules/.pnpm/next@16.0.8_@babel+core@7.28.5_react-dom@19.2.1_react@19.2.1__react@19.2.1/node_modules/next/dist/server/next-server.js:391:37)
    at async DevServer.handleRequestImpl (/Users/galangkeda/Documents/EPadi/esepasi/node_modules/.pnpm/next@16.0.8_@babel+core@7.28.5_react-dom@19.2.1_react@19.2.1__react@19.2.1/node_modules/next/dist/server/base-server.js:912:17)
    at async /Users/galangkeda/Documents/EPadi/esepasi/node_modules/.pnpm/next@16.0.8_@babel+core@7.28.5_react-dom@19.2.1_react@19.2.1__react@19.2.1/node_modules/next/dist/server/dev/next-dev-server.js:382:20
    at async Span.traceAsyncFn (/Users/galangkeda/Documents/EPadi/esepasi/node_modules/.pnpm/next@16.0.8_@babel+core@7.28.5_react-dom@19.2.1_react@19.2.1__react@19.2.1/node_modules/next/dist/trace/trace.js:157:20)
    at async DevServer.handleRequest (/Users/galangkeda/Documents/EPadi/esepasi/node_modules/.pnpm/next@16.0.8_@babel+core@7.28.5_react-dom@19.2.1_react@19.2.1__react@19.2.1/node_modules/next/dist/server/dev/next-dev-server.js:378:24)
    at async invokeRender (/Users/galangkeda/Documents/EPadi/esepasi/node_modules/.pnpm/next@16.0.8_@babel+core@7.28.5_react-dom@19.2.1_react@19.2.1__react@19.2.1/node_modules/next/dist/server/lib/router-server.js:240:21)
    at async handleRequest (/Users/galangkeda/Documents/EPadi/esepasi/node_modules/.pnpm/next@16.0.8_@babel+core@7.28.5_react-dom@19.2.1_react@19.2.1__react@19.2.1/node_modules/next/dist/server/lib/router-server.js:436:24)
    at async requestHandlerImpl (/Users/galangkeda/Documents/EPadi/esepasi/node_modules/.pnpm/next@16.0.8_@babel+core@7.28.5_react-dom@19.2.1_react@19.2.1__react@19.2.1/node_modules/next/dist/server/lib/router-server.js:484:13)
    at async Server.requestListener (/Users/galangkeda/Documents/EPadi/esepasi/node_modules/.pnpm/next@16.0.8_@babel+core@7.28.5_react-dom@19.2.1_react@19.2.1__react@19.2.1/node_modules/next/dist/server/lib/start-server.js:226:13)
[2025-12-12 00:27:47.556] [ERROR] [8113f238-a360-49e9-a120-0c4811320c0b] Error: Validation failed
[2025-12-12 00:27:47.557] [ERROR] [8113f238-a360-49e9-a120-0c4811320c0b] ValidationError: Validation failed
    at validateRequest (/Users/galangkeda/Documents/EPadi/esepasi/.next/dev/server/chunks/[root-of-the-server]__ea3472f8._.js:325:15)
    at /Users/galangkeda/Documents/EPadi/esepasi/.next/dev/server/chunks/[root-of-the-server]__0af7023d._.js:653:166
    at /Users/galangkeda/Documents/EPadi/esepasi/.next/dev/server/chunks/[root-of-the-server]__ea3472f8._.js:244:19
    at apiResolver (/Users/galangkeda/Documents/EPadi/esepasi/node_modules/.pnpm/next@16.0.8_@babel+core@7.28.5_react-dom@19.2.1_react@19.2.1__react@19.2.1/node_modules/next/dist/compiled/next-server/pages-api-turbo.runtime.dev.js:2:4431)
    at process.processTicksAndRejections (node:internal/process/task_queues:105:5)
    at async PagesAPIRouteModule.render (/Users/galangkeda/Documents/EPadi/esepasi/node_modules/.pnpm/next@16.0.8_@babel+core@7.28.5_react-dom@19.2.1_react@19.2.1__react@19.2.1/node_modules/next/dist/compiled/next-server/pages-api-turbo.runtime.dev.js:2:5955)
    at async Module.handler (/Users/galangkeda/Documents/EPadi/esepasi/.next/dev/server/chunks/718e3_next_dist_91bdf8df._.js:2935:13)
    at async DevServer.runApi (/Users/galangkeda/Documents/EPadi/esepasi/node_modules/.pnpm/next@16.0.8_@babel+core@7.28.5_react-dom@19.2.1_react@19.2.1__react@19.2.1/node_modules/next/dist/server/next-server.js:750:9)
    at async NextNodeServer.handleCatchallRenderRequest (/Users/galangkeda/Documents/EPadi/esepasi/node_modules/.pnpm/next@16.0.8_@babel+core@7.28.5_react-dom@19.2.1_react@19.2.1__react@19.2.1/node_modules/next/dist/server/next-server.js:391:37)
    at async DevServer.handleRequestImpl (/Users/galangkeda/Documents/EPadi/esepasi/node_modules/.pnpm/next@16.0.8_@babel+core@7.28.5_react-dom@19.2.1_react@19.2.1__react@19.2.1/node_modules/next/dist/server/base-server.js:912:17)
    at async /Users/galangkeda/Documents/EPadi/esepasi/node_modules/.pnpm/next@16.0.8_@babel+core@7.28.5_react-dom@19.2.1_react@19.2.1__react@19.2.1/node_modules/next/dist/server/dev/next-dev-server.js:382:20
    at async Span.traceAsyncFn (/Users/galangkeda/Documents/EPadi/esepasi/node_modules/.pnpm/next@16.0.8_@babel+core@7.28.5_react-dom@19.2.1_react@19.2.1__react@19.2.1/node_modules/next/dist/trace/trace.js:157:20)
    at async DevServer.handleRequest (/Users/galangkeda/Documents/EPadi/esepasi/node_modules/.pnpm/next@16.0.8_@babel+core@7.28.5_react-dom@19.2.1_react@19.2.1__react@19.2.1/node_modules/next/dist/server/dev/next-dev-server.js:378:24)
    at async invokeRender (/Users/galangkeda/Documents/EPadi/esepasi/node_modules/.pnpm/next@16.0.8_@babel+core@7.28.5_react-dom@19.2.1_react@19.2.1__react@19.2.1/node_modules/next/dist/server/lib/router-server.js:240:21)
    at async handleRequest (/Users/galangkeda/Documents/EPadi/esepasi/node_modules/.pnpm/next@16.0.8_@babel+core@7.28.5_react-dom@19.2.1_react@19.2.1__react@19.2.1/node_modules/next/dist/server/lib/router-server.js:436:24)
    at async requestHandlerImpl (/Users/galangkeda/Documents/EPadi/esepasi/node_modules/.pnpm/next@16.0.8_@babel+core@7.28.5_react-dom@19.2.1_react@19.2.1__react@19.2.1/node_modules/next/dist/server/lib/router-server.js:484:13)
    at async Server.requestListener (/Users/galangkeda/Documents/EPadi/esepasi/node_modules/.pnpm/next@16.0.8_@babel+core@7.28.5_react-dom@19.2.1_react@19.2.1__react@19.2.1/node_modules/next/dist/server/lib/start-server.js:226:13)
[2025-12-12 00:29:24.256] [ERROR] [69c271ac-3e56-4ddb-afd2-7dd99e6b748e] Error: Validation failed
[2025-12-12 00:29:24.256] [ERROR] [69c271ac-3e56-4ddb-afd2-7dd99e6b748e] ValidationError: Validation failed
    at validateRequest (/Users/galangkeda/Documents/EPadi/esepasi/.next/dev/server/chunks/[root-of-the-server]__0af7023d._.js:322:15)
    at /Users/galangkeda/Documents/EPadi/esepasi/.next/dev/server/chunks/[root-of-the-server]__0af7023d._.js:650:166
    at /Users/galangkeda/Documents/EPadi/esepasi/.next/dev/server/chunks/[root-of-the-server]__0af7023d._.js:241:19
    at apiResolver (/Users/galangkeda/Documents/EPadi/esepasi/node_modules/.pnpm/next@16.0.8_@babel+core@7.28.5_react-dom@19.2.1_react@19.2.1__react@19.2.1/node_modules/next/dist/compiled/next-server/pages-api-turbo.runtime.dev.js:2:4431)
    at process.processTicksAndRejections (node:internal/process/task_queues:105:5)
    at async PagesAPIRouteModule.render (/Users/galangkeda/Documents/EPadi/esepasi/node_modules/.pnpm/next@16.0.8_@babel+core@7.28.5_react-dom@19.2.1_react@19.2.1__react@19.2.1/node_modules/next/dist/compiled/next-server/pages-api-turbo.runtime.dev.js:2:5955)
    at async Module.handler (/Users/galangkeda/Documents/EPadi/esepasi/.next/dev/server/chunks/718e3_next_dist_91bdf8df._.js:2935:13)
    at async DevServer.runApi (/Users/galangkeda/Documents/EPadi/esepasi/node_modules/.pnpm/next@16.0.8_@babel+core@7.28.5_react-dom@19.2.1_react@19.2.1__react@19.2.1/node_modules/next/dist/server/next-server.js:750:9)
    at async NextNodeServer.handleCatchallRenderRequest (/Users/galangkeda/Documents/EPadi/esepasi/node_modules/.pnpm/next@16.0.8_@babel+core@7.28.5_react-dom@19.2.1_react@19.2.1__react@19.2.1/node_modules/next/dist/server/next-server.js:391:37)
    at async DevServer.handleRequestImpl (/Users/galangkeda/Documents/EPadi/esepasi/node_modules/.pnpm/next@16.0.8_@babel+core@7.28.5_react-dom@19.2.1_react@19.2.1__react@19.2.1/node_modules/next/dist/server/base-server.js:912:17)
    at async /Users/galangkeda/Documents/EPadi/esepasi/node_modules/.pnpm/next@16.0.8_@babel+core@7.28.5_react-dom@19.2.1_react@19.2.1__react@19.2.1/node_modules/next/dist/server/dev/next-dev-server.js:382:20
    at async Span.traceAsyncFn (/Users/galangkeda/Documents/EPadi/esepasi/node_modules/.pnpm/next@16.0.8_@babel+core@7.28.5_react-dom@19.2.1_react@19.2.1__react@19.2.1/node_modules/next/dist/trace/trace.js:157:20)
    at async DevServer.handleRequest (/Users/galangkeda/Documents/EPadi/esepasi/node_modules/.pnpm/next@16.0.8_@babel+core@7.28.5_react-dom@19.2.1_react@19.2.1__react@19.2.1/node_modules/next/dist/server/dev/next-dev-server.js:378:24)
    at async invokeRender (/Users/galangkeda/Documents/EPadi/esepasi/node_modules/.pnpm/next@16.0.8_@babel+core@7.28.5_react-dom@19.2.1_react@19.2.1__react@19.2.1/node_modules/next/dist/server/lib/router-server.js:240:21)
    at async handleRequest (/Users/galangkeda/Documents/EPadi/esepasi/node_modules/.pnpm/next@16.0.8_@babel+core@7.28.5_react-dom@19.2.1_react@19.2.1__react@19.2.1/node_modules/next/dist/server/lib/router-server.js:436:24)
    at async requestHandlerImpl (/Users/galangkeda/Documents/EPadi/esepasi/node_modules/.pnpm/next@16.0.8_@babel+core@7.28.5_react-dom@19.2.1_react@19.2.1__react@19.2.1/node_modules/next/dist/server/lib/router-server.js:484:13)
    at async Server.requestListener (/Users/galangkeda/Documents/EPadi/esepasi/node_modules/.pnpm/next@16.0.8_@babel+core@7.28.5_react-dom@19.2.1_react@19.2.1__react@19.2.1/node_modules/next/dist/server/lib/start-server.js:226:13)
[2025-12-12 00:31:19.550] [ERROR] [9778acdf-efdd-4aed-92cd-9f5cc5e0772e] Error: Validation failed
[2025-12-12 00:31:19.550] [ERROR] [9778acdf-efdd-4aed-92cd-9f5cc5e0772e] ValidationError: Validation failed
    at validateRequest (/Users/galangkeda/Documents/EPadi/esepasi/.next/dev/server/chunks/[root-of-the-server]__0af7023d._.js:322:15)
    at /Users/galangkeda/Documents/EPadi/esepasi/.next/dev/server/chunks/[root-of-the-server]__0af7023d._.js:650:166
    at /Users/galangkeda/Documents/EPadi/esepasi/.next/dev/server/chunks/[root-of-the-server]__0af7023d._.js:241:19
    at apiResolver (/Users/galangkeda/Documents/EPadi/esepasi/node_modules/.pnpm/next@16.0.8_@babel+core@7.28.5_react-dom@19.2.1_react@19.2.1__react@19.2.1/node_modules/next/dist/compiled/next-server/pages-api-turbo.runtime.dev.js:2:4431)
    at process.processTicksAndRejections (node:internal/process/task_queues:105:5)
    at async PagesAPIRouteModule.render (/Users/galangkeda/Documents/EPadi/esepasi/node_modules/.pnpm/next@16.0.8_@babel+core@7.28.5_react-dom@19.2.1_react@19.2.1__react@19.2.1/node_modules/next/dist/compiled/next-server/pages-api-turbo.runtime.dev.js:2:5955)
    at async Module.handler (/Users/galangkeda/Documents/EPadi/esepasi/.next/dev/server/chunks/718e3_next_dist_91bdf8df._.js:2935:13)
    at async DevServer.runApi (/Users/galangkeda/Documents/EPadi/esepasi/node_modules/.pnpm/next@16.0.8_@babel+core@7.28.5_react-dom@19.2.1_react@19.2.1__react@19.2.1/node_modules/next/dist/server/next-server.js:750:9)
    at async NextNodeServer.handleCatchallRenderRequest (/Users/galangkeda/Documents/EPadi/esepasi/node_modules/.pnpm/next@16.0.8_@babel+core@7.28.5_react-dom@19.2.1_react@19.2.1__react@19.2.1/node_modules/next/dist/server/next-server.js:391:37)
    at async DevServer.handleRequestImpl (/Users/galangkeda/Documents/EPadi/esepasi/node_modules/.pnpm/next@16.0.8_@babel+core@7.28.5_react-dom@19.2.1_react@19.2.1__react@19.2.1/node_modules/next/dist/server/base-server.js:912:17)
    at async /Users/galangkeda/Documents/EPadi/esepasi/node_modules/.pnpm/next@16.0.8_@babel+core@7.28.5_react-dom@19.2.1_react@19.2.1__react@19.2.1/node_modules/next/dist/server/dev/next-dev-server.js:382:20
    at async Span.traceAsyncFn (/Users/galangkeda/Documents/EPadi/esepasi/node_modules/.pnpm/next@16.0.8_@babel+core@7.28.5_react-dom@19.2.1_react@19.2.1__react@19.2.1/node_modules/next/dist/trace/trace.js:157:20)
    at async DevServer.handleRequest (/Users/galangkeda/Documents/EPadi/esepasi/node_modules/.pnpm/next@16.0.8_@babel+core@7.28.5_react-dom@19.2.1_react@19.2.1__react@19.2.1/node_modules/next/dist/server/dev/next-dev-server.js:378:24)
    at async invokeRender (/Users/galangkeda/Documents/EPadi/esepasi/node_modules/.pnpm/next@16.0.8_@babel+core@7.28.5_react-dom@19.2.1_react@19.2.1__react@19.2.1/node_modules/next/dist/server/lib/router-server.js:240:21)
    at async handleRequest (/Users/galangkeda/Documents/EPadi/esepasi/node_modules/.pnpm/next@16.0.8_@babel+core@7.28.5_react-dom@19.2.1_react@19.2.1__react@19.2.1/node_modules/next/dist/server/lib/router-server.js:436:24)
    at async requestHandlerImpl (/Users/galangkeda/Documents/EPadi/esepasi/node_modules/.pnpm/next@16.0.8_@babel+core@7.28.5_react-dom@19.2.1_react@19.2.1__react@19.2.1/node_modules/next/dist/server/lib/router-server.js:484:13)
    at async Server.requestListener (/Users/galangkeda/Documents/EPadi/esepasi/node_modules/.pnpm/next@16.0.8_@babel+core@7.28.5_react-dom@19.2.1_react@19.2.1__react@19.2.1/node_modules/next/dist/server/lib/start-server.js:226:13)
[2025-12-12 00:32:45.592] [ERROR] [00beda93-7652-4ffd-809a-bbb1da85dade] Error: Invalid credentials
[2025-12-12 00:32:45.593] [ERROR] [00beda93-7652-4ffd-809a-bbb1da85dade] UnauthorizedError: Invalid credentials
    at AuthService.login (/Users/galangkeda/Documents/EPadi/esepasi/.next/dev/server/chunks/[root-of-the-server]__ea3472f8._.js:549:19)
    at async /Users/galangkeda/Documents/EPadi/esepasi/.next/dev/server/chunks/[root-of-the-server]__ea3472f8._.js:652:20
    at async /Users/galangkeda/Documents/EPadi/esepasi/.next/dev/server/chunks/[root-of-the-server]__ea3472f8._.js:241:13
    at async apiResolver (/Users/galangkeda/Documents/EPadi/esepasi/node_modules/.pnpm/next@16.0.8_@babel+core@7.28.5_react-dom@19.2.1_react@19.2.1__react@19.2.1/node_modules/next/dist/compiled/next-server/pages-api-turbo.runtime.dev.js:2:4425)
    at async PagesAPIRouteModule.render (/Users/galangkeda/Documents/EPadi/esepasi/node_modules/.pnpm/next@16.0.8_@babel+core@7.28.5_react-dom@19.2.1_react@19.2.1__react@19.2.1/node_modules/next/dist/compiled/next-server/pages-api-turbo.runtime.dev.js:2:5955)
    at async Module.handler (/Users/galangkeda/Documents/EPadi/esepasi/.next/dev/server/chunks/718e3_next_dist_4d75f5da._.js:2935:13)
    at async DevServer.runApi (/Users/galangkeda/Documents/EPadi/esepasi/node_modules/.pnpm/next@16.0.8_@babel+core@7.28.5_react-dom@19.2.1_react@19.2.1__react@19.2.1/node_modules/next/dist/server/next-server.js:750:9)
    at async NextNodeServer.handleCatchallRenderRequest (/Users/galangkeda/Documents/EPadi/esepasi/node_modules/.pnpm/next@16.0.8_@babel+core@7.28.5_react-dom@19.2.1_react@19.2.1__react@19.2.1/node_modules/next/dist/server/next-server.js:391:37)
    at async DevServer.handleRequestImpl (/Users/galangkeda/Documents/EPadi/esepasi/node_modules/.pnpm/next@16.0.8_@babel+core@7.28.5_react-dom@19.2.1_react@19.2.1__react@19.2.1/node_modules/next/dist/server/base-server.js:912:17)
    at async /Users/galangkeda/Documents/EPadi/esepasi/node_modules/.pnpm/next@16.0.8_@babel+core@7.28.5_react-dom@19.2.1_react@19.2.1__react@19.2.1/node_modules/next/dist/server/dev/next-dev-server.js:382:20
    at async Span.traceAsyncFn (/Users/galangkeda/Documents/EPadi/esepasi/node_modules/.pnpm/next@16.0.8_@babel+core@7.28.5_react-dom@19.2.1_react@19.2.1__react@19.2.1/node_modules/next/dist/trace/trace.js:157:20)
    at async DevServer.handleRequest (/Users/galangkeda/Documents/EPadi/esepasi/node_modules/.pnpm/next@16.0.8_@babel+core@7.28.5_react-dom@19.2.1_react@19.2.1__react@19.2.1/node_modules/next/dist/server/dev/next-dev-server.js:378:24)
    at async invokeRender (/Users/galangkeda/Documents/EPadi/esepasi/node_modules/.pnpm/next@16.0.8_@babel+core@7.28.5_react-dom@19.2.1_react@19.2.1__react@19.2.1/node_modules/next/dist/server/lib/router-server.js:240:21)
    at async handleRequest (/Users/galangkeda/Documents/EPadi/esepasi/node_modules/.pnpm/next@16.0.8_@babel+core@7.28.5_react-dom@19.2.1_react@19.2.1__react@19.2.1/node_modules/next/dist/server/lib/router-server.js:436:24)
    at async requestHandlerImpl (/Users/galangkeda/Documents/EPadi/esepasi/node_modules/.pnpm/next@16.0.8_@babel+core@7.28.5_react-dom@19.2.1_react@19.2.1__react@19.2.1/node_modules/next/dist/server/lib/router-server.js:484:13)
    at async Server.requestListener (/Users/galangkeda/Documents/EPadi/esepasi/node_modules/.pnpm/next@16.0.8_@babel+core@7.28.5_react-dom@19.2.1_react@19.2.1__react@19.2.1/node_modules/next/dist/server/lib/start-server.js:226:13)
[2025-12-12 00:39:52.801] [ERROR] [660286f2-ade6-4d09-a5c1-bce55b7fddfe] Error: Invalid credentials
[2025-12-12 00:39:52.801] [ERROR] [660286f2-ade6-4d09-a5c1-bce55b7fddfe] UnauthorizedError: Invalid credentials
    at AuthService.login (/Users/galangkeda/Documents/EPadi/esepasi/.next/dev/server/chunks/[root-of-the-server]__ea3472f8._.js:555:19)
    at async /Users/galangkeda/Documents/EPadi/esepasi/.next/dev/server/chunks/[root-of-the-server]__ea3472f8._.js:658:20
    at async /Users/galangkeda/Documents/EPadi/esepasi/.next/dev/server/chunks/[root-of-the-server]__ea3472f8._.js:245:13
    at async apiResolver (/Users/galangkeda/Documents/EPadi/esepasi/node_modules/.pnpm/next@16.0.8_@babel+core@7.28.5_react-dom@19.2.1_react@19.2.1__react@19.2.1/node_modules/next/dist/compiled/next-server/pages-api-turbo.runtime.dev.js:2:4425)
    at async PagesAPIRouteModule.render (/Users/galangkeda/Documents/EPadi/esepasi/node_modules/.pnpm/next@16.0.8_@babel+core@7.28.5_react-dom@19.2.1_react@19.2.1__react@19.2.1/node_modules/next/dist/compiled/next-server/pages-api-turbo.runtime.dev.js:2:5955)
    at async Module.handler (/Users/galangkeda/Documents/EPadi/esepasi/.next/dev/server/chunks/718e3_next_dist_4d75f5da._.js:2935:13)
    at async DevServer.runApi (/Users/galangkeda/Documents/EPadi/esepasi/node_modules/.pnpm/next@16.0.8_@babel+core@7.28.5_react-dom@19.2.1_react@19.2.1__react@19.2.1/node_modules/next/dist/server/next-server.js:750:9)
    at async NextNodeServer.handleCatchallRenderRequest (/Users/galangkeda/Documents/EPadi/esepasi/node_modules/.pnpm/next@16.0.8_@babel+core@7.28.5_react-dom@19.2.1_react@19.2.1__react@19.2.1/node_modules/next/dist/server/next-server.js:391:37)
    at async DevServer.handleRequestImpl (/Users/galangkeda/Documents/EPadi/esepasi/node_modules/.pnpm/next@16.0.8_@babel+core@7.28.5_react-dom@19.2.1_react@19.2.1__react@19.2.1/node_modules/next/dist/server/base-server.js:912:17)
    at async /Users/galangkeda/Documents/EPadi/esepasi/node_modules/.pnpm/next@16.0.8_@babel+core@7.28.5_react-dom@19.2.1_react@19.2.1__react@19.2.1/node_modules/next/dist/server/dev/next-dev-server.js:382:20
    at async Span.traceAsyncFn (/Users/galangkeda/Documents/EPadi/esepasi/node_modules/.pnpm/next@16.0.8_@babel+core@7.28.5_react-dom@19.2.1_react@19.2.1__react@19.2.1/node_modules/next/dist/trace/trace.js:157:20)
    at async DevServer.handleRequest (/Users/galangkeda/Documents/EPadi/esepasi/node_modules/.pnpm/next@16.0.8_@babel+core@7.28.5_react-dom@19.2.1_react@19.2.1__react@19.2.1/node_modules/next/dist/server/dev/next-dev-server.js:378:24)
    at async invokeRender (/Users/galangkeda/Documents/EPadi/esepasi/node_modules/.pnpm/next@16.0.8_@babel+core@7.28.5_react-dom@19.2.1_react@19.2.1__react@19.2.1/node_modules/next/dist/server/lib/router-server.js:240:21)
    at async handleRequest (/Users/galangkeda/Documents/EPadi/esepasi/node_modules/.pnpm/next@16.0.8_@babel+core@7.28.5_react-dom@19.2.1_react@19.2.1__react@19.2.1/node_modules/next/dist/server/lib/router-server.js:436:24)
    at async requestHandlerImpl (/Users/galangkeda/Documents/EPadi/esepasi/node_modules/.pnpm/next@16.0.8_@babel+core@7.28.5_react-dom@19.2.1_react@19.2.1__react@19.2.1/node_modules/next/dist/server/lib/router-server.js:484:13)
    at async Server.requestListener (/Users/galangkeda/Documents/EPadi/esepasi/node_modules/.pnpm/next@16.0.8_@babel+core@7.28.5_react-dom@19.2.1_react@19.2.1__react@19.2.1/node_modules/next/dist/server/lib/start-server.js:226:13)
[2025-12-12 00:40:08.614] [ERROR] [8bb33ca7-1083-46f7-8998-186bba97f0b5] Error: Invalid credentials
[2025-12-12 00:40:08.615] [ERROR] [8bb33ca7-1083-46f7-8998-186bba97f0b5] UnauthorizedError: Invalid credentials
    at AuthService.login (/Users/galangkeda/Documents/EPadi/esepasi/.next/dev/server/chunks/[root-of-the-server]__ea3472f8._.js:555:19)
    at async /Users/galangkeda/Documents/EPadi/esepasi/.next/dev/server/chunks/[root-of-the-server]__ea3472f8._.js:658:20
    at async /Users/galangkeda/Documents/EPadi/esepasi/.next/dev/server/chunks/[root-of-the-server]__ea3472f8._.js:245:13
    at async apiResolver (/Users/galangkeda/Documents/EPadi/esepasi/node_modules/.pnpm/next@16.0.8_@babel+core@7.28.5_react-dom@19.2.1_react@19.2.1__react@19.2.1/node_modules/next/dist/compiled/next-server/pages-api-turbo.runtime.dev.js:2:4425)
    at async PagesAPIRouteModule.render (/Users/galangkeda/Documents/EPadi/esepasi/node_modules/.pnpm/next@16.0.8_@babel+core@7.28.5_react-dom@19.2.1_react@19.2.1__react@19.2.1/node_modules/next/dist/compiled/next-server/pages-api-turbo.runtime.dev.js:2:5955)
    at async Module.handler (/Users/galangkeda/Documents/EPadi/esepasi/.next/dev/server/chunks/718e3_next_dist_4d75f5da._.js:2935:13)
    at async DevServer.runApi (/Users/galangkeda/Documents/EPadi/esepasi/node_modules/.pnpm/next@16.0.8_@babel+core@7.28.5_react-dom@19.2.1_react@19.2.1__react@19.2.1/node_modules/next/dist/server/next-server.js:750:9)
    at async NextNodeServer.handleCatchallRenderRequest (/Users/galangkeda/Documents/EPadi/esepasi/node_modules/.pnpm/next@16.0.8_@babel+core@7.28.5_react-dom@19.2.1_react@19.2.1__react@19.2.1/node_modules/next/dist/server/next-server.js:391:37)
    at async DevServer.handleRequestImpl (/Users/galangkeda/Documents/EPadi/esepasi/node_modules/.pnpm/next@16.0.8_@babel+core@7.28.5_react-dom@19.2.1_react@19.2.1__react@19.2.1/node_modules/next/dist/server/base-server.js:912:17)
    at async /Users/galangkeda/Documents/EPadi/esepasi/node_modules/.pnpm/next@16.0.8_@babel+core@7.28.5_react-dom@19.2.1_react@19.2.1__react@19.2.1/node_modules/next/dist/server/dev/next-dev-server.js:382:20
    at async Span.traceAsyncFn (/Users/galangkeda/Documents/EPadi/esepasi/node_modules/.pnpm/next@16.0.8_@babel+core@7.28.5_react-dom@19.2.1_react@19.2.1__react@19.2.1/node_modules/next/dist/trace/trace.js:157:20)
    at async DevServer.handleRequest (/Users/galangkeda/Documents/EPadi/esepasi/node_modules/.pnpm/next@16.0.8_@babel+core@7.28.5_react-dom@19.2.1_react@19.2.1__react@19.2.1/node_modules/next/dist/server/dev/next-dev-server.js:378:24)
    at async invokeRender (/Users/galangkeda/Documents/EPadi/esepasi/node_modules/.pnpm/next@16.0.8_@babel+core@7.28.5_react-dom@19.2.1_react@19.2.1__react@19.2.1/node_modules/next/dist/server/lib/router-server.js:240:21)
    at async handleRequest (/Users/galangkeda/Documents/EPadi/esepasi/node_modules/.pnpm/next@16.0.8_@babel+core@7.28.5_react-dom@19.2.1_react@19.2.1__react@19.2.1/node_modules/next/dist/server/lib/router-server.js:436:24)
    at async requestHandlerImpl (/Users/galangkeda/Documents/EPadi/esepasi/node_modules/.pnpm/next@16.0.8_@babel+core@7.28.5_react-dom@19.2.1_react@19.2.1__react@19.2.1/node_modules/next/dist/server/lib/router-server.js:484:13)
    at async Server.requestListener (/Users/galangkeda/Documents/EPadi/esepasi/node_modules/.pnpm/next@16.0.8_@babel+core@7.28.5_react-dom@19.2.1_react@19.2.1__react@19.2.1/node_modules/next/dist/server/lib/start-server.js:226:13)
[2025-12-12 00:40:26.435] [ERROR] [3f076e77-87bf-45c5-8eff-343b887bb4ab] Error: Invalid credentials
[2025-12-12 00:40:26.435] [ERROR] [3f076e77-87bf-45c5-8eff-343b887bb4ab] UnauthorizedError: Invalid credentials
    at AuthService.login (/Users/galangkeda/Documents/EPadi/esepasi/.next/dev/server/chunks/[root-of-the-server]__ea3472f8._.js:555:19)
    at async /Users/galangkeda/Documents/EPadi/esepasi/.next/dev/server/chunks/[root-of-the-server]__ea3472f8._.js:658:20
    at async /Users/galangkeda/Documents/EPadi/esepasi/.next/dev/server/chunks/[root-of-the-server]__ea3472f8._.js:245:13
    at async apiResolver (/Users/galangkeda/Documents/EPadi/esepasi/node_modules/.pnpm/next@16.0.8_@babel+core@7.28.5_react-dom@19.2.1_react@19.2.1__react@19.2.1/node_modules/next/dist/compiled/next-server/pages-api-turbo.runtime.dev.js:2:4425)
    at async PagesAPIRouteModule.render (/Users/galangkeda/Documents/EPadi/esepasi/node_modules/.pnpm/next@16.0.8_@babel+core@7.28.5_react-dom@19.2.1_react@19.2.1__react@19.2.1/node_modules/next/dist/compiled/next-server/pages-api-turbo.runtime.dev.js:2:5955)
    at async Module.handler (/Users/galangkeda/Documents/EPadi/esepasi/.next/dev/server/chunks/718e3_next_dist_4d75f5da._.js:2935:13)
    at async DevServer.runApi (/Users/galangkeda/Documents/EPadi/esepasi/node_modules/.pnpm/next@16.0.8_@babel+core@7.28.5_react-dom@19.2.1_react@19.2.1__react@19.2.1/node_modules/next/dist/server/next-server.js:750:9)
    at async NextNodeServer.handleCatchallRenderRequest (/Users/galangkeda/Documents/EPadi/esepasi/node_modules/.pnpm/next@16.0.8_@babel+core@7.28.5_react-dom@19.2.1_react@19.2.1__react@19.2.1/node_modules/next/dist/server/next-server.js:391:37)
    at async DevServer.handleRequestImpl (/Users/galangkeda/Documents/EPadi/esepasi/node_modules/.pnpm/next@16.0.8_@babel+core@7.28.5_react-dom@19.2.1_react@19.2.1__react@19.2.1/node_modules/next/dist/server/base-server.js:912:17)
    at async /Users/galangkeda/Documents/EPadi/esepasi/node_modules/.pnpm/next@16.0.8_@babel+core@7.28.5_react-dom@19.2.1_react@19.2.1__react@19.2.1/node_modules/next/dist/server/dev/next-dev-server.js:382:20
    at async Span.traceAsyncFn (/Users/galangkeda/Documents/EPadi/esepasi/node_modules/.pnpm/next@16.0.8_@babel+core@7.28.5_react-dom@19.2.1_react@19.2.1__react@19.2.1/node_modules/next/dist/trace/trace.js:157:20)
    at async DevServer.handleRequest (/Users/galangkeda/Documents/EPadi/esepasi/node_modules/.pnpm/next@16.0.8_@babel+core@7.28.5_react-dom@19.2.1_react@19.2.1__react@19.2.1/node_modules/next/dist/server/dev/next-dev-server.js:378:24)
    at async invokeRender (/Users/galangkeda/Documents/EPadi/esepasi/node_modules/.pnpm/next@16.0.8_@babel+core@7.28.5_react-dom@19.2.1_react@19.2.1__react@19.2.1/node_modules/next/dist/server/lib/router-server.js:240:21)
    at async handleRequest (/Users/galangkeda/Documents/EPadi/esepasi/node_modules/.pnpm/next@16.0.8_@babel+core@7.28.5_react-dom@19.2.1_react@19.2.1__react@19.2.1/node_modules/next/dist/server/lib/router-server.js:436:24)
    at async requestHandlerImpl (/Users/galangkeda/Documents/EPadi/esepasi/node_modules/.pnpm/next@16.0.8_@babel+core@7.28.5_react-dom@19.2.1_react@19.2.1__react@19.2.1/node_modules/next/dist/server/lib/router-server.js:484:13)
    at async Server.requestListener (/Users/galangkeda/Documents/EPadi/esepasi/node_modules/.pnpm/next@16.0.8_@babel+core@7.28.5_react-dom@19.2.1_react@19.2.1__react@19.2.1/node_modules/next/dist/server/lib/start-server.js:226:13)
[2025-12-12 00:42:31.484] [ERROR] [09699e84-750d-4a1e-95b0-0bb4fc139d73] Error: Invalid credentials
[2025-12-12 00:42:31.485] [ERROR] [09699e84-750d-4a1e-95b0-0bb4fc139d73] UnauthorizedError: Invalid credentials
    at AuthService.login (/Users/galangkeda/Documents/EPadi/esepasi/.next/dev/server/chunks/[root-of-the-server]__ea3472f8._.js:555:19)
    at async /Users/galangkeda/Documents/EPadi/esepasi/.next/dev/server/chunks/[root-of-the-server]__ea3472f8._.js:658:20
    at async /Users/galangkeda/Documents/EPadi/esepasi/.next/dev/server/chunks/[root-of-the-server]__ea3472f8._.js:245:13
    at async apiResolver (/Users/galangkeda/Documents/EPadi/esepasi/node_modules/.pnpm/next@16.0.8_@babel+core@7.28.5_react-dom@19.2.1_react@19.2.1__react@19.2.1/node_modules/next/dist/compiled/next-server/pages-api-turbo.runtime.dev.js:2:4425)
    at async PagesAPIRouteModule.render (/Users/galangkeda/Documents/EPadi/esepasi/node_modules/.pnpm/next@16.0.8_@babel+core@7.28.5_react-dom@19.2.1_react@19.2.1__react@19.2.1/node_modules/next/dist/compiled/next-server/pages-api-turbo.runtime.dev.js:2:5955)
    at async Module.handler (/Users/galangkeda/Documents/EPadi/esepasi/.next/dev/server/chunks/718e3_next_dist_4d75f5da._.js:2935:13)
    at async DevServer.runApi (/Users/galangkeda/Documents/EPadi/esepasi/node_modules/.pnpm/next@16.0.8_@babel+core@7.28.5_react-dom@19.2.1_react@19.2.1__react@19.2.1/node_modules/next/dist/server/next-server.js:750:9)
    at async NextNodeServer.handleCatchallRenderRequest (/Users/galangkeda/Documents/EPadi/esepasi/node_modules/.pnpm/next@16.0.8_@babel+core@7.28.5_react-dom@19.2.1_react@19.2.1__react@19.2.1/node_modules/next/dist/server/next-server.js:391:37)
    at async DevServer.handleRequestImpl (/Users/galangkeda/Documents/EPadi/esepasi/node_modules/.pnpm/next@16.0.8_@babel+core@7.28.5_react-dom@19.2.1_react@19.2.1__react@19.2.1/node_modules/next/dist/server/base-server.js:912:17)
    at async /Users/galangkeda/Documents/EPadi/esepasi/node_modules/.pnpm/next@16.0.8_@babel+core@7.28.5_react-dom@19.2.1_react@19.2.1__react@19.2.1/node_modules/next/dist/server/dev/next-dev-server.js:382:20
    at async Span.traceAsyncFn (/Users/galangkeda/Documents/EPadi/esepasi/node_modules/.pnpm/next@16.0.8_@babel+core@7.28.5_react-dom@19.2.1_react@19.2.1__react@19.2.1/node_modules/next/dist/trace/trace.js:157:20)
    at async DevServer.handleRequest (/Users/galangkeda/Documents/EPadi/esepasi/node_modules/.pnpm/next@16.0.8_@babel+core@7.28.5_react-dom@19.2.1_react@19.2.1__react@19.2.1/node_modules/next/dist/server/dev/next-dev-server.js:378:24)
    at async invokeRender (/Users/galangkeda/Documents/EPadi/esepasi/node_modules/.pnpm/next@16.0.8_@babel+core@7.28.5_react-dom@19.2.1_react@19.2.1__react@19.2.1/node_modules/next/dist/server/lib/router-server.js:240:21)
    at async handleRequest (/Users/galangkeda/Documents/EPadi/esepasi/node_modules/.pnpm/next@16.0.8_@babel+core@7.28.5_react-dom@19.2.1_react@19.2.1__react@19.2.1/node_modules/next/dist/server/lib/router-server.js:436:24)
    at async requestHandlerImpl (/Users/galangkeda/Documents/EPadi/esepasi/node_modules/.pnpm/next@16.0.8_@babel+core@7.28.5_react-dom@19.2.1_react@19.2.1__react@19.2.1/node_modules/next/dist/server/lib/router-server.js:484:13)
    at async Server.requestListener (/Users/galangkeda/Documents/EPadi/esepasi/node_modules/.pnpm/next@16.0.8_@babel+core@7.28.5_react-dom@19.2.1_react@19.2.1__react@19.2.1/node_modules/next/dist/server/lib/start-server.js:226:13)
[2025-12-12 00:42:32.708] [ERROR] [16bb8306-9010-4841-87bc-b71f1cbdffb8] Error: Invalid credentials
[2025-12-12 00:42:32.708] [ERROR] [16bb8306-9010-4841-87bc-b71f1cbdffb8] UnauthorizedError: Invalid credentials
    at AuthService.login (/Users/galangkeda/Documents/EPadi/esepasi/.next/dev/server/chunks/[root-of-the-server]__ea3472f8._.js:555:19)
    at async /Users/galangkeda/Documents/EPadi/esepasi/.next/dev/server/chunks/[root-of-the-server]__ea3472f8._.js:658:20
    at async /Users/galangkeda/Documents/EPadi/esepasi/.next/dev/server/chunks/[root-of-the-server]__ea3472f8._.js:245:13
    at async apiResolver (/Users/galangkeda/Documents/EPadi/esepasi/node_modules/.pnpm/next@16.0.8_@babel+core@7.28.5_react-dom@19.2.1_react@19.2.1__react@19.2.1/node_modules/next/dist/compiled/next-server/pages-api-turbo.runtime.dev.js:2:4425)
    at async PagesAPIRouteModule.render (/Users/galangkeda/Documents/EPadi/esepasi/node_modules/.pnpm/next@16.0.8_@babel+core@7.28.5_react-dom@19.2.1_react@19.2.1__react@19.2.1/node_modules/next/dist/compiled/next-server/pages-api-turbo.runtime.dev.js:2:5955)
    at async Module.handler (/Users/galangkeda/Documents/EPadi/esepasi/.next/dev/server/chunks/718e3_next_dist_4d75f5da._.js:2935:13)
    at async DevServer.runApi (/Users/galangkeda/Documents/EPadi/esepasi/node_modules/.pnpm/next@16.0.8_@babel+core@7.28.5_react-dom@19.2.1_react@19.2.1__react@19.2.1/node_modules/next/dist/server/next-server.js:750:9)
    at async NextNodeServer.handleCatchallRenderRequest (/Users/galangkeda/Documents/EPadi/esepasi/node_modules/.pnpm/next@16.0.8_@babel+core@7.28.5_react-dom@19.2.1_react@19.2.1__react@19.2.1/node_modules/next/dist/server/next-server.js:391:37)
    at async DevServer.handleRequestImpl (/Users/galangkeda/Documents/EPadi/esepasi/node_modules/.pnpm/next@16.0.8_@babel+core@7.28.5_react-dom@19.2.1_react@19.2.1__react@19.2.1/node_modules/next/dist/server/base-server.js:912:17)
    at async /Users/galangkeda/Documents/EPadi/esepasi/node_modules/.pnpm/next@16.0.8_@babel+core@7.28.5_react-dom@19.2.1_react@19.2.1__react@19.2.1/node_modules/next/dist/server/dev/next-dev-server.js:382:20
    at async Span.traceAsyncFn (/Users/galangkeda/Documents/EPadi/esepasi/node_modules/.pnpm/next@16.0.8_@babel+core@7.28.5_react-dom@19.2.1_react@19.2.1__react@19.2.1/node_modules/next/dist/trace/trace.js:157:20)
    at async DevServer.handleRequest (/Users/galangkeda/Documents/EPadi/esepasi/node_modules/.pnpm/next@16.0.8_@babel+core@7.28.5_react-dom@19.2.1_react@19.2.1__react@19.2.1/node_modules/next/dist/server/dev/next-dev-server.js:378:24)
    at async invokeRender (/Users/galangkeda/Documents/EPadi/esepasi/node_modules/.pnpm/next@16.0.8_@babel+core@7.28.5_react-dom@19.2.1_react@19.2.1__react@19.2.1/node_modules/next/dist/server/lib/router-server.js:240:21)
    at async handleRequest (/Users/galangkeda/Documents/EPadi/esepasi/node_modules/.pnpm/next@16.0.8_@babel+core@7.28.5_react-dom@19.2.1_react@19.2.1__react@19.2.1/node_modules/next/dist/server/lib/router-server.js:436:24)
    at async requestHandlerImpl (/Users/galangkeda/Documents/EPadi/esepasi/node_modules/.pnpm/next@16.0.8_@babel+core@7.28.5_react-dom@19.2.1_react@19.2.1__react@19.2.1/node_modules/next/dist/server/lib/router-server.js:484:13)
    at async Server.requestListener (/Users/galangkeda/Documents/EPadi/esepasi/node_modules/.pnpm/next@16.0.8_@babel+core@7.28.5_react-dom@19.2.1_react@19.2.1__react@19.2.1/node_modules/next/dist/server/lib/start-server.js:226:13)
[2025-12-12 00:42:45.154] [ERROR] [e56a41cd-fbe9-4530-9735-f31895171ee8] Error: Invalid credentials
[2025-12-12 00:42:45.154] [ERROR] [e56a41cd-fbe9-4530-9735-f31895171ee8] UnauthorizedError: Invalid credentials
    at AuthService.login (/Users/galangkeda/Documents/EPadi/esepasi/.next/dev/server/chunks/[root-of-the-server]__ea3472f8._.js:555:19)
    at async /Users/galangkeda/Documents/EPadi/esepasi/.next/dev/server/chunks/[root-of-the-server]__ea3472f8._.js:658:20
    at async /Users/galangkeda/Documents/EPadi/esepasi/.next/dev/server/chunks/[root-of-the-server]__ea3472f8._.js:245:13
    at async apiResolver (/Users/galangkeda/Documents/EPadi/esepasi/node_modules/.pnpm/next@16.0.8_@babel+core@7.28.5_react-dom@19.2.1_react@19.2.1__react@19.2.1/node_modules/next/dist/compiled/next-server/pages-api-turbo.runtime.dev.js:2:4425)
    at async PagesAPIRouteModule.render (/Users/galangkeda/Documents/EPadi/esepasi/node_modules/.pnpm/next@16.0.8_@babel+core@7.28.5_react-dom@19.2.1_react@19.2.1__react@19.2.1/node_modules/next/dist/compiled/next-server/pages-api-turbo.runtime.dev.js:2:5955)
    at async Module.handler (/Users/galangkeda/Documents/EPadi/esepasi/.next/dev/server/chunks/718e3_next_dist_4d75f5da._.js:2935:13)
    at async DevServer.runApi (/Users/galangkeda/Documents/EPadi/esepasi/node_modules/.pnpm/next@16.0.8_@babel+core@7.28.5_react-dom@19.2.1_react@19.2.1__react@19.2.1/node_modules/next/dist/server/next-server.js:750:9)
    at async NextNodeServer.handleCatchallRenderRequest (/Users/galangkeda/Documents/EPadi/esepasi/node_modules/.pnpm/next@16.0.8_@babel+core@7.28.5_react-dom@19.2.1_react@19.2.1__react@19.2.1/node_modules/next/dist/server/next-server.js:391:37)
    at async DevServer.handleRequestImpl (/Users/galangkeda/Documents/EPadi/esepasi/node_modules/.pnpm/next@16.0.8_@babel+core@7.28.5_react-dom@19.2.1_react@19.2.1__react@19.2.1/node_modules/next/dist/server/base-server.js:912:17)
    at async /Users/galangkeda/Documents/EPadi/esepasi/node_modules/.pnpm/next@16.0.8_@babel+core@7.28.5_react-dom@19.2.1_react@19.2.1__react@19.2.1/node_modules/next/dist/server/dev/next-dev-server.js:382:20
    at async Span.traceAsyncFn (/Users/galangkeda/Documents/EPadi/esepasi/node_modules/.pnpm/next@16.0.8_@babel+core@7.28.5_react-dom@19.2.1_react@19.2.1__react@19.2.1/node_modules/next/dist/trace/trace.js:157:20)
    at async DevServer.handleRequest (/Users/galangkeda/Documents/EPadi/esepasi/node_modules/.pnpm/next@16.0.8_@babel+core@7.28.5_react-dom@19.2.1_react@19.2.1__react@19.2.1/node_modules/next/dist/server/dev/next-dev-server.js:378:24)
    at async invokeRender (/Users/galangkeda/Documents/EPadi/esepasi/node_modules/.pnpm/next@16.0.8_@babel+core@7.28.5_react-dom@19.2.1_react@19.2.1__react@19.2.1/node_modules/next/dist/server/lib/router-server.js:240:21)
    at async handleRequest (/Users/galangkeda/Documents/EPadi/esepasi/node_modules/.pnpm/next@16.0.8_@babel+core@7.28.5_react-dom@19.2.1_react@19.2.1__react@19.2.1/node_modules/next/dist/server/lib/router-server.js:436:24)
    at async requestHandlerImpl (/Users/galangkeda/Documents/EPadi/esepasi/node_modules/.pnpm/next@16.0.8_@babel+core@7.28.5_react-dom@19.2.1_react@19.2.1__react@19.2.1/node_modules/next/dist/server/lib/router-server.js:484:13)
    at async Server.requestListener (/Users/galangkeda/Documents/EPadi/esepasi/node_modules/.pnpm/next@16.0.8_@babel+core@7.28.5_react-dom@19.2.1_react@19.2.1__react@19.2.1/node_modules/next/dist/server/lib/start-server.js:226:13)
[2025-12-12 00:42:51.871] [ERROR] [1c9eceaa-5ca8-42b7-868a-fcf3959d54af] Error: Invalid credentials
[2025-12-12 00:42:51.871] [ERROR] [1c9eceaa-5ca8-42b7-868a-fcf3959d54af] UnauthorizedError: Invalid credentials
    at AuthService.login (/Users/galangkeda/Documents/EPadi/esepasi/.next/dev/server/chunks/[root-of-the-server]__ea3472f8._.js:555:19)
    at async /Users/galangkeda/Documents/EPadi/esepasi/.next/dev/server/chunks/[root-of-the-server]__ea3472f8._.js:658:20
    at async /Users/galangkeda/Documents/EPadi/esepasi/.next/dev/server/chunks/[root-of-the-server]__ea3472f8._.js:245:13
    at async apiResolver (/Users/galangkeda/Documents/EPadi/esepasi/node_modules/.pnpm/next@16.0.8_@babel+core@7.28.5_react-dom@19.2.1_react@19.2.1__react@19.2.1/node_modules/next/dist/compiled/next-server/pages-api-turbo.runtime.dev.js:2:4425)
    at async PagesAPIRouteModule.render (/Users/galangkeda/Documents/EPadi/esepasi/node_modules/.pnpm/next@16.0.8_@babel+core@7.28.5_react-dom@19.2.1_react@19.2.1__react@19.2.1/node_modules/next/dist/compiled/next-server/pages-api-turbo.runtime.dev.js:2:5955)
    at async Module.handler (/Users/galangkeda/Documents/EPadi/esepasi/.next/dev/server/chunks/718e3_next_dist_4d75f5da._.js:2935:13)
    at async DevServer.runApi (/Users/galangkeda/Documents/EPadi/esepasi/node_modules/.pnpm/next@16.0.8_@babel+core@7.28.5_react-dom@19.2.1_react@19.2.1__react@19.2.1/node_modules/next/dist/server/next-server.js:750:9)
    at async NextNodeServer.handleCatchallRenderRequest (/Users/galangkeda/Documents/EPadi/esepasi/node_modules/.pnpm/next@16.0.8_@babel+core@7.28.5_react-dom@19.2.1_react@19.2.1__react@19.2.1/node_modules/next/dist/server/next-server.js:391:37)
    at async DevServer.handleRequestImpl (/Users/galangkeda/Documents/EPadi/esepasi/node_modules/.pnpm/next@16.0.8_@babel+core@7.28.5_react-dom@19.2.1_react@19.2.1__react@19.2.1/node_modules/next/dist/server/base-server.js:912:17)
    at async /Users/galangkeda/Documents/EPadi/esepasi/node_modules/.pnpm/next@16.0.8_@babel+core@7.28.5_react-dom@19.2.1_react@19.2.1__react@19.2.1/node_modules/next/dist/server/dev/next-dev-server.js:382:20
    at async Span.traceAsyncFn (/Users/galangkeda/Documents/EPadi/esepasi/node_modules/.pnpm/next@16.0.8_@babel+core@7.28.5_react-dom@19.2.1_react@19.2.1__react@19.2.1/node_modules/next/dist/trace/trace.js:157:20)
    at async DevServer.handleRequest (/Users/galangkeda/Documents/EPadi/esepasi/node_modules/.pnpm/next@16.0.8_@babel+core@7.28.5_react-dom@19.2.1_react@19.2.1__react@19.2.1/node_modules/next/dist/server/dev/next-dev-server.js:378:24)
    at async invokeRender (/Users/galangkeda/Documents/EPadi/esepasi/node_modules/.pnpm/next@16.0.8_@babel+core@7.28.5_react-dom@19.2.1_react@19.2.1__react@19.2.1/node_modules/next/dist/server/lib/router-server.js:240:21)
    at async handleRequest (/Users/galangkeda/Documents/EPadi/esepasi/node_modules/.pnpm/next@16.0.8_@babel+core@7.28.5_react-dom@19.2.1_react@19.2.1__react@19.2.1/node_modules/next/dist/server/lib/router-server.js:436:24)
    at async requestHandlerImpl (/Users/galangkeda/Documents/EPadi/esepasi/node_modules/.pnpm/next@16.0.8_@babel+core@7.28.5_react-dom@19.2.1_react@19.2.1__react@19.2.1/node_modules/next/dist/server/lib/router-server.js:484:13)
    at async Server.requestListener (/Users/galangkeda/Documents/EPadi/esepasi/node_modules/.pnpm/next@16.0.8_@babel+core@7.28.5_react-dom@19.2.1_react@19.2.1__react@19.2.1/node_modules/next/dist/server/lib/start-server.js:226:13)
[2025-12-12 00:43:22.524] [ERROR] [94841060-8030-49de-8ab1-e2b26db71a60] Error: Invalid credentials
[2025-12-12 00:43:22.524] [ERROR] [94841060-8030-49de-8ab1-e2b26db71a60] UnauthorizedError: Invalid credentials
    at AuthService.login (/Users/galangkeda/Documents/EPadi/esepasi/.next/dev/server/chunks/[root-of-the-server]__ea3472f8._.js:555:19)
    at async /Users/galangkeda/Documents/EPadi/esepasi/.next/dev/server/chunks/[root-of-the-server]__ea3472f8._.js:658:20
    at async /Users/galangkeda/Documents/EPadi/esepasi/.next/dev/server/chunks/[root-of-the-server]__ea3472f8._.js:245:13
    at async apiResolver (/Users/galangkeda/Documents/EPadi/esepasi/node_modules/.pnpm/next@16.0.8_@babel+core@7.28.5_react-dom@19.2.1_react@19.2.1__react@19.2.1/node_modules/next/dist/compiled/next-server/pages-api-turbo.runtime.dev.js:2:4425)
    at async PagesAPIRouteModule.render (/Users/galangkeda/Documents/EPadi/esepasi/node_modules/.pnpm/next@16.0.8_@babel+core@7.28.5_react-dom@19.2.1_react@19.2.1__react@19.2.1/node_modules/next/dist/compiled/next-server/pages-api-turbo.runtime.dev.js:2:5955)
    at async Module.handler (/Users/galangkeda/Documents/EPadi/esepasi/.next/dev/server/chunks/718e3_next_dist_4d75f5da._.js:2935:13)
    at async DevServer.runApi (/Users/galangkeda/Documents/EPadi/esepasi/node_modules/.pnpm/next@16.0.8_@babel+core@7.28.5_react-dom@19.2.1_react@19.2.1__react@19.2.1/node_modules/next/dist/server/next-server.js:750:9)
    at async NextNodeServer.handleCatchallRenderRequest (/Users/galangkeda/Documents/EPadi/esepasi/node_modules/.pnpm/next@16.0.8_@babel+core@7.28.5_react-dom@19.2.1_react@19.2.1__react@19.2.1/node_modules/next/dist/server/next-server.js:391:37)
    at async DevServer.handleRequestImpl (/Users/galangkeda/Documents/EPadi/esepasi/node_modules/.pnpm/next@16.0.8_@babel+core@7.28.5_react-dom@19.2.1_react@19.2.1__react@19.2.1/node_modules/next/dist/server/base-server.js:912:17)
    at async /Users/galangkeda/Documents/EPadi/esepasi/node_modules/.pnpm/next@16.0.8_@babel+core@7.28.5_react-dom@19.2.1_react@19.2.1__react@19.2.1/node_modules/next/dist/server/dev/next-dev-server.js:382:20
    at async Span.traceAsyncFn (/Users/galangkeda/Documents/EPadi/esepasi/node_modules/.pnpm/next@16.0.8_@babel+core@7.28.5_react-dom@19.2.1_react@19.2.1__react@19.2.1/node_modules/next/dist/trace/trace.js:157:20)
    at async DevServer.handleRequest (/Users/galangkeda/Documents/EPadi/esepasi/node_modules/.pnpm/next@16.0.8_@babel+core@7.28.5_react-dom@19.2.1_react@19.2.1__react@19.2.1/node_modules/next/dist/server/dev/next-dev-server.js:378:24)
    at async invokeRender (/Users/galangkeda/Documents/EPadi/esepasi/node_modules/.pnpm/next@16.0.8_@babel+core@7.28.5_react-dom@19.2.1_react@19.2.1__react@19.2.1/node_modules/next/dist/server/lib/router-server.js:240:21)
    at async handleRequest (/Users/galangkeda/Documents/EPadi/esepasi/node_modules/.pnpm/next@16.0.8_@babel+core@7.28.5_react-dom@19.2.1_react@19.2.1__react@19.2.1/node_modules/next/dist/server/lib/router-server.js:436:24)
    at async requestHandlerImpl (/Users/galangkeda/Documents/EPadi/esepasi/node_modules/.pnpm/next@16.0.8_@babel+core@7.28.5_react-dom@19.2.1_react@19.2.1__react@19.2.1/node_modules/next/dist/server/lib/router-server.js:484:13)
    at async Server.requestListener (/Users/galangkeda/Documents/EPadi/esepasi/node_modules/.pnpm/next@16.0.8_@babel+core@7.28.5_react-dom@19.2.1_react@19.2.1__react@19.2.1/node_modules/next/dist/server/lib/start-server.js:226:13)
[2025-12-12 00:43:35.167] [ERROR] [9a4efaf8-43bc-46d6-a09d-6ef42a4af3dd] Error: Invalid credentials
[2025-12-12 00:43:35.167] [ERROR] [9a4efaf8-43bc-46d6-a09d-6ef42a4af3dd] UnauthorizedError: Invalid credentials
    at AuthService.login (/Users/galangkeda/Documents/EPadi/esepasi/.next/dev/server/chunks/[root-of-the-server]__ea3472f8._.js:555:19)
    at async /Users/galangkeda/Documents/EPadi/esepasi/.next/dev/server/chunks/[root-of-the-server]__ea3472f8._.js:658:20
    at async /Users/galangkeda/Documents/EPadi/esepasi/.next/dev/server/chunks/[root-of-the-server]__ea3472f8._.js:245:13
    at async apiResolver (/Users/galangkeda/Documents/EPadi/esepasi/node_modules/.pnpm/next@16.0.8_@babel+core@7.28.5_react-dom@19.2.1_react@19.2.1__react@19.2.1/node_modules/next/dist/compiled/next-server/pages-api-turbo.runtime.dev.js:2:4425)
    at async PagesAPIRouteModule.render (/Users/galangkeda/Documents/EPadi/esepasi/node_modules/.pnpm/next@16.0.8_@babel+core@7.28.5_react-dom@19.2.1_react@19.2.1__react@19.2.1/node_modules/next/dist/compiled/next-server/pages-api-turbo.runtime.dev.js:2:5955)
    at async Module.handler (/Users/galangkeda/Documents/EPadi/esepasi/.next/dev/server/chunks/718e3_next_dist_4d75f5da._.js:2935:13)
    at async DevServer.runApi (/Users/galangkeda/Documents/EPadi/esepasi/node_modules/.pnpm/next@16.0.8_@babel+core@7.28.5_react-dom@19.2.1_react@19.2.1__react@19.2.1/node_modules/next/dist/server/next-server.js:750:9)
    at async NextNodeServer.handleCatchallRenderRequest (/Users/galangkeda/Documents/EPadi/esepasi/node_modules/.pnpm/next@16.0.8_@babel+core@7.28.5_react-dom@19.2.1_react@19.2.1__react@19.2.1/node_modules/next/dist/server/next-server.js:391:37)
    at async DevServer.handleRequestImpl (/Users/galangkeda/Documents/EPadi/esepasi/node_modules/.pnpm/next@16.0.8_@babel+core@7.28.5_react-dom@19.2.1_react@19.2.1__react@19.2.1/node_modules/next/dist/server/base-server.js:912:17)
    at async /Users/galangkeda/Documents/EPadi/esepasi/node_modules/.pnpm/next@16.0.8_@babel+core@7.28.5_react-dom@19.2.1_react@19.2.1__react@19.2.1/node_modules/next/dist/server/dev/next-dev-server.js:382:20
    at async Span.traceAsyncFn (/Users/galangkeda/Documents/EPadi/esepasi/node_modules/.pnpm/next@16.0.8_@babel+core@7.28.5_react-dom@19.2.1_react@19.2.1__react@19.2.1/node_modules/next/dist/trace/trace.js:157:20)
    at async DevServer.handleRequest (/Users/galangkeda/Documents/EPadi/esepasi/node_modules/.pnpm/next@16.0.8_@babel+core@7.28.5_react-dom@19.2.1_react@19.2.1__react@19.2.1/node_modules/next/dist/server/dev/next-dev-server.js:378:24)
    at async invokeRender (/Users/galangkeda/Documents/EPadi/esepasi/node_modules/.pnpm/next@16.0.8_@babel+core@7.28.5_react-dom@19.2.1_react@19.2.1__react@19.2.1/node_modules/next/dist/server/lib/router-server.js:240:21)
    at async handleRequest (/Users/galangkeda/Documents/EPadi/esepasi/node_modules/.pnpm/next@16.0.8_@babel+core@7.28.5_react-dom@19.2.1_react@19.2.1__react@19.2.1/node_modules/next/dist/server/lib/router-server.js:436:24)
    at async requestHandlerImpl (/Users/galangkeda/Documents/EPadi/esepasi/node_modules/.pnpm/next@16.0.8_@babel+core@7.28.5_react-dom@19.2.1_react@19.2.1__react@19.2.1/node_modules/next/dist/server/lib/router-server.js:484:13)
    at async Server.requestListener (/Users/galangkeda/Documents/EPadi/esepasi/node_modules/.pnpm/next@16.0.8_@babel+core@7.28.5_react-dom@19.2.1_react@19.2.1__react@19.2.1/node_modules/next/dist/server/lib/start-server.js:226:13)
[2025-12-12 00:43:55.309] [ERROR] [dada7302-f9fa-4a3c-b9a1-6e18dad0335a] Error: Invalid credentials
[2025-12-12 00:43:55.309] [ERROR] [dada7302-f9fa-4a3c-b9a1-6e18dad0335a] UnauthorizedError: Invalid credentials
    at AuthService.login (/Users/galangkeda/Documents/EPadi/esepasi/.next/dev/server/chunks/[root-of-the-server]__ea3472f8._.js:555:19)
    at async /Users/galangkeda/Documents/EPadi/esepasi/.next/dev/server/chunks/[root-of-the-server]__ea3472f8._.js:658:20
    at async /Users/galangkeda/Documents/EPadi/esepasi/.next/dev/server/chunks/[root-of-the-server]__ea3472f8._.js:245:13
    at async apiResolver (/Users/galangkeda/Documents/EPadi/esepasi/node_modules/.pnpm/next@16.0.8_@babel+core@7.28.5_react-dom@19.2.1_react@19.2.1__react@19.2.1/node_modules/next/dist/compiled/next-server/pages-api-turbo.runtime.dev.js:2:4425)
    at async PagesAPIRouteModule.render (/Users/galangkeda/Documents/EPadi/esepasi/node_modules/.pnpm/next@16.0.8_@babel+core@7.28.5_react-dom@19.2.1_react@19.2.1__react@19.2.1/node_modules/next/dist/compiled/next-server/pages-api-turbo.runtime.dev.js:2:5955)
    at async Module.handler (/Users/galangkeda/Documents/EPadi/esepasi/.next/dev/server/chunks/718e3_next_dist_4d75f5da._.js:2935:13)
    at async DevServer.runApi (/Users/galangkeda/Documents/EPadi/esepasi/node_modules/.pnpm/next@16.0.8_@babel+core@7.28.5_react-dom@19.2.1_react@19.2.1__react@19.2.1/node_modules/next/dist/server/next-server.js:750:9)
    at async NextNodeServer.handleCatchallRenderRequest (/Users/galangkeda/Documents/EPadi/esepasi/node_modules/.pnpm/next@16.0.8_@babel+core@7.28.5_react-dom@19.2.1_react@19.2.1__react@19.2.1/node_modules/next/dist/server/next-server.js:391:37)
    at async DevServer.handleRequestImpl (/Users/galangkeda/Documents/EPadi/esepasi/node_modules/.pnpm/next@16.0.8_@babel+core@7.28.5_react-dom@19.2.1_react@19.2.1__react@19.2.1/node_modules/next/dist/server/base-server.js:912:17)
    at async /Users/galangkeda/Documents/EPadi/esepasi/node_modules/.pnpm/next@16.0.8_@babel+core@7.28.5_react-dom@19.2.1_react@19.2.1__react@19.2.1/node_modules/next/dist/server/dev/next-dev-server.js:382:20
    at async Span.traceAsyncFn (/Users/galangkeda/Documents/EPadi/esepasi/node_modules/.pnpm/next@16.0.8_@babel+core@7.28.5_react-dom@19.2.1_react@19.2.1__react@19.2.1/node_modules/next/dist/trace/trace.js:157:20)
    at async DevServer.handleRequest (/Users/galangkeda/Documents/EPadi/esepasi/node_modules/.pnpm/next@16.0.8_@babel+core@7.28.5_react-dom@19.2.1_react@19.2.1__react@19.2.1/node_modules/next/dist/server/dev/next-dev-server.js:378:24)
    at async invokeRender (/Users/galangkeda/Documents/EPadi/esepasi/node_modules/.pnpm/next@16.0.8_@babel+core@7.28.5_react-dom@19.2.1_react@19.2.1__react@19.2.1/node_modules/next/dist/server/lib/router-server.js:240:21)
    at async handleRequest (/Users/galangkeda/Documents/EPadi/esepasi/node_modules/.pnpm/next@16.0.8_@babel+core@7.28.5_react-dom@19.2.1_react@19.2.1__react@19.2.1/node_modules/next/dist/server/lib/router-server.js:436:24)
    at async requestHandlerImpl (/Users/galangkeda/Documents/EPadi/esepasi/node_modules/.pnpm/next@16.0.8_@babel+core@7.28.5_react-dom@19.2.1_react@19.2.1__react@19.2.1/node_modules/next/dist/server/lib/router-server.js:484:13)
    at async Server.requestListener (/Users/galangkeda/Documents/EPadi/esepasi/node_modules/.pnpm/next@16.0.8_@babel+core@7.28.5_react-dom@19.2.1_react@19.2.1__react@19.2.1/node_modules/next/dist/server/lib/start-server.js:226:13)
[2025-12-12 00:45:16.184] [ERROR] [b7e5cde5-3f46-4129-809d-7c433fa35519] Error: Invalid credentials
[2025-12-12 00:45:16.184] [ERROR] [b7e5cde5-3f46-4129-809d-7c433fa35519] UnauthorizedError: Invalid credentials
    at AuthService.login (/Users/galangkeda/Documents/EPadi/esepasi/.next/dev/server/chunks/[root-of-the-server]__ea3472f8._.js:555:19)
    at async /Users/galangkeda/Documents/EPadi/esepasi/.next/dev/server/chunks/[root-of-the-server]__ea3472f8._.js:658:20
    at async /Users/galangkeda/Documents/EPadi/esepasi/.next/dev/server/chunks/[root-of-the-server]__ea3472f8._.js:245:13
    at async apiResolver (/Users/galangkeda/Documents/EPadi/esepasi/node_modules/.pnpm/next@16.0.8_@babel+core@7.28.5_react-dom@19.2.1_react@19.2.1__react@19.2.1/node_modules/next/dist/compiled/next-server/pages-api-turbo.runtime.dev.js:2:4425)
    at async PagesAPIRouteModule.render (/Users/galangkeda/Documents/EPadi/esepasi/node_modules/.pnpm/next@16.0.8_@babel+core@7.28.5_react-dom@19.2.1_react@19.2.1__react@19.2.1/node_modules/next/dist/compiled/next-server/pages-api-turbo.runtime.dev.js:2:5955)
    at async Module.handler (/Users/galangkeda/Documents/EPadi/esepasi/.next/dev/server/chunks/718e3_next_dist_4d75f5da._.js:2935:13)
    at async DevServer.runApi (/Users/galangkeda/Documents/EPadi/esepasi/node_modules/.pnpm/next@16.0.8_@babel+core@7.28.5_react-dom@19.2.1_react@19.2.1__react@19.2.1/node_modules/next/dist/server/next-server.js:750:9)
    at async NextNodeServer.handleCatchallRenderRequest (/Users/galangkeda/Documents/EPadi/esepasi/node_modules/.pnpm/next@16.0.8_@babel+core@7.28.5_react-dom@19.2.1_react@19.2.1__react@19.2.1/node_modules/next/dist/server/next-server.js:391:37)
    at async DevServer.handleRequestImpl (/Users/galangkeda/Documents/EPadi/esepasi/node_modules/.pnpm/next@16.0.8_@babel+core@7.28.5_react-dom@19.2.1_react@19.2.1__react@19.2.1/node_modules/next/dist/server/base-server.js:912:17)
    at async /Users/galangkeda/Documents/EPadi/esepasi/node_modules/.pnpm/next@16.0.8_@babel+core@7.28.5_react-dom@19.2.1_react@19.2.1__react@19.2.1/node_modules/next/dist/server/dev/next-dev-server.js:382:20
    at async Span.traceAsyncFn (/Users/galangkeda/Documents/EPadi/esepasi/node_modules/.pnpm/next@16.0.8_@babel+core@7.28.5_react-dom@19.2.1_react@19.2.1__react@19.2.1/node_modules/next/dist/trace/trace.js:157:20)
    at async DevServer.handleRequest (/Users/galangkeda/Documents/EPadi/esepasi/node_modules/.pnpm/next@16.0.8_@babel+core@7.28.5_react-dom@19.2.1_react@19.2.1__react@19.2.1/node_modules/next/dist/server/dev/next-dev-server.js:378:24)
    at async invokeRender (/Users/galangkeda/Documents/EPadi/esepasi/node_modules/.pnpm/next@16.0.8_@babel+core@7.28.5_react-dom@19.2.1_react@19.2.1__react@19.2.1/node_modules/next/dist/server/lib/router-server.js:240:21)
    at async handleRequest (/Users/galangkeda/Documents/EPadi/esepasi/node_modules/.pnpm/next@16.0.8_@babel+core@7.28.5_react-dom@19.2.1_react@19.2.1__react@19.2.1/node_modules/next/dist/server/lib/router-server.js:436:24)
    at async requestHandlerImpl (/Users/galangkeda/Documents/EPadi/esepasi/node_modules/.pnpm/next@16.0.8_@babel+core@7.28.5_react-dom@19.2.1_react@19.2.1__react@19.2.1/node_modules/next/dist/server/lib/router-server.js:484:13)
    at async Server.requestListener (/Users/galangkeda/Documents/EPadi/esepasi/node_modules/.pnpm/next@16.0.8_@babel+core@7.28.5_react-dom@19.2.1_react@19.2.1__react@19.2.1/node_modules/next/dist/server/lib/start-server.js:226:13)
[2025-12-12 00:45:23.359] [ERROR] [1d1088ed-63e1-4d5f-bd03-dadd8c1a4e36] Error: Invalid credentials
[2025-12-12 00:45:23.359] [ERROR] [1d1088ed-63e1-4d5f-bd03-dadd8c1a4e36] UnauthorizedError: Invalid credentials
    at AuthService.login (/Users/galangkeda/Documents/EPadi/esepasi/.next/dev/server/chunks/[root-of-the-server]__ea3472f8._.js:555:19)
    at async /Users/galangkeda/Documents/EPadi/esepasi/.next/dev/server/chunks/[root-of-the-server]__ea3472f8._.js:658:20
    at async /Users/galangkeda/Documents/EPadi/esepasi/.next/dev/server/chunks/[root-of-the-server]__ea3472f8._.js:245:13
    at async apiResolver (/Users/galangkeda/Documents/EPadi/esepasi/node_modules/.pnpm/next@16.0.8_@babel+core@7.28.5_react-dom@19.2.1_react@19.2.1__react@19.2.1/node_modules/next/dist/compiled/next-server/pages-api-turbo.runtime.dev.js:2:4425)
    at async PagesAPIRouteModule.render (/Users/galangkeda/Documents/EPadi/esepasi/node_modules/.pnpm/next@16.0.8_@babel+core@7.28.5_react-dom@19.2.1_react@19.2.1__react@19.2.1/node_modules/next/dist/compiled/next-server/pages-api-turbo.runtime.dev.js:2:5955)
    at async Module.handler (/Users/galangkeda/Documents/EPadi/esepasi/.next/dev/server/chunks/718e3_next_dist_4d75f5da._.js:2935:13)
    at async DevServer.runApi (/Users/galangkeda/Documents/EPadi/esepasi/node_modules/.pnpm/next@16.0.8_@babel+core@7.28.5_react-dom@19.2.1_react@19.2.1__react@19.2.1/node_modules/next/dist/server/next-server.js:750:9)
    at async NextNodeServer.handleCatchallRenderRequest (/Users/galangkeda/Documents/EPadi/esepasi/node_modules/.pnpm/next@16.0.8_@babel+core@7.28.5_react-dom@19.2.1_react@19.2.1__react@19.2.1/node_modules/next/dist/server/next-server.js:391:37)
    at async DevServer.handleRequestImpl (/Users/galangkeda/Documents/EPadi/esepasi/node_modules/.pnpm/next@16.0.8_@babel+core@7.28.5_react-dom@19.2.1_react@19.2.1__react@19.2.1/node_modules/next/dist/server/base-server.js:912:17)
    at async /Users/galangkeda/Documents/EPadi/esepasi/node_modules/.pnpm/next@16.0.8_@babel+core@7.28.5_react-dom@19.2.1_react@19.2.1__react@19.2.1/node_modules/next/dist/server/dev/next-dev-server.js:382:20
    at async Span.traceAsyncFn (/Users/galangkeda/Documents/EPadi/esepasi/node_modules/.pnpm/next@16.0.8_@babel+core@7.28.5_react-dom@19.2.1_react@19.2.1__react@19.2.1/node_modules/next/dist/trace/trace.js:157:20)
    at async DevServer.handleRequest (/Users/galangkeda/Documents/EPadi/esepasi/node_modules/.pnpm/next@16.0.8_@babel+core@7.28.5_react-dom@19.2.1_react@19.2.1__react@19.2.1/node_modules/next/dist/server/dev/next-dev-server.js:378:24)
    at async invokeRender (/Users/galangkeda/Documents/EPadi/esepasi/node_modules/.pnpm/next@16.0.8_@babel+core@7.28.5_react-dom@19.2.1_react@19.2.1__react@19.2.1/node_modules/next/dist/server/lib/router-server.js:240:21)
    at async handleRequest (/Users/galangkeda/Documents/EPadi/esepasi/node_modules/.pnpm/next@16.0.8_@babel+core@7.28.5_react-dom@19.2.1_react@19.2.1__react@19.2.1/node_modules/next/dist/server/lib/router-server.js:436:24)
    at async requestHandlerImpl (/Users/galangkeda/Documents/EPadi/esepasi/node_modules/.pnpm/next@16.0.8_@babel+core@7.28.5_react-dom@19.2.1_react@19.2.1__react@19.2.1/node_modules/next/dist/server/lib/router-server.js:484:13)
    at async Server.requestListener (/Users/galangkeda/Documents/EPadi/esepasi/node_modules/.pnpm/next@16.0.8_@babel+core@7.28.5_react-dom@19.2.1_react@19.2.1__react@19.2.1/node_modules/next/dist/server/lib/start-server.js:226:13)
[2025-12-12 00:46:06.173] [ERROR] [04aceffc-8b91-434e-ad1a-8bbdff7359c4] Error: Invalid credentials
[2025-12-12 00:46:06.173] [ERROR] [04aceffc-8b91-434e-ad1a-8bbdff7359c4] UnauthorizedError: Invalid credentials
    at AuthService.login (/Users/galangkeda/Documents/EPadi/esepasi/.next/dev/server/chunks/[root-of-the-server]__ea3472f8._.js:555:19)
    at async /Users/galangkeda/Documents/EPadi/esepasi/.next/dev/server/chunks/[root-of-the-server]__ea3472f8._.js:658:20
    at async /Users/galangkeda/Documents/EPadi/esepasi/.next/dev/server/chunks/[root-of-the-server]__ea3472f8._.js:245:13
    at async apiResolver (/Users/galangkeda/Documents/EPadi/esepasi/node_modules/.pnpm/next@16.0.8_@babel+core@7.28.5_react-dom@19.2.1_react@19.2.1__react@19.2.1/node_modules/next/dist/compiled/next-server/pages-api-turbo.runtime.dev.js:2:4425)
    at async PagesAPIRouteModule.render (/Users/galangkeda/Documents/EPadi/esepasi/node_modules/.pnpm/next@16.0.8_@babel+core@7.28.5_react-dom@19.2.1_react@19.2.1__react@19.2.1/node_modules/next/dist/compiled/next-server/pages-api-turbo.runtime.dev.js:2:5955)
    at async Module.handler (/Users/galangkeda/Documents/EPadi/esepasi/.next/dev/server/chunks/718e3_next_dist_4d75f5da._.js:2935:13)
    at async DevServer.runApi (/Users/galangkeda/Documents/EPadi/esepasi/node_modules/.pnpm/next@16.0.8_@babel+core@7.28.5_react-dom@19.2.1_react@19.2.1__react@19.2.1/node_modules/next/dist/server/next-server.js:750:9)
    at async NextNodeServer.handleCatchallRenderRequest (/Users/galangkeda/Documents/EPadi/esepasi/node_modules/.pnpm/next@16.0.8_@babel+core@7.28.5_react-dom@19.2.1_react@19.2.1__react@19.2.1/node_modules/next/dist/server/next-server.js:391:37)
    at async DevServer.handleRequestImpl (/Users/galangkeda/Documents/EPadi/esepasi/node_modules/.pnpm/next@16.0.8_@babel+core@7.28.5_react-dom@19.2.1_react@19.2.1__react@19.2.1/node_modules/next/dist/server/base-server.js:912:17)
    at async /Users/galangkeda/Documents/EPadi/esepasi/node_modules/.pnpm/next@16.0.8_@babel+core@7.28.5_react-dom@19.2.1_react@19.2.1__react@19.2.1/node_modules/next/dist/server/dev/next-dev-server.js:382:20
    at async Span.traceAsyncFn (/Users/galangkeda/Documents/EPadi/esepasi/node_modules/.pnpm/next@16.0.8_@babel+core@7.28.5_react-dom@19.2.1_react@19.2.1__react@19.2.1/node_modules/next/dist/trace/trace.js:157:20)
    at async DevServer.handleRequest (/Users/galangkeda/Documents/EPadi/esepasi/node_modules/.pnpm/next@16.0.8_@babel+core@7.28.5_react-dom@19.2.1_react@19.2.1__react@19.2.1/node_modules/next/dist/server/dev/next-dev-server.js:378:24)
    at async invokeRender (/Users/galangkeda/Documents/EPadi/esepasi/node_modules/.pnpm/next@16.0.8_@babel+core@7.28.5_react-dom@19.2.1_react@19.2.1__react@19.2.1/node_modules/next/dist/server/lib/router-server.js:240:21)
    at async handleRequest (/Users/galangkeda/Documents/EPadi/esepasi/node_modules/.pnpm/next@16.0.8_@babel+core@7.28.5_react-dom@19.2.1_react@19.2.1__react@19.2.1/node_modules/next/dist/server/lib/router-server.js:436:24)
    at async requestHandlerImpl (/Users/galangkeda/Documents/EPadi/esepasi/node_modules/.pnpm/next@16.0.8_@babel+core@7.28.5_react-dom@19.2.1_react@19.2.1__react@19.2.1/node_modules/next/dist/server/lib/router-server.js:484:13)
    at async Server.requestListener (/Users/galangkeda/Documents/EPadi/esepasi/node_modules/.pnpm/next@16.0.8_@babel+core@7.28.5_react-dom@19.2.1_react@19.2.1__react@19.2.1/node_modules/next/dist/server/lib/start-server.js:226:13)
[2025-12-12 00:46:13.628] [ERROR] [70aad9cb-ed51-422a-92b5-1387a4c76a75] Error: Invalid credentials
[2025-12-12 00:46:13.628] [ERROR] [70aad9cb-ed51-422a-92b5-1387a4c76a75] UnauthorizedError: Invalid credentials
    at AuthService.login (/Users/galangkeda/Documents/EPadi/esepasi/.next/dev/server/chunks/[root-of-the-server]__ea3472f8._.js:555:19)
    at async /Users/galangkeda/Documents/EPadi/esepasi/.next/dev/server/chunks/[root-of-the-server]__ea3472f8._.js:658:20
    at async /Users/galangkeda/Documents/EPadi/esepasi/.next/dev/server/chunks/[root-of-the-server]__ea3472f8._.js:245:13
    at async apiResolver (/Users/galangkeda/Documents/EPadi/esepasi/node_modules/.pnpm/next@16.0.8_@babel+core@7.28.5_react-dom@19.2.1_react@19.2.1__react@19.2.1/node_modules/next/dist/compiled/next-server/pages-api-turbo.runtime.dev.js:2:4425)
    at async PagesAPIRouteModule.render (/Users/galangkeda/Documents/EPadi/esepasi/node_modules/.pnpm/next@16.0.8_@babel+core@7.28.5_react-dom@19.2.1_react@19.2.1__react@19.2.1/node_modules/next/dist/compiled/next-server/pages-api-turbo.runtime.dev.js:2:5955)
    at async Module.handler (/Users/galangkeda/Documents/EPadi/esepasi/.next/dev/server/chunks/718e3_next_dist_4d75f5da._.js:2935:13)
    at async DevServer.runApi (/Users/galangkeda/Documents/EPadi/esepasi/node_modules/.pnpm/next@16.0.8_@babel+core@7.28.5_react-dom@19.2.1_react@19.2.1__react@19.2.1/node_modules/next/dist/server/next-server.js:750:9)
    at async NextNodeServer.handleCatchallRenderRequest (/Users/galangkeda/Documents/EPadi/esepasi/node_modules/.pnpm/next@16.0.8_@babel+core@7.28.5_react-dom@19.2.1_react@19.2.1__react@19.2.1/node_modules/next/dist/server/next-server.js:391:37)
    at async DevServer.handleRequestImpl (/Users/galangkeda/Documents/EPadi/esepasi/node_modules/.pnpm/next@16.0.8_@babel+core@7.28.5_react-dom@19.2.1_react@19.2.1__react@19.2.1/node_modules/next/dist/server/base-server.js:912:17)
    at async /Users/galangkeda/Documents/EPadi/esepasi/node_modules/.pnpm/next@16.0.8_@babel+core@7.28.5_react-dom@19.2.1_react@19.2.1__react@19.2.1/node_modules/next/dist/server/dev/next-dev-server.js:382:20
    at async Span.traceAsyncFn (/Users/galangkeda/Documents/EPadi/esepasi/node_modules/.pnpm/next@16.0.8_@babel+core@7.28.5_react-dom@19.2.1_react@19.2.1__react@19.2.1/node_modules/next/dist/trace/trace.js:157:20)
    at async DevServer.handleRequest (/Users/galangkeda/Documents/EPadi/esepasi/node_modules/.pnpm/next@16.0.8_@babel+core@7.28.5_react-dom@19.2.1_react@19.2.1__react@19.2.1/node_modules/next/dist/server/dev/next-dev-server.js:378:24)
    at async invokeRender (/Users/galangkeda/Documents/EPadi/esepasi/node_modules/.pnpm/next@16.0.8_@babel+core@7.28.5_react-dom@19.2.1_react@19.2.1__react@19.2.1/node_modules/next/dist/server/lib/router-server.js:240:21)
    at async handleRequest (/Users/galangkeda/Documents/EPadi/esepasi/node_modules/.pnpm/next@16.0.8_@babel+core@7.28.5_react-dom@19.2.1_react@19.2.1__react@19.2.1/node_modules/next/dist/server/lib/router-server.js:436:24)
    at async requestHandlerImpl (/Users/galangkeda/Documents/EPadi/esepasi/node_modules/.pnpm/next@16.0.8_@babel+core@7.28.5_react-dom@19.2.1_react@19.2.1__react@19.2.1/node_modules/next/dist/server/lib/router-server.js:484:13)
    at async Server.requestListener (/Users/galangkeda/Documents/EPadi/esepasi/node_modules/.pnpm/next@16.0.8_@babel+core@7.28.5_react-dom@19.2.1_react@19.2.1__react@19.2.1/node_modules/next/dist/server/lib/start-server.js:226:13)
[2025-12-12 00:46:23.352] [ERROR] [9512a004-a3f5-42de-ac44-ca15ab1e01a2] Error: Invalid credentials
[2025-12-12 00:46:23.352] [ERROR] [9512a004-a3f5-42de-ac44-ca15ab1e01a2] UnauthorizedError: Invalid credentials
    at AuthService.login (/Users/galangkeda/Documents/EPadi/esepasi/.next/dev/server/chunks/[root-of-the-server]__ea3472f8._.js:546:19)
    at process.processTicksAndRejections (node:internal/process/task_queues:105:5)
    at async /Users/galangkeda/Documents/EPadi/esepasi/.next/dev/server/chunks/[root-of-the-server]__ea3472f8._.js:658:20
    at async /Users/galangkeda/Documents/EPadi/esepasi/.next/dev/server/chunks/[root-of-the-server]__ea3472f8._.js:245:13
    at async apiResolver (/Users/galangkeda/Documents/EPadi/esepasi/node_modules/.pnpm/next@16.0.8_@babel+core@7.28.5_react-dom@19.2.1_react@19.2.1__react@19.2.1/node_modules/next/dist/compiled/next-server/pages-api-turbo.runtime.dev.js:2:4425)
    at async PagesAPIRouteModule.render (/Users/galangkeda/Documents/EPadi/esepasi/node_modules/.pnpm/next@16.0.8_@babel+core@7.28.5_react-dom@19.2.1_react@19.2.1__react@19.2.1/node_modules/next/dist/compiled/next-server/pages-api-turbo.runtime.dev.js:2:5955)
    at async Module.handler (/Users/galangkeda/Documents/EPadi/esepasi/.next/dev/server/chunks/718e3_next_dist_4d75f5da._.js:2935:13)
    at async DevServer.runApi (/Users/galangkeda/Documents/EPadi/esepasi/node_modules/.pnpm/next@16.0.8_@babel+core@7.28.5_react-dom@19.2.1_react@19.2.1__react@19.2.1/node_modules/next/dist/server/next-server.js:750:9)
    at async NextNodeServer.handleCatchallRenderRequest (/Users/galangkeda/Documents/EPadi/esepasi/node_modules/.pnpm/next@16.0.8_@babel+core@7.28.5_react-dom@19.2.1_react@19.2.1__react@19.2.1/node_modules/next/dist/server/next-server.js:391:37)
    at async DevServer.handleRequestImpl (/Users/galangkeda/Documents/EPadi/esepasi/node_modules/.pnpm/next@16.0.8_@babel+core@7.28.5_react-dom@19.2.1_react@19.2.1__react@19.2.1/node_modules/next/dist/server/base-server.js:912:17)
    at async /Users/galangkeda/Documents/EPadi/esepasi/node_modules/.pnpm/next@16.0.8_@babel+core@7.28.5_react-dom@19.2.1_react@19.2.1__react@19.2.1/node_modules/next/dist/server/dev/next-dev-server.js:382:20
    at async Span.traceAsyncFn (/Users/galangkeda/Documents/EPadi/esepasi/node_modules/.pnpm/next@16.0.8_@babel+core@7.28.5_react-dom@19.2.1_react@19.2.1__react@19.2.1/node_modules/next/dist/trace/trace.js:157:20)
    at async DevServer.handleRequest (/Users/galangkeda/Documents/EPadi/esepasi/node_modules/.pnpm/next@16.0.8_@babel+core@7.28.5_react-dom@19.2.1_react@19.2.1__react@19.2.1/node_modules/next/dist/server/dev/next-dev-server.js:378:24)
    at async invokeRender (/Users/galangkeda/Documents/EPadi/esepasi/node_modules/.pnpm/next@16.0.8_@babel+core@7.28.5_react-dom@19.2.1_react@19.2.1__react@19.2.1/node_modules/next/dist/server/lib/router-server.js:240:21)
    at async handleRequest (/Users/galangkeda/Documents/EPadi/esepasi/node_modules/.pnpm/next@16.0.8_@babel+core@7.28.5_react-dom@19.2.1_react@19.2.1__react@19.2.1/node_modules/next/dist/server/lib/router-server.js:436:24)
    at async requestHandlerImpl (/Users/galangkeda/Documents/EPadi/esepasi/node_modules/.pnpm/next@16.0.8_@babel+core@7.28.5_react-dom@19.2.1_react@19.2.1__react@19.2.1/node_modules/next/dist/server/lib/router-server.js:484:13)
    at async Server.requestListener (/Users/galangkeda/Documents/EPadi/esepasi/node_modules/.pnpm/next@16.0.8_@babel+core@7.28.5_react-dom@19.2.1_react@19.2.1__react@19.2.1/node_modules/next/dist/server/lib/start-server.js:226:13)
[2025-12-12 00:46:37.411] [ERROR] [d8c07db2-3c4a-4338-981c-f18a70801773] Error: Invalid credentials
[2025-12-12 00:46:37.412] [ERROR] [d8c07db2-3c4a-4338-981c-f18a70801773] UnauthorizedError: Invalid credentials
    at AuthService.login (/Users/galangkeda/Documents/EPadi/esepasi/.next/dev/server/chunks/[root-of-the-server]__ea3472f8._.js:546:19)
    at process.processTicksAndRejections (node:internal/process/task_queues:105:5)
    at async /Users/galangkeda/Documents/EPadi/esepasi/.next/dev/server/chunks/[root-of-the-server]__ea3472f8._.js:658:20
    at async /Users/galangkeda/Documents/EPadi/esepasi/.next/dev/server/chunks/[root-of-the-server]__ea3472f8._.js:245:13
    at async apiResolver (/Users/galangkeda/Documents/EPadi/esepasi/node_modules/.pnpm/next@16.0.8_@babel+core@7.28.5_react-dom@19.2.1_react@19.2.1__react@19.2.1/node_modules/next/dist/compiled/next-server/pages-api-turbo.runtime.dev.js:2:4425)
    at async PagesAPIRouteModule.render (/Users/galangkeda/Documents/EPadi/esepasi/node_modules/.pnpm/next@16.0.8_@babel+core@7.28.5_react-dom@19.2.1_react@19.2.1__react@19.2.1/node_modules/next/dist/compiled/next-server/pages-api-turbo.runtime.dev.js:2:5955)
    at async Module.handler (/Users/galangkeda/Documents/EPadi/esepasi/.next/dev/server/chunks/718e3_next_dist_4d75f5da._.js:2935:13)
    at async DevServer.runApi (/Users/galangkeda/Documents/EPadi/esepasi/node_modules/.pnpm/next@16.0.8_@babel+core@7.28.5_react-dom@19.2.1_react@19.2.1__react@19.2.1/node_modules/next/dist/server/next-server.js:750:9)
    at async NextNodeServer.handleCatchallRenderRequest (/Users/galangkeda/Documents/EPadi/esepasi/node_modules/.pnpm/next@16.0.8_@babel+core@7.28.5_react-dom@19.2.1_react@19.2.1__react@19.2.1/node_modules/next/dist/server/next-server.js:391:37)
    at async DevServer.handleRequestImpl (/Users/galangkeda/Documents/EPadi/esepasi/node_modules/.pnpm/next@16.0.8_@babel+core@7.28.5_react-dom@19.2.1_react@19.2.1__react@19.2.1/node_modules/next/dist/server/base-server.js:912:17)
    at async /Users/galangkeda/Documents/EPadi/esepasi/node_modules/.pnpm/next@16.0.8_@babel+core@7.28.5_react-dom@19.2.1_react@19.2.1__react@19.2.1/node_modules/next/dist/server/dev/next-dev-server.js:382:20
    at async Span.traceAsyncFn (/Users/galangkeda/Documents/EPadi/esepasi/node_modules/.pnpm/next@16.0.8_@babel+core@7.28.5_react-dom@19.2.1_react@19.2.1__react@19.2.1/node_modules/next/dist/trace/trace.js:157:20)
    at async DevServer.handleRequest (/Users/galangkeda/Documents/EPadi/esepasi/node_modules/.pnpm/next@16.0.8_@babel+core@7.28.5_react-dom@19.2.1_react@19.2.1__react@19.2.1/node_modules/next/dist/server/dev/next-dev-server.js:378:24)
    at async invokeRender (/Users/galangkeda/Documents/EPadi/esepasi/node_modules/.pnpm/next@16.0.8_@babel+core@7.28.5_react-dom@19.2.1_react@19.2.1__react@19.2.1/node_modules/next/dist/server/lib/router-server.js:240:21)
    at async handleRequest (/Users/galangkeda/Documents/EPadi/esepasi/node_modules/.pnpm/next@16.0.8_@babel+core@7.28.5_react-dom@19.2.1_react@19.2.1__react@19.2.1/node_modules/next/dist/server/lib/router-server.js:436:24)
    at async requestHandlerImpl (/Users/galangkeda/Documents/EPadi/esepasi/node_modules/.pnpm/next@16.0.8_@babel+core@7.28.5_react-dom@19.2.1_react@19.2.1__react@19.2.1/node_modules/next/dist/server/lib/router-server.js:484:13)
    at async Server.requestListener (/Users/galangkeda/Documents/EPadi/esepasi/node_modules/.pnpm/next@16.0.8_@babel+core@7.28.5_react-dom@19.2.1_react@19.2.1__react@19.2.1/node_modules/next/dist/server/lib/start-server.js:226:13)
[2025-12-12 00:46:39.264] [ERROR] [f6a7f174-7932-46a9-bef4-cdaed984db75] Error: Invalid credentials
[2025-12-12 00:46:39.265] [ERROR] [f6a7f174-7932-46a9-bef4-cdaed984db75] UnauthorizedError: Invalid credentials
    at AuthService.login (/Users/galangkeda/Documents/EPadi/esepasi/.next/dev/server/chunks/[root-of-the-server]__ea3472f8._.js:546:19)
    at process.processTicksAndRejections (node:internal/process/task_queues:105:5)
    at async /Users/galangkeda/Documents/EPadi/esepasi/.next/dev/server/chunks/[root-of-the-server]__ea3472f8._.js:658:20
    at async /Users/galangkeda/Documents/EPadi/esepasi/.next/dev/server/chunks/[root-of-the-server]__ea3472f8._.js:245:13
    at async apiResolver (/Users/galangkeda/Documents/EPadi/esepasi/node_modules/.pnpm/next@16.0.8_@babel+core@7.28.5_react-dom@19.2.1_react@19.2.1__react@19.2.1/node_modules/next/dist/compiled/next-server/pages-api-turbo.runtime.dev.js:2:4425)
    at async PagesAPIRouteModule.render (/Users/galangkeda/Documents/EPadi/esepasi/node_modules/.pnpm/next@16.0.8_@babel+core@7.28.5_react-dom@19.2.1_react@19.2.1__react@19.2.1/node_modules/next/dist/compiled/next-server/pages-api-turbo.runtime.dev.js:2:5955)
    at async Module.handler (/Users/galangkeda/Documents/EPadi/esepasi/.next/dev/server/chunks/718e3_next_dist_4d75f5da._.js:2935:13)
    at async DevServer.runApi (/Users/galangkeda/Documents/EPadi/esepasi/node_modules/.pnpm/next@16.0.8_@babel+core@7.28.5_react-dom@19.2.1_react@19.2.1__react@19.2.1/node_modules/next/dist/server/next-server.js:750:9)
    at async NextNodeServer.handleCatchallRenderRequest (/Users/galangkeda/Documents/EPadi/esepasi/node_modules/.pnpm/next@16.0.8_@babel+core@7.28.5_react-dom@19.2.1_react@19.2.1__react@19.2.1/node_modules/next/dist/server/next-server.js:391:37)
    at async DevServer.handleRequestImpl (/Users/galangkeda/Documents/EPadi/esepasi/node_modules/.pnpm/next@16.0.8_@babel+core@7.28.5_react-dom@19.2.1_react@19.2.1__react@19.2.1/node_modules/next/dist/server/base-server.js:912:17)
    at async /Users/galangkeda/Documents/EPadi/esepasi/node_modules/.pnpm/next@16.0.8_@babel+core@7.28.5_react-dom@19.2.1_react@19.2.1__react@19.2.1/node_modules/next/dist/server/dev/next-dev-server.js:382:20
    at async Span.traceAsyncFn (/Users/galangkeda/Documents/EPadi/esepasi/node_modules/.pnpm/next@16.0.8_@babel+core@7.28.5_react-dom@19.2.1_react@19.2.1__react@19.2.1/node_modules/next/dist/trace/trace.js:157:20)
    at async DevServer.handleRequest (/Users/galangkeda/Documents/EPadi/esepasi/node_modules/.pnpm/next@16.0.8_@babel+core@7.28.5_react-dom@19.2.1_react@19.2.1__react@19.2.1/node_modules/next/dist/server/dev/next-dev-server.js:378:24)
    at async invokeRender (/Users/galangkeda/Documents/EPadi/esepasi/node_modules/.pnpm/next@16.0.8_@babel+core@7.28.5_react-dom@19.2.1_react@19.2.1__react@19.2.1/node_modules/next/dist/server/lib/router-server.js:240:21)
    at async handleRequest (/Users/galangkeda/Documents/EPadi/esepasi/node_modules/.pnpm/next@16.0.8_@babel+core@7.28.5_react-dom@19.2.1_react@19.2.1__react@19.2.1/node_modules/next/dist/server/lib/router-server.js:436:24)
    at async requestHandlerImpl (/Users/galangkeda/Documents/EPadi/esepasi/node_modules/.pnpm/next@16.0.8_@babel+core@7.28.5_react-dom@19.2.1_react@19.2.1__react@19.2.1/node_modules/next/dist/server/lib/router-server.js:484:13)
    at async Server.requestListener (/Users/galangkeda/Documents/EPadi/esepasi/node_modules/.pnpm/next@16.0.8_@babel+core@7.28.5_react-dom@19.2.1_react@19.2.1__react@19.2.1/node_modules/next/dist/server/lib/start-server.js:226:13)
[2025-12-12 19:47:19.159] [ERROR] [f2a60257-4a3e-465d-9f98-af4f2ea43708] Error: Password must be at least 8 characters
[2025-12-12 19:47:19.159] [ERROR] [f2a60257-4a3e-465d-9f98-af4f2ea43708] ValidationError: Password must be at least 8 characters
    at validateRequest (/Users/galangkeda/Documents/EPadi/esepasi/.next/dev/server/chunks/[root-of-the-server]__0af7023d._.js:328:15)
    at /Users/galangkeda/Documents/EPadi/esepasi/.next/dev/server/chunks/[root-of-the-server]__0af7023d._.js:656:166
    at /Users/galangkeda/Documents/EPadi/esepasi/.next/dev/server/chunks/[root-of-the-server]__0af7023d._.js:245:19
    at apiResolver (/Users/galangkeda/Documents/EPadi/esepasi/node_modules/.pnpm/next@16.0.8_@babel+core@7.28.5_react-dom@19.2.1_react@19.2.1__react@19.2.1/node_modules/next/dist/compiled/next-server/pages-api-turbo.runtime.dev.js:2:4431)
    at process.processTicksAndRejections (node:internal/process/task_queues:105:5)
    at async PagesAPIRouteModule.render (/Users/galangkeda/Documents/EPadi/esepasi/node_modules/.pnpm/next@16.0.8_@babel+core@7.28.5_react-dom@19.2.1_react@19.2.1__react@19.2.1/node_modules/next/dist/compiled/next-server/pages-api-turbo.runtime.dev.js:2:5955)
    at async Module.handler (/Users/galangkeda/Documents/EPadi/esepasi/.next/dev/server/chunks/718e3_next_dist_91bdf8df._.js:2935:13)
    at async DevServer.runApi (/Users/galangkeda/Documents/EPadi/esepasi/node_modules/.pnpm/next@16.0.8_@babel+core@7.28.5_react-dom@19.2.1_react@19.2.1__react@19.2.1/node_modules/next/dist/server/next-server.js:750:9)
    at async NextNodeServer.handleCatchallRenderRequest (/Users/galangkeda/Documents/EPadi/esepasi/node_modules/.pnpm/next@16.0.8_@babel+core@7.28.5_react-dom@19.2.1_react@19.2.1__react@19.2.1/node_modules/next/dist/server/next-server.js:391:37)
    at async DevServer.handleRequestImpl (/Users/galangkeda/Documents/EPadi/esepasi/node_modules/.pnpm/next@16.0.8_@babel+core@7.28.5_react-dom@19.2.1_react@19.2.1__react@19.2.1/node_modules/next/dist/server/base-server.js:912:17)
    at async /Users/galangkeda/Documents/EPadi/esepasi/node_modules/.pnpm/next@16.0.8_@babel+core@7.28.5_react-dom@19.2.1_react@19.2.1__react@19.2.1/node_modules/next/dist/server/dev/next-dev-server.js:382:20
    at async Span.traceAsyncFn (/Users/galangkeda/Documents/EPadi/esepasi/node_modules/.pnpm/next@16.0.8_@babel+core@7.28.5_react-dom@19.2.1_react@19.2.1__react@19.2.1/node_modules/next/dist/trace/trace.js:157:20)
    at async DevServer.handleRequest (/Users/galangkeda/Documents/EPadi/esepasi/node_modules/.pnpm/next@16.0.8_@babel+core@7.28.5_react-dom@19.2.1_react@19.2.1__react@19.2.1/node_modules/next/dist/server/dev/next-dev-server.js:378:24)
    at async invokeRender (/Users/galangkeda/Documents/EPadi/esepasi/node_modules/.pnpm/next@16.0.8_@babel+core@7.28.5_react-dom@19.2.1_react@19.2.1__react@19.2.1/node_modules/next/dist/server/lib/router-server.js:240:21)
    at async handleRequest (/Users/galangkeda/Documents/EPadi/esepasi/node_modules/.pnpm/next@16.0.8_@babel+core@7.28.5_react-dom@19.2.1_react@19.2.1__react@19.2.1/node_modules/next/dist/server/lib/router-server.js:436:24)
    at async requestHandlerImpl (/Users/galangkeda/Documents/EPadi/esepasi/node_modules/.pnpm/next@16.0.8_@babel+core@7.28.5_react-dom@19.2.1_react@19.2.1__react@19.2.1/node_modules/next/dist/server/lib/router-server.js:484:13)
    at async Server.requestListener (/Users/galangkeda/Documents/EPadi/esepasi/node_modules/.pnpm/next@16.0.8_@babel+core@7.28.5_react-dom@19.2.1_react@19.2.1__react@19.2.1/node_modules/next/dist/server/lib/start-server.js:226:13)
[2025-12-12 19:47:33.513] [ERROR] [ba395dbb-06a0-423f-87c2-690d5d4e831e] Error: Email already registered
[2025-12-12 19:47:33.513] [ERROR] [ba395dbb-06a0-423f-87c2-690d5d4e831e] ConflictError: Email already registered
    at AuthService.register (/Users/galangkeda/Documents/EPadi/esepasi/.next/dev/server/chunks/[root-of-the-server]__0af7023d._.js:495:19)
    at process.processTicksAndRejections (node:internal/process/task_queues:105:5)
    at async /Users/galangkeda/Documents/EPadi/esepasi/.next/dev/server/chunks/[root-of-the-server]__0af7023d._.js:658:20
    at async /Users/galangkeda/Documents/EPadi/esepasi/.next/dev/server/chunks/[root-of-the-server]__0af7023d._.js:245:13
    at async apiResolver (/Users/galangkeda/Documents/EPadi/esepasi/node_modules/.pnpm/next@16.0.8_@babel+core@7.28.5_react-dom@19.2.1_react@19.2.1__react@19.2.1/node_modules/next/dist/compiled/next-server/pages-api-turbo.runtime.dev.js:2:4425)
    at async PagesAPIRouteModule.render (/Users/galangkeda/Documents/EPadi/esepasi/node_modules/.pnpm/next@16.0.8_@babel+core@7.28.5_react-dom@19.2.1_react@19.2.1__react@19.2.1/node_modules/next/dist/compiled/next-server/pages-api-turbo.runtime.dev.js:2:5955)
    at async Module.handler (/Users/galangkeda/Documents/EPadi/esepasi/.next/dev/server/chunks/718e3_next_dist_91bdf8df._.js:2935:13)
    at async DevServer.runApi (/Users/galangkeda/Documents/EPadi/esepasi/node_modules/.pnpm/next@16.0.8_@babel+core@7.28.5_react-dom@19.2.1_react@19.2.1__react@19.2.1/node_modules/next/dist/server/next-server.js:750:9)
    at async NextNodeServer.handleCatchallRenderRequest (/Users/galangkeda/Documents/EPadi/esepasi/node_modules/.pnpm/next@16.0.8_@babel+core@7.28.5_react-dom@19.2.1_react@19.2.1__react@19.2.1/node_modules/next/dist/server/next-server.js:391:37)
    at async DevServer.handleRequestImpl (/Users/galangkeda/Documents/EPadi/esepasi/node_modules/.pnpm/next@16.0.8_@babel+core@7.28.5_react-dom@19.2.1_react@19.2.1__react@19.2.1/node_modules/next/dist/server/base-server.js:912:17)
    at async /Users/galangkeda/Documents/EPadi/esepasi/node_modules/.pnpm/next@16.0.8_@babel+core@7.28.5_react-dom@19.2.1_react@19.2.1__react@19.2.1/node_modules/next/dist/server/dev/next-dev-server.js:382:20
    at async Span.traceAsyncFn (/Users/galangkeda/Documents/EPadi/esepasi/node_modules/.pnpm/next@16.0.8_@babel+core@7.28.5_react-dom@19.2.1_react@19.2.1__react@19.2.1/node_modules/next/dist/trace/trace.js:157:20)
    at async DevServer.handleRequest (/Users/galangkeda/Documents/EPadi/esepasi/node_modules/.pnpm/next@16.0.8_@babel+core@7.28.5_react-dom@19.2.1_react@19.2.1__react@19.2.1/node_modules/next/dist/server/dev/next-dev-server.js:378:24)
    at async invokeRender (/Users/galangkeda/Documents/EPadi/esepasi/node_modules/.pnpm/next@16.0.8_@babel+core@7.28.5_react-dom@19.2.1_react@19.2.1__react@19.2.1/node_modules/next/dist/server/lib/router-server.js:240:21)
    at async handleRequest (/Users/galangkeda/Documents/EPadi/esepasi/node_modules/.pnpm/next@16.0.8_@babel+core@7.28.5_react-dom@19.2.1_react@19.2.1__react@19.2.1/node_modules/next/dist/server/lib/router-server.js:436:24)
    at async requestHandlerImpl (/Users/galangkeda/Documents/EPadi/esepasi/node_modules/.pnpm/next@16.0.8_@babel+core@7.28.5_react-dom@19.2.1_react@19.2.1__react@19.2.1/node_modules/next/dist/server/lib/router-server.js:484:13)
    at async Server.requestListener (/Users/galangkeda/Documents/EPadi/esepasi/node_modules/.pnpm/next@16.0.8_@babel+core@7.28.5_react-dom@19.2.1_react@19.2.1__react@19.2.1/node_modules/next/dist/server/lib/start-server.js:226:13)
[2025-12-13 06:52:07.128] [ERROR] [17ce137d-9808-4367-b93d-fd115e718c08] Error: Token reset tidak valid atau kadaluarsa
[2025-12-13 06:52:07.129] [ERROR] [17ce137d-9808-4367-b93d-fd115e718c08] UnauthorizedError: Token reset tidak valid atau kadaluarsa
    at AuthService.resetPassword (/Users/galangkeda/Documents/EPadi/esepasi/.next/dev/server/chunks/[root-of-the-server]__ab83baf6._.js:668:19)
    at process.processTicksAndRejections (node:internal/process/task_queues:105:5)
    at async /Users/galangkeda/Documents/EPadi/esepasi/.next/dev/server/chunks/[root-of-the-server]__02b7a7db._.js:705:5
    at async /Users/galangkeda/Documents/EPadi/esepasi/.next/dev/server/chunks/[root-of-the-server]__ab83baf6._.js:245:13
    at async apiResolver (/Users/galangkeda/Documents/EPadi/esepasi/node_modules/.pnpm/next@16.0.8_@babel+core@7.28.5_react-dom@19.2.1_react@19.2.1__react@19.2.1/node_modules/next/dist/compiled/next-server/pages-api-turbo.runtime.dev.js:2:4425)
    at async PagesAPIRouteModule.render (/Users/galangkeda/Documents/EPadi/esepasi/node_modules/.pnpm/next@16.0.8_@babel+core@7.28.5_react-dom@19.2.1_react@19.2.1__react@19.2.1/node_modules/next/dist/compiled/next-server/pages-api-turbo.runtime.dev.js:2:5955)
    at async Module.handler (/Users/galangkeda/Documents/EPadi/esepasi/.next/dev/server/chunks/718e3_next_dist_4ac25d81._.js:2935:13)
    at async DevServer.runApi (/Users/galangkeda/Documents/EPadi/esepasi/node_modules/.pnpm/next@16.0.8_@babel+core@7.28.5_react-dom@19.2.1_react@19.2.1__react@19.2.1/node_modules/next/dist/server/next-server.js:750:9)
    at async NextNodeServer.handleCatchallRenderRequest (/Users/galangkeda/Documents/EPadi/esepasi/node_modules/.pnpm/next@16.0.8_@babel+core@7.28.5_react-dom@19.2.1_react@19.2.1__react@19.2.1/node_modules/next/dist/server/next-server.js:391:37)
    at async DevServer.handleRequestImpl (/Users/galangkeda/Documents/EPadi/esepasi/node_modules/.pnpm/next@16.0.8_@babel+core@7.28.5_react-dom@19.2.1_react@19.2.1__react@19.2.1/node_modules/next/dist/server/base-server.js:912:17)
    at async /Users/galangkeda/Documents/EPadi/esepasi/node_modules/.pnpm/next@16.0.8_@babel+core@7.28.5_react-dom@19.2.1_react@19.2.1__react@19.2.1/node_modules/next/dist/server/dev/next-dev-server.js:382:20
    at async Span.traceAsyncFn (/Users/galangkeda/Documents/EPadi/esepasi/node_modules/.pnpm/next@16.0.8_@babel+core@7.28.5_react-dom@19.2.1_react@19.2.1__react@19.2.1/node_modules/next/dist/trace/trace.js:157:20)
    at async DevServer.handleRequest (/Users/galangkeda/Documents/EPadi/esepasi/node_modules/.pnpm/next@16.0.8_@babel+core@7.28.5_react-dom@19.2.1_react@19.2.1__react@19.2.1/node_modules/next/dist/server/dev/next-dev-server.js:378:24)
    at async invokeRender (/Users/galangkeda/Documents/EPadi/esepasi/node_modules/.pnpm/next@16.0.8_@babel+core@7.28.5_react-dom@19.2.1_react@19.2.1__react@19.2.1/node_modules/next/dist/server/lib/router-server.js:240:21)
    at async handleRequest (/Users/galangkeda/Documents/EPadi/esepasi/node_modules/.pnpm/next@16.0.8_@babel+core@7.28.5_react-dom@19.2.1_react@19.2.1__react@19.2.1/node_modules/next/dist/server/lib/router-server.js:436:24)
    at async requestHandlerImpl (/Users/galangkeda/Documents/EPadi/esepasi/node_modules/.pnpm/next@16.0.8_@babel+core@7.28.5_react-dom@19.2.1_react@19.2.1__react@19.2.1/node_modules/next/dist/server/lib/router-server.js:484:13)
    at async Server.requestListener (/Users/galangkeda/Documents/EPadi/esepasi/node_modules/.pnpm/next@16.0.8_@babel+core@7.28.5_react-dom@19.2.1_react@19.2.1__react@19.2.1/node_modules/next/dist/server/lib/start-server.js:226:13)
[2025-12-13 06:54:02.538] [ERROR] [4364ba9e-f34c-4d66-b8a6-00026de7366c] Error: Password must be at least 8 characters
[2025-12-13 06:54:02.538] [ERROR] [4364ba9e-f34c-4d66-b8a6-00026de7366c] ValidationError: Password must be at least 8 characters
    at validateRequest (/Users/galangkeda/Documents/EPadi/esepasi/.next/dev/server/chunks/[root-of-the-server]__ab83baf6._.js:328:15)
    at /Users/galangkeda/Documents/EPadi/esepasi/.next/dev/server/chunks/[root-of-the-server]__02b7a7db._.js:703:181
    at /Users/galangkeda/Documents/EPadi/esepasi/.next/dev/server/chunks/[root-of-the-server]__ab83baf6._.js:245:19
    at apiResolver (/Users/galangkeda/Documents/EPadi/esepasi/node_modules/.pnpm/next@16.0.8_@babel+core@7.28.5_react-dom@19.2.1_react@19.2.1__react@19.2.1/node_modules/next/dist/compiled/next-server/pages-api-turbo.runtime.dev.js:2:4431)
    at process.processTicksAndRejections (node:internal/process/task_queues:105:5)
    at async PagesAPIRouteModule.render (/Users/galangkeda/Documents/EPadi/esepasi/node_modules/.pnpm/next@16.0.8_@babel+core@7.28.5_react-dom@19.2.1_react@19.2.1__react@19.2.1/node_modules/next/dist/compiled/next-server/pages-api-turbo.runtime.dev.js:2:5955)
    at async Module.handler (/Users/galangkeda/Documents/EPadi/esepasi/.next/dev/server/chunks/718e3_next_dist_4ac25d81._.js:2935:13)
    at async DevServer.runApi (/Users/galangkeda/Documents/EPadi/esepasi/node_modules/.pnpm/next@16.0.8_@babel+core@7.28.5_react-dom@19.2.1_react@19.2.1__react@19.2.1/node_modules/next/dist/server/next-server.js:750:9)
    at async NextNodeServer.handleCatchallRenderRequest (/Users/galangkeda/Documents/EPadi/esepasi/node_modules/.pnpm/next@16.0.8_@babel+core@7.28.5_react-dom@19.2.1_react@19.2.1__react@19.2.1/node_modules/next/dist/server/next-server.js:391:37)
    at async DevServer.handleRequestImpl (/Users/galangkeda/Documents/EPadi/esepasi/node_modules/.pnpm/next@16.0.8_@babel+core@7.28.5_react-dom@19.2.1_react@19.2.1__react@19.2.1/node_modules/next/dist/server/base-server.js:912:17)
    at async /Users/galangkeda/Documents/EPadi/esepasi/node_modules/.pnpm/next@16.0.8_@babel+core@7.28.5_react-dom@19.2.1_react@19.2.1__react@19.2.1/node_modules/next/dist/server/dev/next-dev-server.js:382:20
    at async Span.traceAsyncFn (/Users/galangkeda/Documents/EPadi/esepasi/node_modules/.pnpm/next@16.0.8_@babel+core@7.28.5_react-dom@19.2.1_react@19.2.1__react@19.2.1/node_modules/next/dist/trace/trace.js:157:20)
    at async DevServer.handleRequest (/Users/galangkeda/Documents/EPadi/esepasi/node_modules/.pnpm/next@16.0.8_@babel+core@7.28.5_react-dom@19.2.1_react@19.2.1__react@19.2.1/node_modules/next/dist/server/dev/next-dev-server.js:378:24)
    at async invokeRender (/Users/galangkeda/Documents/EPadi/esepasi/node_modules/.pnpm/next@16.0.8_@babel+core@7.28.5_react-dom@19.2.1_react@19.2.1__react@19.2.1/node_modules/next/dist/server/lib/router-server.js:240:21)
    at async handleRequest (/Users/galangkeda/Documents/EPadi/esepasi/node_modules/.pnpm/next@16.0.8_@babel+core@7.28.5_react-dom@19.2.1_react@19.2.1__react@19.2.1/node_modules/next/dist/server/lib/router-server.js:436:24)
    at async requestHandlerImpl (/Users/galangkeda/Documents/EPadi/esepasi/node_modules/.pnpm/next@16.0.8_@babel+core@7.28.5_react-dom@19.2.1_react@19.2.1__react@19.2.1/node_modules/next/dist/server/lib/router-server.js:484:13)
    at async Server.requestListener (/Users/galangkeda/Documents/EPadi/esepasi/node_modules/.pnpm/next@16.0.8_@babel+core@7.28.5_react-dom@19.2.1_react@19.2.1__react@19.2.1/node_modules/next/dist/server/lib/start-server.js:226:13)
[2025-12-13 06:54:03.882] [ERROR] [e9a91c56-7431-4bee-a462-56b3b88b7d09] Error: Password must be at least 8 characters
[2025-12-13 06:54:03.882] [ERROR] [e9a91c56-7431-4bee-a462-56b3b88b7d09] ValidationError: Password must be at least 8 characters
    at validateRequest (/Users/galangkeda/Documents/EPadi/esepasi/.next/dev/server/chunks/[root-of-the-server]__ab83baf6._.js:328:15)
    at /Users/galangkeda/Documents/EPadi/esepasi/.next/dev/server/chunks/[root-of-the-server]__02b7a7db._.js:703:181
    at /Users/galangkeda/Documents/EPadi/esepasi/.next/dev/server/chunks/[root-of-the-server]__ab83baf6._.js:245:19
    at apiResolver (/Users/galangkeda/Documents/EPadi/esepasi/node_modules/.pnpm/next@16.0.8_@babel+core@7.28.5_react-dom@19.2.1_react@19.2.1__react@19.2.1/node_modules/next/dist/compiled/next-server/pages-api-turbo.runtime.dev.js:2:4431)
    at process.processTicksAndRejections (node:internal/process/task_queues:105:5)
    at async PagesAPIRouteModule.render (/Users/galangkeda/Documents/EPadi/esepasi/node_modules/.pnpm/next@16.0.8_@babel+core@7.28.5_react-dom@19.2.1_react@19.2.1__react@19.2.1/node_modules/next/dist/compiled/next-server/pages-api-turbo.runtime.dev.js:2:5955)
    at async Module.handler (/Users/galangkeda/Documents/EPadi/esepasi/.next/dev/server/chunks/718e3_next_dist_4ac25d81._.js:2935:13)
    at async DevServer.runApi (/Users/galangkeda/Documents/EPadi/esepasi/node_modules/.pnpm/next@16.0.8_@babel+core@7.28.5_react-dom@19.2.1_react@19.2.1__react@19.2.1/node_modules/next/dist/server/next-server.js:750:9)
    at async NextNodeServer.handleCatchallRenderRequest (/Users/galangkeda/Documents/EPadi/esepasi/node_modules/.pnpm/next@16.0.8_@babel+core@7.28.5_react-dom@19.2.1_react@19.2.1__react@19.2.1/node_modules/next/dist/server/next-server.js:391:37)
    at async DevServer.handleRequestImpl (/Users/galangkeda/Documents/EPadi/esepasi/node_modules/.pnpm/next@16.0.8_@babel+core@7.28.5_react-dom@19.2.1_react@19.2.1__react@19.2.1/node_modules/next/dist/server/base-server.js:912:17)
    at async /Users/galangkeda/Documents/EPadi/esepasi/node_modules/.pnpm/next@16.0.8_@babel+core@7.28.5_react-dom@19.2.1_react@19.2.1__react@19.2.1/node_modules/next/dist/server/dev/next-dev-server.js:382:20
    at async Span.traceAsyncFn (/Users/galangkeda/Documents/EPadi/esepasi/node_modules/.pnpm/next@16.0.8_@babel+core@7.28.5_react-dom@19.2.1_react@19.2.1__react@19.2.1/node_modules/next/dist/trace/trace.js:157:20)
    at async DevServer.handleRequest (/Users/galangkeda/Documents/EPadi/esepasi/node_modules/.pnpm/next@16.0.8_@babel+core@7.28.5_react-dom@19.2.1_react@19.2.1__react@19.2.1/node_modules/next/dist/server/dev/next-dev-server.js:378:24)
    at async invokeRender (/Users/galangkeda/Documents/EPadi/esepasi/node_modules/.pnpm/next@16.0.8_@babel+core@7.28.5_react-dom@19.2.1_react@19.2.1__react@19.2.1/node_modules/next/dist/server/lib/router-server.js:240:21)
    at async handleRequest (/Users/galangkeda/Documents/EPadi/esepasi/node_modules/.pnpm/next@16.0.8_@babel+core@7.28.5_react-dom@19.2.1_react@19.2.1__react@19.2.1/node_modules/next/dist/server/lib/router-server.js:436:24)
    at async requestHandlerImpl (/Users/galangkeda/Documents/EPadi/esepasi/node_modules/.pnpm/next@16.0.8_@babel+core@7.28.5_react-dom@19.2.1_react@19.2.1__react@19.2.1/node_modules/next/dist/server/lib/router-server.js:484:13)
    at async Server.requestListener (/Users/galangkeda/Documents/EPadi/esepasi/node_modules/.pnpm/next@16.0.8_@babel+core@7.28.5_react-dom@19.2.1_react@19.2.1__react@19.2.1/node_modules/next/dist/server/lib/start-server.js:226:13)
[2025-12-13 06:54:06.816] [ERROR] [05944c2d-a5b1-453e-bd79-40fb1f83d84c] Error: Token reset tidak valid atau kadaluarsa
[2025-12-13 06:54:06.817] [ERROR] [05944c2d-a5b1-453e-bd79-40fb1f83d84c] UnauthorizedError: Token reset tidak valid atau kadaluarsa
    at AuthService.resetPassword (/Users/galangkeda/Documents/EPadi/esepasi/.next/dev/server/chunks/[root-of-the-server]__ab83baf6._.js:668:19)
    at process.processTicksAndRejections (node:internal/process/task_queues:105:5)
    at async /Users/galangkeda/Documents/EPadi/esepasi/.next/dev/server/chunks/[root-of-the-server]__02b7a7db._.js:705:5
    at async /Users/galangkeda/Documents/EPadi/esepasi/.next/dev/server/chunks/[root-of-the-server]__ab83baf6._.js:245:13
    at async apiResolver (/Users/galangkeda/Documents/EPadi/esepasi/node_modules/.pnpm/next@16.0.8_@babel+core@7.28.5_react-dom@19.2.1_react@19.2.1__react@19.2.1/node_modules/next/dist/compiled/next-server/pages-api-turbo.runtime.dev.js:2:4425)
    at async PagesAPIRouteModule.render (/Users/galangkeda/Documents/EPadi/esepasi/node_modules/.pnpm/next@16.0.8_@babel+core@7.28.5_react-dom@19.2.1_react@19.2.1__react@19.2.1/node_modules/next/dist/compiled/next-server/pages-api-turbo.runtime.dev.js:2:5955)
    at async Module.handler (/Users/galangkeda/Documents/EPadi/esepasi/.next/dev/server/chunks/718e3_next_dist_4ac25d81._.js:2935:13)
    at async DevServer.runApi (/Users/galangkeda/Documents/EPadi/esepasi/node_modules/.pnpm/next@16.0.8_@babel+core@7.28.5_react-dom@19.2.1_react@19.2.1__react@19.2.1/node_modules/next/dist/server/next-server.js:750:9)
    at async NextNodeServer.handleCatchallRenderRequest (/Users/galangkeda/Documents/EPadi/esepasi/node_modules/.pnpm/next@16.0.8_@babel+core@7.28.5_react-dom@19.2.1_react@19.2.1__react@19.2.1/node_modules/next/dist/server/next-server.js:391:37)
    at async DevServer.handleRequestImpl (/Users/galangkeda/Documents/EPadi/esepasi/node_modules/.pnpm/next@16.0.8_@babel+core@7.28.5_react-dom@19.2.1_react@19.2.1__react@19.2.1/node_modules/next/dist/server/base-server.js:912:17)
    at async /Users/galangkeda/Documents/EPadi/esepasi/node_modules/.pnpm/next@16.0.8_@babel+core@7.28.5_react-dom@19.2.1_react@19.2.1__react@19.2.1/node_modules/next/dist/server/dev/next-dev-server.js:382:20
    at async Span.traceAsyncFn (/Users/galangkeda/Documents/EPadi/esepasi/node_modules/.pnpm/next@16.0.8_@babel+core@7.28.5_react-dom@19.2.1_react@19.2.1__react@19.2.1/node_modules/next/dist/trace/trace.js:157:20)
    at async DevServer.handleRequest (/Users/galangkeda/Documents/EPadi/esepasi/node_modules/.pnpm/next@16.0.8_@babel+core@7.28.5_react-dom@19.2.1_react@19.2.1__react@19.2.1/node_modules/next/dist/server/dev/next-dev-server.js:378:24)
    at async invokeRender (/Users/galangkeda/Documents/EPadi/esepasi/node_modules/.pnpm/next@16.0.8_@babel+core@7.28.5_react-dom@19.2.1_react@19.2.1__react@19.2.1/node_modules/next/dist/server/lib/router-server.js:240:21)
    at async handleRequest (/Users/galangkeda/Documents/EPadi/esepasi/node_modules/.pnpm/next@16.0.8_@babel+core@7.28.5_react-dom@19.2.1_react@19.2.1__react@19.2.1/node_modules/next/dist/server/lib/router-server.js:436:24)
    at async requestHandlerImpl (/Users/galangkeda/Documents/EPadi/esepasi/node_modules/.pnpm/next@16.0.8_@babel+core@7.28.5_react-dom@19.2.1_react@19.2.1__react@19.2.1/node_modules/next/dist/server/lib/router-server.js:484:13)
    at async Server.requestListener (/Users/galangkeda/Documents/EPadi/esepasi/node_modules/.pnpm/next@16.0.8_@babel+core@7.28.5_react-dom@19.2.1_react@19.2.1__react@19.2.1/node_modules/next/dist/server/lib/start-server.js:226:13)
[2025-12-13 06:54:23.014] [ERROR] [8ccb5f16-efaf-4908-8ad1-a4f669fbded3] Error: Token reset tidak valid atau kadaluarsa
[2025-12-13 06:54:23.014] [ERROR] [8ccb5f16-efaf-4908-8ad1-a4f669fbded3] UnauthorizedError: Token reset tidak valid atau kadaluarsa
    at AuthService.resetPassword (/Users/galangkeda/Documents/EPadi/esepasi/.next/dev/server/chunks/[root-of-the-server]__ab83baf6._.js:668:19)
    at process.processTicksAndRejections (node:internal/process/task_queues:105:5)
    at async /Users/galangkeda/Documents/EPadi/esepasi/.next/dev/server/chunks/[root-of-the-server]__02b7a7db._.js:705:5
    at async /Users/galangkeda/Documents/EPadi/esepasi/.next/dev/server/chunks/[root-of-the-server]__ab83baf6._.js:245:13
    at async apiResolver (/Users/galangkeda/Documents/EPadi/esepasi/node_modules/.pnpm/next@16.0.8_@babel+core@7.28.5_react-dom@19.2.1_react@19.2.1__react@19.2.1/node_modules/next/dist/compiled/next-server/pages-api-turbo.runtime.dev.js:2:4425)
    at async PagesAPIRouteModule.render (/Users/galangkeda/Documents/EPadi/esepasi/node_modules/.pnpm/next@16.0.8_@babel+core@7.28.5_react-dom@19.2.1_react@19.2.1__react@19.2.1/node_modules/next/dist/compiled/next-server/pages-api-turbo.runtime.dev.js:2:5955)
    at async Module.handler (/Users/galangkeda/Documents/EPadi/esepasi/.next/dev/server/chunks/718e3_next_dist_4ac25d81._.js:2935:13)
    at async DevServer.runApi (/Users/galangkeda/Documents/EPadi/esepasi/node_modules/.pnpm/next@16.0.8_@babel+core@7.28.5_react-dom@19.2.1_react@19.2.1__react@19.2.1/node_modules/next/dist/server/next-server.js:750:9)
    at async NextNodeServer.handleCatchallRenderRequest (/Users/galangkeda/Documents/EPadi/esepasi/node_modules/.pnpm/next@16.0.8_@babel+core@7.28.5_react-dom@19.2.1_react@19.2.1__react@19.2.1/node_modules/next/dist/server/next-server.js:391:37)
    at async DevServer.handleRequestImpl (/Users/galangkeda/Documents/EPadi/esepasi/node_modules/.pnpm/next@16.0.8_@babel+core@7.28.5_react-dom@19.2.1_react@19.2.1__react@19.2.1/node_modules/next/dist/server/base-server.js:912:17)
    at async /Users/galangkeda/Documents/EPadi/esepasi/node_modules/.pnpm/next@16.0.8_@babel+core@7.28.5_react-dom@19.2.1_react@19.2.1__react@19.2.1/node_modules/next/dist/server/dev/next-dev-server.js:382:20
    at async Span.traceAsyncFn (/Users/galangkeda/Documents/EPadi/esepasi/node_modules/.pnpm/next@16.0.8_@babel+core@7.28.5_react-dom@19.2.1_react@19.2.1__react@19.2.1/node_modules/next/dist/trace/trace.js:157:20)
    at async DevServer.handleRequest (/Users/galangkeda/Documents/EPadi/esepasi/node_modules/.pnpm/next@16.0.8_@babel+core@7.28.5_react-dom@19.2.1_react@19.2.1__react@19.2.1/node_modules/next/dist/server/dev/next-dev-server.js:378:24)
    at async invokeRender (/Users/galangkeda/Documents/EPadi/esepasi/node_modules/.pnpm/next@16.0.8_@babel+core@7.28.5_react-dom@19.2.1_react@19.2.1__react@19.2.1/node_modules/next/dist/server/lib/router-server.js:240:21)
    at async handleRequest (/Users/galangkeda/Documents/EPadi/esepasi/node_modules/.pnpm/next@16.0.8_@babel+core@7.28.5_react-dom@19.2.1_react@19.2.1__react@19.2.1/node_modules/next/dist/server/lib/router-server.js:436:24)
    at async requestHandlerImpl (/Users/galangkeda/Documents/EPadi/esepasi/node_modules/.pnpm/next@16.0.8_@babel+core@7.28.5_react-dom@19.2.1_react@19.2.1__react@19.2.1/node_modules/next/dist/server/lib/router-server.js:484:13)
    at async Server.requestListener (/Users/galangkeda/Documents/EPadi/esepasi/node_modules/.pnpm/next@16.0.8_@babel+core@7.28.5_react-dom@19.2.1_react@19.2.1__react@19.2.1/node_modules/next/dist/server/lib/start-server.js:226:13)
[2025-12-13 07:02:55.858] [ERROR] [c35c83e9-e6fc-480d-8f92-4b9b97f43336] Error: Name must be at least 2 characters
[2025-12-13 07:02:55.858] [ERROR] [c35c83e9-e6fc-480d-8f92-4b9b97f43336] ValidationError: Name must be at least 2 characters
    at validateRequest (/Users/galangkeda/Documents/EPadi/esepasi/.next/dev/server/chunks/[root-of-the-server]__02b7a7db._.js:328:15)
    at /Users/galangkeda/Documents/EPadi/esepasi/.next/dev/server/chunks/[root-of-the-server]__86c8c58d._.js:709:166
    at /Users/galangkeda/Documents/EPadi/esepasi/.next/dev/server/chunks/[root-of-the-server]__02b7a7db._.js:245:19
    at apiResolver (/Users/galangkeda/Documents/EPadi/esepasi/node_modules/.pnpm/next@16.0.8_@babel+core@7.28.5_react-dom@19.2.1_react@19.2.1__react@19.2.1/node_modules/next/dist/compiled/next-server/pages-api-turbo.runtime.dev.js:2:4431)
    at process.processTicksAndRejections (node:internal/process/task_queues:105:5)
    at async PagesAPIRouteModule.render (/Users/galangkeda/Documents/EPadi/esepasi/node_modules/.pnpm/next@16.0.8_@babel+core@7.28.5_react-dom@19.2.1_react@19.2.1__react@19.2.1/node_modules/next/dist/compiled/next-server/pages-api-turbo.runtime.dev.js:2:5955)
    at async Module.handler (/Users/galangkeda/Documents/EPadi/esepasi/.next/dev/server/chunks/718e3_next_dist_91bdf8df._.js:2935:13)
    at async DevServer.runApi (/Users/galangkeda/Documents/EPadi/esepasi/node_modules/.pnpm/next@16.0.8_@babel+core@7.28.5_react-dom@19.2.1_react@19.2.1__react@19.2.1/node_modules/next/dist/server/next-server.js:750:9)
    at async NextNodeServer.handleCatchallRenderRequest (/Users/galangkeda/Documents/EPadi/esepasi/node_modules/.pnpm/next@16.0.8_@babel+core@7.28.5_react-dom@19.2.1_react@19.2.1__react@19.2.1/node_modules/next/dist/server/next-server.js:391:37)
    at async DevServer.handleRequestImpl (/Users/galangkeda/Documents/EPadi/esepasi/node_modules/.pnpm/next@16.0.8_@babel+core@7.28.5_react-dom@19.2.1_react@19.2.1__react@19.2.1/node_modules/next/dist/server/base-server.js:912:17)
    at async /Users/galangkeda/Documents/EPadi/esepasi/node_modules/.pnpm/next@16.0.8_@babel+core@7.28.5_react-dom@19.2.1_react@19.2.1__react@19.2.1/node_modules/next/dist/server/dev/next-dev-server.js:382:20
    at async Span.traceAsyncFn (/Users/galangkeda/Documents/EPadi/esepasi/node_modules/.pnpm/next@16.0.8_@babel+core@7.28.5_react-dom@19.2.1_react@19.2.1__react@19.2.1/node_modules/next/dist/trace/trace.js:157:20)
    at async DevServer.handleRequest (/Users/galangkeda/Documents/EPadi/esepasi/node_modules/.pnpm/next@16.0.8_@babel+core@7.28.5_react-dom@19.2.1_react@19.2.1__react@19.2.1/node_modules/next/dist/server/dev/next-dev-server.js:378:24)
    at async invokeRender (/Users/galangkeda/Documents/EPadi/esepasi/node_modules/.pnpm/next@16.0.8_@babel+core@7.28.5_react-dom@19.2.1_react@19.2.1__react@19.2.1/node_modules/next/dist/server/lib/router-server.js:240:21)
    at async handleRequest (/Users/galangkeda/Documents/EPadi/esepasi/node_modules/.pnpm/next@16.0.8_@babel+core@7.28.5_react-dom@19.2.1_react@19.2.1__react@19.2.1/node_modules/next/dist/server/lib/router-server.js:436:24)
    at async requestHandlerImpl (/Users/galangkeda/Documents/EPadi/esepasi/node_modules/.pnpm/next@16.0.8_@babel+core@7.28.5_react-dom@19.2.1_react@19.2.1__react@19.2.1/node_modules/next/dist/server/lib/router-server.js:484:13)
    at async Server.requestListener (/Users/galangkeda/Documents/EPadi/esepasi/node_modules/.pnpm/next@16.0.8_@babel+core@7.28.5_react-dom@19.2.1_react@19.2.1__react@19.2.1/node_modules/next/dist/server/lib/start-server.js:226:13)
[2025-12-13 07:03:15.124] [ERROR] [60cba2f8-a3fb-4324-aff8-66a0df6e7a55] Error: Phone number must be at least 8 characters
[2025-12-13 07:03:15.124] [ERROR] [60cba2f8-a3fb-4324-aff8-66a0df6e7a55] ValidationError: Phone number must be at least 8 characters
    at validateRequest (/Users/galangkeda/Documents/EPadi/esepasi/.next/dev/server/chunks/[root-of-the-server]__02b7a7db._.js:328:15)
    at /Users/galangkeda/Documents/EPadi/esepasi/.next/dev/server/chunks/[root-of-the-server]__20cee526._.js:598:166
    at /Users/galangkeda/Documents/EPadi/esepasi/.next/dev/server/chunks/[root-of-the-server]__02b7a7db._.js:245:19
    at apiResolver (/Users/galangkeda/Documents/EPadi/esepasi/node_modules/.pnpm/next@16.0.8_@babel+core@7.28.5_react-dom@19.2.1_react@19.2.1__react@19.2.1/node_modules/next/dist/compiled/next-server/pages-api-turbo.runtime.dev.js:2:4431)
    at process.processTicksAndRejections (node:internal/process/task_queues:105:5)
    at async PagesAPIRouteModule.render (/Users/galangkeda/Documents/EPadi/esepasi/node_modules/.pnpm/next@16.0.8_@babel+core@7.28.5_react-dom@19.2.1_react@19.2.1__react@19.2.1/node_modules/next/dist/compiled/next-server/pages-api-turbo.runtime.dev.js:2:5955)
    at async Module.handler (/Users/galangkeda/Documents/EPadi/esepasi/.next/dev/server/chunks/718e3_next_dist_131a4193._.js:2935:13)
    at async DevServer.runApi (/Users/galangkeda/Documents/EPadi/esepasi/node_modules/.pnpm/next@16.0.8_@babel+core@7.28.5_react-dom@19.2.1_react@19.2.1__react@19.2.1/node_modules/next/dist/server/next-server.js:750:9)
    at async NextNodeServer.handleCatchallRenderRequest (/Users/galangkeda/Documents/EPadi/esepasi/node_modules/.pnpm/next@16.0.8_@babel+core@7.28.5_react-dom@19.2.1_react@19.2.1__react@19.2.1/node_modules/next/dist/server/next-server.js:391:37)
    at async DevServer.handleRequestImpl (/Users/galangkeda/Documents/EPadi/esepasi/node_modules/.pnpm/next@16.0.8_@babel+core@7.28.5_react-dom@19.2.1_react@19.2.1__react@19.2.1/node_modules/next/dist/server/base-server.js:912:17)
    at async /Users/galangkeda/Documents/EPadi/esepasi/node_modules/.pnpm/next@16.0.8_@babel+core@7.28.5_react-dom@19.2.1_react@19.2.1__react@19.2.1/node_modules/next/dist/server/dev/next-dev-server.js:382:20
    at async Span.traceAsyncFn (/Users/galangkeda/Documents/EPadi/esepasi/node_modules/.pnpm/next@16.0.8_@babel+core@7.28.5_react-dom@19.2.1_react@19.2.1__react@19.2.1/node_modules/next/dist/trace/trace.js:157:20)
    at async DevServer.handleRequest (/Users/galangkeda/Documents/EPadi/esepasi/node_modules/.pnpm/next@16.0.8_@babel+core@7.28.5_react-dom@19.2.1_react@19.2.1__react@19.2.1/node_modules/next/dist/server/dev/next-dev-server.js:378:24)
    at async invokeRender (/Users/galangkeda/Documents/EPadi/esepasi/node_modules/.pnpm/next@16.0.8_@babel+core@7.28.5_react-dom@19.2.1_react@19.2.1__react@19.2.1/node_modules/next/dist/server/lib/router-server.js:240:21)
    at async handleRequest (/Users/galangkeda/Documents/EPadi/esepasi/node_modules/.pnpm/next@16.0.8_@babel+core@7.28.5_react-dom@19.2.1_react@19.2.1__react@19.2.1/node_modules/next/dist/server/lib/router-server.js:436:24)
    at async requestHandlerImpl (/Users/galangkeda/Documents/EPadi/esepasi/node_modules/.pnpm/next@16.0.8_@babel+core@7.28.5_react-dom@19.2.1_react@19.2.1__react@19.2.1/node_modules/next/dist/server/lib/router-server.js:484:13)
    at async Server.requestListener (/Users/galangkeda/Documents/EPadi/esepasi/node_modules/.pnpm/next@16.0.8_@babel+core@7.28.5_react-dom@19.2.1_react@19.2.1__react@19.2.1/node_modules/next/dist/server/lib/start-server.js:226:13)
[2025-12-13 07:35:20.325] [ERROR] [b20a5bf9-0440-47ad-8442-fb3dbeda0bb2] Error: __TURBOPACK__imported__module__$5b$project$5d2f$src$2f$modules$2f$school$2f$school$2e$service$2e$ts__$5b$api$5d$__$28$ecmascript$29$__.schoolService.updateSchool is not a function
[2025-12-13 07:35:20.326] [ERROR] [b20a5bf9-0440-47ad-8442-fb3dbeda0bb2] TypeError: __TURBOPACK__imported__module__$5b$project$5d2f$src$2f$modules$2f$school$2f$school$2e$service$2e$ts__$5b$api$5d$__$28$ecmascript$29$__.schoolService.updateSchool is not a function
    at /Users/galangkeda/Documents/EPadi/esepasi/.next/dev/server/chunks/[root-of-the-server]__a21b4811._.js:560:167
    at process.processTicksAndRejections (node:internal/process/task_queues:105:5)
    at async /Users/galangkeda/Documents/EPadi/esepasi/.next/dev/server/chunks/[root-of-the-server]__02b7a7db._.js:245:13
    at async apiResolver (/Users/galangkeda/Documents/EPadi/esepasi/node_modules/.pnpm/next@16.0.8_@babel+core@7.28.5_react-dom@19.2.1_react@19.2.1__react@19.2.1/node_modules/next/dist/compiled/next-server/pages-api-turbo.runtime.dev.js:2:4425)
    at async PagesAPIRouteModule.render (/Users/galangkeda/Documents/EPadi/esepasi/node_modules/.pnpm/next@16.0.8_@babel+core@7.28.5_react-dom@19.2.1_react@19.2.1__react@19.2.1/node_modules/next/dist/compiled/next-server/pages-api-turbo.runtime.dev.js:2:5955)
    at async Module.handler (/Users/galangkeda/Documents/EPadi/esepasi/.next/dev/server/chunks/718e3_next_dist_3a29631a._.js:2935:13)
    at async DevServer.runApi (/Users/galangkeda/Documents/EPadi/esepasi/node_modules/.pnpm/next@16.0.8_@babel+core@7.28.5_react-dom@19.2.1_react@19.2.1__react@19.2.1/node_modules/next/dist/server/next-server.js:750:9)
    at async NextNodeServer.handleCatchallRenderRequest (/Users/galangkeda/Documents/EPadi/esepasi/node_modules/.pnpm/next@16.0.8_@babel+core@7.28.5_react-dom@19.2.1_react@19.2.1__react@19.2.1/node_modules/next/dist/server/next-server.js:391:37)
    at async DevServer.handleRequestImpl (/Users/galangkeda/Documents/EPadi/esepasi/node_modules/.pnpm/next@16.0.8_@babel+core@7.28.5_react-dom@19.2.1_react@19.2.1__react@19.2.1/node_modules/next/dist/server/base-server.js:912:17)
    at async /Users/galangkeda/Documents/EPadi/esepasi/node_modules/.pnpm/next@16.0.8_@babel+core@7.28.5_react-dom@19.2.1_react@19.2.1__react@19.2.1/node_modules/next/dist/server/dev/next-dev-server.js:382:20
    at async Span.traceAsyncFn (/Users/galangkeda/Documents/EPadi/esepasi/node_modules/.pnpm/next@16.0.8_@babel+core@7.28.5_react-dom@19.2.1_react@19.2.1__react@19.2.1/node_modules/next/dist/trace/trace.js:157:20)
    at async DevServer.handleRequest (/Users/galangkeda/Documents/EPadi/esepasi/node_modules/.pnpm/next@16.0.8_@babel+core@7.28.5_react-dom@19.2.1_react@19.2.1__react@19.2.1/node_modules/next/dist/server/dev/next-dev-server.js:378:24)
    at async invokeRender (/Users/galangkeda/Documents/EPadi/esepasi/node_modules/.pnpm/next@16.0.8_@babel+core@7.28.5_react-dom@19.2.1_react@19.2.1__react@19.2.1/node_modules/next/dist/server/lib/router-server.js:240:21)
    at async handleRequest (/Users/galangkeda/Documents/EPadi/esepasi/node_modules/.pnpm/next@16.0.8_@babel+core@7.28.5_react-dom@19.2.1_react@19.2.1__react@19.2.1/node_modules/next/dist/server/lib/router-server.js:436:24)
    at async requestHandlerImpl (/Users/galangkeda/Documents/EPadi/esepasi/node_modules/.pnpm/next@16.0.8_@babel+core@7.28.5_react-dom@19.2.1_react@19.2.1__react@19.2.1/node_modules/next/dist/server/lib/router-server.js:484:13)
    at async Server.requestListener (/Users/galangkeda/Documents/EPadi/esepasi/node_modules/.pnpm/next@16.0.8_@babel+core@7.28.5_react-dom@19.2.1_react@19.2.1__react@19.2.1/node_modules/next/dist/server/lib/start-server.js:226:13)
[2025-12-13 07:36:38.250] [ERROR] [599fdd20-e32b-450f-96ba-4f2a512950f3] Error: duplicate key value violates unique constraint "schools_code_key"
[2025-12-13 07:36:38.250] [ERROR] [599fdd20-e32b-450f-96ba-4f2a512950f3] error: duplicate key value violates unique constraint "schools_code_key"
    at /Users/galangkeda/Documents/EPadi/esepasi/node_modules/.pnpm/pg@8.16.3/node_modules/pg/lib/client.js:545:17
    at process.processTicksAndRejections (node:internal/process/task_queues:105:5)
    at async PostgresConnection.executeQuery (file:///Users/galangkeda/Documents/EPadi/esepasi/node_modules/.pnpm/kysely@0.28.8/node_modules/kysely/dist/esm/dialect/postgres/postgres-driver.js:90:49)
    at async file:///Users/galangkeda/Documents/EPadi/esepasi/node_modules/.pnpm/kysely@0.28.8/node_modules/kysely/dist/esm/query-executor/query-executor-base.js:35:28
    at async DefaultConnectionProvider.provideConnection (file:///Users/galangkeda/Documents/EPadi/esepasi/node_modules/.pnpm/kysely@0.28.8/node_modules/kysely/dist/esm/driver/default-connection-provider.js:10:20)
    at async DefaultQueryExecutor.executeQuery (file:///Users/galangkeda/Documents/EPadi/esepasi/node_modules/.pnpm/kysely@0.28.8/node_modules/kysely/dist/esm/query-executor/query-executor-base.js:34:16)
    at async UpdateQueryBuilder.execute (file:///Users/galangkeda/Documents/EPadi/esepasi/node_modules/.pnpm/kysely@0.28.8/node_modules/kysely/dist/esm/query-builder/update-query-builder.js:459:24)
    at async SchoolService.updateSchool (/Users/galangkeda/Documents/EPadi/esepasi/.next/dev/server/chunks/[root-of-the-server]__a21b4811._.js:495:9)
    at async /Users/galangkeda/Documents/EPadi/esepasi/.next/dev/server/chunks/[root-of-the-server]__a21b4811._.js:560:9
    at async /Users/galangkeda/Documents/EPadi/esepasi/.next/dev/server/chunks/[root-of-the-server]__a21b4811._.js:245:13
    at async apiResolver (/Users/galangkeda/Documents/EPadi/esepasi/node_modules/.pnpm/next@16.0.8_@babel+core@7.28.5_react-dom@19.2.1_react@19.2.1__react@19.2.1/node_modules/next/dist/compiled/next-server/pages-api-turbo.runtime.dev.js:2:4425)
    at async PagesAPIRouteModule.render (/Users/galangkeda/Documents/EPadi/esepasi/node_modules/.pnpm/next@16.0.8_@babel+core@7.28.5_react-dom@19.2.1_react@19.2.1__react@19.2.1/node_modules/next/dist/compiled/next-server/pages-api-turbo.runtime.dev.js:2:5955)
    at async Module.handler (/Users/galangkeda/Documents/EPadi/esepasi/.next/dev/server/chunks/718e3_next_dist_3a29631a._.js:2935:13)
    at async DevServer.runApi (/Users/galangkeda/Documents/EPadi/esepasi/node_modules/.pnpm/next@16.0.8_@babel+core@7.28.5_react-dom@19.2.1_react@19.2.1__react@19.2.1/node_modules/next/dist/server/next-server.js:750:9)
    at async NextNodeServer.handleCatchallRenderRequest (/Users/galangkeda/Documents/EPadi/esepasi/node_modules/.pnpm/next@16.0.8_@babel+core@7.28.5_react-dom@19.2.1_react@19.2.1__react@19.2.1/node_modules/next/dist/server/next-server.js:391:37)
    at async DevServer.handleRequestImpl (/Users/galangkeda/Documents/EPadi/esepasi/node_modules/.pnpm/next@16.0.8_@babel+core@7.28.5_react-dom@19.2.1_react@19.2.1__react@19.2.1/node_modules/next/dist/server/base-server.js:912:17)
    at async /Users/galangkeda/Documents/EPadi/esepasi/node_modules/.pnpm/next@16.0.8_@babel+core@7.28.5_react-dom@19.2.1_react@19.2.1__react@19.2.1/node_modules/next/dist/server/dev/next-dev-server.js:382:20
    at async Span.traceAsyncFn (/Users/galangkeda/Documents/EPadi/esepasi/node_modules/.pnpm/next@16.0.8_@babel+core@7.28.5_react-dom@19.2.1_react@19.2.1__react@19.2.1/node_modules/next/dist/trace/trace.js:157:20)
    at async DevServer.handleRequest (/Users/galangkeda/Documents/EPadi/esepasi/node_modules/.pnpm/next@16.0.8_@babel+core@7.28.5_react-dom@19.2.1_react@19.2.1__react@19.2.1/node_modules/next/dist/server/dev/next-dev-server.js:378:24)
    at async invokeRender (/Users/galangkeda/Documents/EPadi/esepasi/node_modules/.pnpm/next@16.0.8_@babel+core@7.28.5_react-dom@19.2.1_react@19.2.1__react@19.2.1/node_modules/next/dist/server/lib/router-server.js:240:21)
    at async handleRequest (/Users/galangkeda/Documents/EPadi/esepasi/node_modules/.pnpm/next@16.0.8_@babel+core@7.28.5_react-dom@19.2.1_react@19.2.1__react@19.2.1/node_modules/next/dist/server/lib/router-server.js:436:24)
    at async requestHandlerImpl (/Users/galangkeda/Documents/EPadi/esepasi/node_modules/.pnpm/next@16.0.8_@babel+core@7.28.5_react-dom@19.2.1_react@19.2.1__react@19.2.1/node_modules/next/dist/server/lib/router-server.js:484:13)
    at async Server.requestListener (/Users/galangkeda/Documents/EPadi/esepasi/node_modules/.pnpm/next@16.0.8_@babel+core@7.28.5_react-dom@19.2.1_react@19.2.1__react@19.2.1/node_modules/next/dist/server/lib/start-server.js:226:13)
    at PostgresConnection.executeQuery (file:///Users/galangkeda/Documents/EPadi/esepasi/node_modules/.pnpm/kysely@0.28.8/node_modules/kysely/dist/esm/dialect/postgres/postgres-driver.js:102:41)
    at process.processTicksAndRejections (node:internal/process/task_queues:105:5)
    at async file:///Users/galangkeda/Documents/EPadi/esepasi/node_modules/.pnpm/kysely@0.28.8/node_modules/kysely/dist/esm/query-executor/query-executor-base.js:35:28
    at async DefaultConnectionProvider.provideConnection (file:///Users/galangkeda/Documents/EPadi/esepasi/node_modules/.pnpm/kysely@0.28.8/node_modules/kysely/dist/esm/driver/default-connection-provider.js:10:20)
    at async DefaultQueryExecutor.executeQuery (file:///Users/galangkeda/Documents/EPadi/esepasi/node_modules/.pnpm/kysely@0.28.8/node_modules/kysely/dist/esm/query-executor/query-executor-base.js:34:16)
    at async UpdateQueryBuilder.execute (file:///Users/galangkeda/Documents/EPadi/esepasi/node_modules/.pnpm/kysely@0.28.8/node_modules/kysely/dist/esm/query-builder/update-query-builder.js:459:24)
    at async SchoolService.updateSchool (/Users/galangkeda/Documents/EPadi/esepasi/.next/dev/server/chunks/[root-of-the-server]__a21b4811._.js:495:9)
    at async /Users/galangkeda/Documents/EPadi/esepasi/.next/dev/server/chunks/[root-of-the-server]__a21b4811._.js:560:9
    at async /Users/galangkeda/Documents/EPadi/esepasi/.next/dev/server/chunks/[root-of-the-server]__a21b4811._.js:245:13
    at async apiResolver (/Users/galangkeda/Documents/EPadi/esepasi/node_modules/.pnpm/next@16.0.8_@babel+core@7.28.5_react-dom@19.2.1_react@19.2.1__react@19.2.1/node_modules/next/dist/compiled/next-server/pages-api-turbo.runtime.dev.js:2:4425)
    at async PagesAPIRouteModule.render (/Users/galangkeda/Documents/EPadi/esepasi/node_modules/.pnpm/next@16.0.8_@babel+core@7.28.5_react-dom@19.2.1_react@19.2.1__react@19.2.1/node_modules/next/dist/compiled/next-server/pages-api-turbo.runtime.dev.js:2:5955)
    at async Module.handler (/Users/galangkeda/Documents/EPadi/esepasi/.next/dev/server/chunks/718e3_next_dist_3a29631a._.js:2935:13)
    at async DevServer.runApi (/Users/galangkeda/Documents/EPadi/esepasi/node_modules/.pnpm/next@16.0.8_@babel+core@7.28.5_react-dom@19.2.1_react@19.2.1__react@19.2.1/node_modules/next/dist/server/next-server.js:750:9)
    at async NextNodeServer.handleCatchallRenderRequest (/Users/galangkeda/Documents/EPadi/esepasi/node_modules/.pnpm/next@16.0.8_@babel+core@7.28.5_react-dom@19.2.1_react@19.2.1__react@19.2.1/node_modules/next/dist/server/next-server.js:391:37)
    at async DevServer.handleRequestImpl (/Users/galangkeda/Documents/EPadi/esepasi/node_modules/.pnpm/next@16.0.8_@babel+core@7.28.5_react-dom@19.2.1_react@19.2.1__react@19.2.1/node_modules/next/dist/server/base-server.js:912:17)
    at async /Users/galangkeda/Documents/EPadi/esepasi/node_modules/.pnpm/next@16.0.8_@babel+core@7.28.5_react-dom@19.2.1_react@19.2.1__react@19.2.1/node_modules/next/dist/server/dev/next-dev-server.js:382:20
    at async Span.traceAsyncFn (/Users/galangkeda/Documents/EPadi/esepasi/node_modules/.pnpm/next@16.0.8_@babel+core@7.28.5_react-dom@19.2.1_react@19.2.1__react@19.2.1/node_modules/next/dist/trace/trace.js:157:20)
    at async DevServer.handleRequest (/Users/galangkeda/Documents/EPadi/esepasi/node_modules/.pnpm/next@16.0.8_@babel+core@7.28.5_react-dom@19.2.1_react@19.2.1__react@19.2.1/node_modules/next/dist/server/dev/next-dev-server.js:378:24)
    at async invokeRender (/Users/galangkeda/Documents/EPadi/esepasi/node_modules/.pnpm/next@16.0.8_@babel+core@7.28.5_react-dom@19.2.1_react@19.2.1__react@19.2.1/node_modules/next/dist/server/lib/router-server.js:240:21)
    at async handleRequest (/Users/galangkeda/Documents/EPadi/esepasi/node_modules/.pnpm/next@16.0.8_@babel+core@7.28.5_react-dom@19.2.1_react@19.2.1__react@19.2.1/node_modules/next/dist/server/lib/router-server.js:436:24)
    at async requestHandlerImpl (/Users/galangkeda/Documents/EPadi/esepasi/node_modules/.pnpm/next@16.0.8_@babel+core@7.28.5_react-dom@19.2.1_react@19.2.1__react@19.2.1/node_modules/next/dist/server/lib/router-server.js:484:13)
    at async Server.requestListener (/Users/galangkeda/Documents/EPadi/esepasi/node_modules/.pnpm/next@16.0.8_@babel+core@7.28.5_react-dom@19.2.1_react@19.2.1__react@19.2.1/node_modules/next/dist/server/lib/start-server.js:226:13)
[2025-12-13 07:37:23.199] [ERROR] [a6382a3a-c8e3-4f47-9f7d-66b6d03c1474] Error: duplicate key value violates unique constraint "schools_code_key"
[2025-12-13 07:37:23.200] [ERROR] [a6382a3a-c8e3-4f47-9f7d-66b6d03c1474] error: duplicate key value violates unique constraint "schools_code_key"
    at /Users/galangkeda/Documents/EPadi/esepasi/node_modules/.pnpm/pg@8.16.3/node_modules/pg/lib/client.js:545:17
    at process.processTicksAndRejections (node:internal/process/task_queues:105:5)
    at async PostgresConnection.executeQuery (file:///Users/galangkeda/Documents/EPadi/esepasi/node_modules/.pnpm/kysely@0.28.8/node_modules/kysely/dist/esm/dialect/postgres/postgres-driver.js:90:49)
    at async file:///Users/galangkeda/Documents/EPadi/esepasi/node_modules/.pnpm/kysely@0.28.8/node_modules/kysely/dist/esm/query-executor/query-executor-base.js:35:28
    at async DefaultConnectionProvider.provideConnection (file:///Users/galangkeda/Documents/EPadi/esepasi/node_modules/.pnpm/kysely@0.28.8/node_modules/kysely/dist/esm/driver/default-connection-provider.js:10:20)
    at async DefaultQueryExecutor.executeQuery (file:///Users/galangkeda/Documents/EPadi/esepasi/node_modules/.pnpm/kysely@0.28.8/node_modules/kysely/dist/esm/query-executor/query-executor-base.js:34:16)
    at async UpdateQueryBuilder.execute (file:///Users/galangkeda/Documents/EPadi/esepasi/node_modules/.pnpm/kysely@0.28.8/node_modules/kysely/dist/esm/query-builder/update-query-builder.js:459:24)
    at async SchoolService.updateSchool (/Users/galangkeda/Documents/EPadi/esepasi/.next/dev/server/chunks/[root-of-the-server]__a21b4811._.js:495:9)
    at async /Users/galangkeda/Documents/EPadi/esepasi/.next/dev/server/chunks/[root-of-the-server]__a21b4811._.js:560:9
    at async /Users/galangkeda/Documents/EPadi/esepasi/.next/dev/server/chunks/[root-of-the-server]__a21b4811._.js:245:13
    at async apiResolver (/Users/galangkeda/Documents/EPadi/esepasi/node_modules/.pnpm/next@16.0.8_@babel+core@7.28.5_react-dom@19.2.1_react@19.2.1__react@19.2.1/node_modules/next/dist/compiled/next-server/pages-api-turbo.runtime.dev.js:2:4425)
    at async PagesAPIRouteModule.render (/Users/galangkeda/Documents/EPadi/esepasi/node_modules/.pnpm/next@16.0.8_@babel+core@7.28.5_react-dom@19.2.1_react@19.2.1__react@19.2.1/node_modules/next/dist/compiled/next-server/pages-api-turbo.runtime.dev.js:2:5955)
    at async Module.handler (/Users/galangkeda/Documents/EPadi/esepasi/.next/dev/server/chunks/718e3_next_dist_3a29631a._.js:2935:13)
    at async DevServer.runApi (/Users/galangkeda/Documents/EPadi/esepasi/node_modules/.pnpm/next@16.0.8_@babel+core@7.28.5_react-dom@19.2.1_react@19.2.1__react@19.2.1/node_modules/next/dist/server/next-server.js:750:9)
    at async NextNodeServer.handleCatchallRenderRequest (/Users/galangkeda/Documents/EPadi/esepasi/node_modules/.pnpm/next@16.0.8_@babel+core@7.28.5_react-dom@19.2.1_react@19.2.1__react@19.2.1/node_modules/next/dist/server/next-server.js:391:37)
    at async DevServer.handleRequestImpl (/Users/galangkeda/Documents/EPadi/esepasi/node_modules/.pnpm/next@16.0.8_@babel+core@7.28.5_react-dom@19.2.1_react@19.2.1__react@19.2.1/node_modules/next/dist/server/base-server.js:912:17)
    at async /Users/galangkeda/Documents/EPadi/esepasi/node_modules/.pnpm/next@16.0.8_@babel+core@7.28.5_react-dom@19.2.1_react@19.2.1__react@19.2.1/node_modules/next/dist/server/dev/next-dev-server.js:382:20
    at async Span.traceAsyncFn (/Users/galangkeda/Documents/EPadi/esepasi/node_modules/.pnpm/next@16.0.8_@babel+core@7.28.5_react-dom@19.2.1_react@19.2.1__react@19.2.1/node_modules/next/dist/trace/trace.js:157:20)
    at async DevServer.handleRequest (/Users/galangkeda/Documents/EPadi/esepasi/node_modules/.pnpm/next@16.0.8_@babel+core@7.28.5_react-dom@19.2.1_react@19.2.1__react@19.2.1/node_modules/next/dist/server/dev/next-dev-server.js:378:24)
    at async invokeRender (/Users/galangkeda/Documents/EPadi/esepasi/node_modules/.pnpm/next@16.0.8_@babel+core@7.28.5_react-dom@19.2.1_react@19.2.1__react@19.2.1/node_modules/next/dist/server/lib/router-server.js:240:21)
    at async handleRequest (/Users/galangkeda/Documents/EPadi/esepasi/node_modules/.pnpm/next@16.0.8_@babel+core@7.28.5_react-dom@19.2.1_react@19.2.1__react@19.2.1/node_modules/next/dist/server/lib/router-server.js:436:24)
    at async requestHandlerImpl (/Users/galangkeda/Documents/EPadi/esepasi/node_modules/.pnpm/next@16.0.8_@babel+core@7.28.5_react-dom@19.2.1_react@19.2.1__react@19.2.1/node_modules/next/dist/server/lib/router-server.js:484:13)
    at async Server.requestListener (/Users/galangkeda/Documents/EPadi/esepasi/node_modules/.pnpm/next@16.0.8_@babel+core@7.28.5_react-dom@19.2.1_react@19.2.1__react@19.2.1/node_modules/next/dist/server/lib/start-server.js:226:13)
    at PostgresConnection.executeQuery (file:///Users/galangkeda/Documents/EPadi/esepasi/node_modules/.pnpm/kysely@0.28.8/node_modules/kysely/dist/esm/dialect/postgres/postgres-driver.js:102:41)
    at process.processTicksAndRejections (node:internal/process/task_queues:105:5)
    at async file:///Users/galangkeda/Documents/EPadi/esepasi/node_modules/.pnpm/kysely@0.28.8/node_modules/kysely/dist/esm/query-executor/query-executor-base.js:35:28
    at async DefaultConnectionProvider.provideConnection (file:///Users/galangkeda/Documents/EPadi/esepasi/node_modules/.pnpm/kysely@0.28.8/node_modules/kysely/dist/esm/driver/default-connection-provider.js:10:20)
    at async DefaultQueryExecutor.executeQuery (file:///Users/galangkeda/Documents/EPadi/esepasi/node_modules/.pnpm/kysely@0.28.8/node_modules/kysely/dist/esm/query-executor/query-executor-base.js:34:16)
    at async UpdateQueryBuilder.execute (file:///Users/galangkeda/Documents/EPadi/esepasi/node_modules/.pnpm/kysely@0.28.8/node_modules/kysely/dist/esm/query-builder/update-query-builder.js:459:24)
    at async SchoolService.updateSchool (/Users/galangkeda/Documents/EPadi/esepasi/.next/dev/server/chunks/[root-of-the-server]__a21b4811._.js:495:9)
    at async /Users/galangkeda/Documents/EPadi/esepasi/.next/dev/server/chunks/[root-of-the-server]__a21b4811._.js:560:9
    at async /Users/galangkeda/Documents/EPadi/esepasi/.next/dev/server/chunks/[root-of-the-server]__a21b4811._.js:245:13
    at async apiResolver (/Users/galangkeda/Documents/EPadi/esepasi/node_modules/.pnpm/next@16.0.8_@babel+core@7.28.5_react-dom@19.2.1_react@19.2.1__react@19.2.1/node_modules/next/dist/compiled/next-server/pages-api-turbo.runtime.dev.js:2:4425)
    at async PagesAPIRouteModule.render (/Users/galangkeda/Documents/EPadi/esepasi/node_modules/.pnpm/next@16.0.8_@babel+core@7.28.5_react-dom@19.2.1_react@19.2.1__react@19.2.1/node_modules/next/dist/compiled/next-server/pages-api-turbo.runtime.dev.js:2:5955)
    at async Module.handler (/Users/galangkeda/Documents/EPadi/esepasi/.next/dev/server/chunks/718e3_next_dist_3a29631a._.js:2935:13)
    at async DevServer.runApi (/Users/galangkeda/Documents/EPadi/esepasi/node_modules/.pnpm/next@16.0.8_@babel+core@7.28.5_react-dom@19.2.1_react@19.2.1__react@19.2.1/node_modules/next/dist/server/next-server.js:750:9)
    at async NextNodeServer.handleCatchallRenderRequest (/Users/galangkeda/Documents/EPadi/esepasi/node_modules/.pnpm/next@16.0.8_@babel+core@7.28.5_react-dom@19.2.1_react@19.2.1__react@19.2.1/node_modules/next/dist/server/next-server.js:391:37)
    at async DevServer.handleRequestImpl (/Users/galangkeda/Documents/EPadi/esepasi/node_modules/.pnpm/next@16.0.8_@babel+core@7.28.5_react-dom@19.2.1_react@19.2.1__react@19.2.1/node_modules/next/dist/server/base-server.js:912:17)
    at async /Users/galangkeda/Documents/EPadi/esepasi/node_modules/.pnpm/next@16.0.8_@babel+core@7.28.5_react-dom@19.2.1_react@19.2.1__react@19.2.1/node_modules/next/dist/server/dev/next-dev-server.js:382:20
    at async Span.traceAsyncFn (/Users/galangkeda/Documents/EPadi/esepasi/node_modules/.pnpm/next@16.0.8_@babel+core@7.28.5_react-dom@19.2.1_react@19.2.1__react@19.2.1/node_modules/next/dist/trace/trace.js:157:20)
    at async DevServer.handleRequest (/Users/galangkeda/Documents/EPadi/esepasi/node_modules/.pnpm/next@16.0.8_@babel+core@7.28.5_react-dom@19.2.1_react@19.2.1__react@19.2.1/node_modules/next/dist/server/dev/next-dev-server.js:378:24)
    at async invokeRender (/Users/galangkeda/Documents/EPadi/esepasi/node_modules/.pnpm/next@16.0.8_@babel+core@7.28.5_react-dom@19.2.1_react@19.2.1__react@19.2.1/node_modules/next/dist/server/lib/router-server.js:240:21)
    at async handleRequest (/Users/galangkeda/Documents/EPadi/esepasi/node_modules/.pnpm/next@16.0.8_@babel+core@7.28.5_react-dom@19.2.1_react@19.2.1__react@19.2.1/node_modules/next/dist/server/lib/router-server.js:436:24)
    at async requestHandlerImpl (/Users/galangkeda/Documents/EPadi/esepasi/node_modules/.pnpm/next@16.0.8_@babel+core@7.28.5_react-dom@19.2.1_react@19.2.1__react@19.2.1/node_modules/next/dist/server/lib/router-server.js:484:13)
    at async Server.requestListener (/Users/galangkeda/Documents/EPadi/esepasi/node_modules/.pnpm/next@16.0.8_@babel+core@7.28.5_react-dom@19.2.1_react@19.2.1__react@19.2.1/node_modules/next/dist/server/lib/start-server.js:226:13)
[2025-12-13 07:37:51.119] [ERROR] [042f9584-3a3d-4b57-b567-883a6fedddbe] Error: duplicate key value violates unique constraint "schools_code_key"
[2025-12-13 07:37:51.119] [ERROR] [042f9584-3a3d-4b57-b567-883a6fedddbe] error: duplicate key value violates unique constraint "schools_code_key"
    at /Users/galangkeda/Documents/EPadi/esepasi/node_modules/.pnpm/pg@8.16.3/node_modules/pg/lib/client.js:545:17
    at process.processTicksAndRejections (node:internal/process/task_queues:105:5)
    at async PostgresConnection.executeQuery (file:///Users/galangkeda/Documents/EPadi/esepasi/node_modules/.pnpm/kysely@0.28.8/node_modules/kysely/dist/esm/dialect/postgres/postgres-driver.js:90:49)
    at async file:///Users/galangkeda/Documents/EPadi/esepasi/node_modules/.pnpm/kysely@0.28.8/node_modules/kysely/dist/esm/query-executor/query-executor-base.js:35:28
    at async DefaultConnectionProvider.provideConnection (file:///Users/galangkeda/Documents/EPadi/esepasi/node_modules/.pnpm/kysely@0.28.8/node_modules/kysely/dist/esm/driver/default-connection-provider.js:10:20)
    at async DefaultQueryExecutor.executeQuery (file:///Users/galangkeda/Documents/EPadi/esepasi/node_modules/.pnpm/kysely@0.28.8/node_modules/kysely/dist/esm/query-executor/query-executor-base.js:34:16)
    at async UpdateQueryBuilder.execute (file:///Users/galangkeda/Documents/EPadi/esepasi/node_modules/.pnpm/kysely@0.28.8/node_modules/kysely/dist/esm/query-builder/update-query-builder.js:459:24)
    at async SchoolService.updateSchool (/Users/galangkeda/Documents/EPadi/esepasi/.next/dev/server/chunks/[root-of-the-server]__a21b4811._.js:495:9)
    at async /Users/galangkeda/Documents/EPadi/esepasi/.next/dev/server/chunks/[root-of-the-server]__a21b4811._.js:560:9
    at async /Users/galangkeda/Documents/EPadi/esepasi/.next/dev/server/chunks/[root-of-the-server]__a21b4811._.js:245:13
    at async apiResolver (/Users/galangkeda/Documents/EPadi/esepasi/node_modules/.pnpm/next@16.0.8_@babel+core@7.28.5_react-dom@19.2.1_react@19.2.1__react@19.2.1/node_modules/next/dist/compiled/next-server/pages-api-turbo.runtime.dev.js:2:4425)
    at async PagesAPIRouteModule.render (/Users/galangkeda/Documents/EPadi/esepasi/node_modules/.pnpm/next@16.0.8_@babel+core@7.28.5_react-dom@19.2.1_react@19.2.1__react@19.2.1/node_modules/next/dist/compiled/next-server/pages-api-turbo.runtime.dev.js:2:5955)
    at async Module.handler (/Users/galangkeda/Documents/EPadi/esepasi/.next/dev/server/chunks/718e3_next_dist_3a29631a._.js:2935:13)
    at async DevServer.runApi (/Users/galangkeda/Documents/EPadi/esepasi/node_modules/.pnpm/next@16.0.8_@babel+core@7.28.5_react-dom@19.2.1_react@19.2.1__react@19.2.1/node_modules/next/dist/server/next-server.js:750:9)
    at async NextNodeServer.handleCatchallRenderRequest (/Users/galangkeda/Documents/EPadi/esepasi/node_modules/.pnpm/next@16.0.8_@babel+core@7.28.5_react-dom@19.2.1_react@19.2.1__react@19.2.1/node_modules/next/dist/server/next-server.js:391:37)
    at async DevServer.handleRequestImpl (/Users/galangkeda/Documents/EPadi/esepasi/node_modules/.pnpm/next@16.0.8_@babel+core@7.28.5_react-dom@19.2.1_react@19.2.1__react@19.2.1/node_modules/next/dist/server/base-server.js:912:17)
    at async /Users/galangkeda/Documents/EPadi/esepasi/node_modules/.pnpm/next@16.0.8_@babel+core@7.28.5_react-dom@19.2.1_react@19.2.1__react@19.2.1/node_modules/next/dist/server/dev/next-dev-server.js:382:20
    at async Span.traceAsyncFn (/Users/galangkeda/Documents/EPadi/esepasi/node_modules/.pnpm/next@16.0.8_@babel+core@7.28.5_react-dom@19.2.1_react@19.2.1__react@19.2.1/node_modules/next/dist/trace/trace.js:157:20)
    at async DevServer.handleRequest (/Users/galangkeda/Documents/EPadi/esepasi/node_modules/.pnpm/next@16.0.8_@babel+core@7.28.5_react-dom@19.2.1_react@19.2.1__react@19.2.1/node_modules/next/dist/server/dev/next-dev-server.js:378:24)
    at async invokeRender (/Users/galangkeda/Documents/EPadi/esepasi/node_modules/.pnpm/next@16.0.8_@babel+core@7.28.5_react-dom@19.2.1_react@19.2.1__react@19.2.1/node_modules/next/dist/server/lib/router-server.js:240:21)
    at async handleRequest (/Users/galangkeda/Documents/EPadi/esepasi/node_modules/.pnpm/next@16.0.8_@babel+core@7.28.5_react-dom@19.2.1_react@19.2.1__react@19.2.1/node_modules/next/dist/server/lib/router-server.js:436:24)
    at async requestHandlerImpl (/Users/galangkeda/Documents/EPadi/esepasi/node_modules/.pnpm/next@16.0.8_@babel+core@7.28.5_react-dom@19.2.1_react@19.2.1__react@19.2.1/node_modules/next/dist/server/lib/router-server.js:484:13)
    at async Server.requestListener (/Users/galangkeda/Documents/EPadi/esepasi/node_modules/.pnpm/next@16.0.8_@babel+core@7.28.5_react-dom@19.2.1_react@19.2.1__react@19.2.1/node_modules/next/dist/server/lib/start-server.js:226:13)
    at PostgresConnection.executeQuery (file:///Users/galangkeda/Documents/EPadi/esepasi/node_modules/.pnpm/kysely@0.28.8/node_modules/kysely/dist/esm/dialect/postgres/postgres-driver.js:102:41)
    at process.processTicksAndRejections (node:internal/process/task_queues:105:5)
    at async file:///Users/galangkeda/Documents/EPadi/esepasi/node_modules/.pnpm/kysely@0.28.8/node_modules/kysely/dist/esm/query-executor/query-executor-base.js:35:28
    at async DefaultConnectionProvider.provideConnection (file:///Users/galangkeda/Documents/EPadi/esepasi/node_modules/.pnpm/kysely@0.28.8/node_modules/kysely/dist/esm/driver/default-connection-provider.js:10:20)
    at async DefaultQueryExecutor.executeQuery (file:///Users/galangkeda/Documents/EPadi/esepasi/node_modules/.pnpm/kysely@0.28.8/node_modules/kysely/dist/esm/query-executor/query-executor-base.js:34:16)
    at async UpdateQueryBuilder.execute (file:///Users/galangkeda/Documents/EPadi/esepasi/node_modules/.pnpm/kysely@0.28.8/node_modules/kysely/dist/esm/query-builder/update-query-builder.js:459:24)
    at async SchoolService.updateSchool (/Users/galangkeda/Documents/EPadi/esepasi/.next/dev/server/chunks/[root-of-the-server]__a21b4811._.js:495:9)
    at async /Users/galangkeda/Documents/EPadi/esepasi/.next/dev/server/chunks/[root-of-the-server]__a21b4811._.js:560:9
    at async /Users/galangkeda/Documents/EPadi/esepasi/.next/dev/server/chunks/[root-of-the-server]__a21b4811._.js:245:13
    at async apiResolver (/Users/galangkeda/Documents/EPadi/esepasi/node_modules/.pnpm/next@16.0.8_@babel+core@7.28.5_react-dom@19.2.1_react@19.2.1__react@19.2.1/node_modules/next/dist/compiled/next-server/pages-api-turbo.runtime.dev.js:2:4425)
    at async PagesAPIRouteModule.render (/Users/galangkeda/Documents/EPadi/esepasi/node_modules/.pnpm/next@16.0.8_@babel+core@7.28.5_react-dom@19.2.1_react@19.2.1__react@19.2.1/node_modules/next/dist/compiled/next-server/pages-api-turbo.runtime.dev.js:2:5955)
    at async Module.handler (/Users/galangkeda/Documents/EPadi/esepasi/.next/dev/server/chunks/718e3_next_dist_3a29631a._.js:2935:13)
    at async DevServer.runApi (/Users/galangkeda/Documents/EPadi/esepasi/node_modules/.pnpm/next@16.0.8_@babel+core@7.28.5_react-dom@19.2.1_react@19.2.1__react@19.2.1/node_modules/next/dist/server/next-server.js:750:9)
    at async NextNodeServer.handleCatchallRenderRequest (/Users/galangkeda/Documents/EPadi/esepasi/node_modules/.pnpm/next@16.0.8_@babel+core@7.28.5_react-dom@19.2.1_react@19.2.1__react@19.2.1/node_modules/next/dist/server/next-server.js:391:37)
    at async DevServer.handleRequestImpl (/Users/galangkeda/Documents/EPadi/esepasi/node_modules/.pnpm/next@16.0.8_@babel+core@7.28.5_react-dom@19.2.1_react@19.2.1__react@19.2.1/node_modules/next/dist/server/base-server.js:912:17)
    at async /Users/galangkeda/Documents/EPadi/esepasi/node_modules/.pnpm/next@16.0.8_@babel+core@7.28.5_react-dom@19.2.1_react@19.2.1__react@19.2.1/node_modules/next/dist/server/dev/next-dev-server.js:382:20
    at async Span.traceAsyncFn (/Users/galangkeda/Documents/EPadi/esepasi/node_modules/.pnpm/next@16.0.8_@babel+core@7.28.5_react-dom@19.2.1_react@19.2.1__react@19.2.1/node_modules/next/dist/trace/trace.js:157:20)
    at async DevServer.handleRequest (/Users/galangkeda/Documents/EPadi/esepasi/node_modules/.pnpm/next@16.0.8_@babel+core@7.28.5_react-dom@19.2.1_react@19.2.1__react@19.2.1/node_modules/next/dist/server/dev/next-dev-server.js:378:24)
    at async invokeRender (/Users/galangkeda/Documents/EPadi/esepasi/node_modules/.pnpm/next@16.0.8_@babel+core@7.28.5_react-dom@19.2.1_react@19.2.1__react@19.2.1/node_modules/next/dist/server/lib/router-server.js:240:21)
    at async handleRequest (/Users/galangkeda/Documents/EPadi/esepasi/node_modules/.pnpm/next@16.0.8_@babel+core@7.28.5_react-dom@19.2.1_react@19.2.1__react@19.2.1/node_modules/next/dist/server/lib/router-server.js:436:24)
    at async requestHandlerImpl (/Users/galangkeda/Documents/EPadi/esepasi/node_modules/.pnpm/next@16.0.8_@babel+core@7.28.5_react-dom@19.2.1_react@19.2.1__react@19.2.1/node_modules/next/dist/server/lib/router-server.js:484:13)
    at async Server.requestListener (/Users/galangkeda/Documents/EPadi/esepasi/node_modules/.pnpm/next@16.0.8_@babel+core@7.28.5_react-dom@19.2.1_react@19.2.1__react@19.2.1/node_modules/next/dist/server/lib/start-server.js:226:13)
[2025-12-13 08:05:08.435] [ERROR] [d106fcde-2c08-4921-9882-f7d222fc3a3f] Error: Email atau password salah
[2025-12-13 08:05:08.436] [ERROR] [d106fcde-2c08-4921-9882-f7d222fc3a3f] UnauthorizedError: Email atau password salah
    at AuthService.login (/Users/galangkeda/Documents/EPadi/esepasi/.next/dev/server/chunks/[root-of-the-server]__11d6d2b1._.js:628:19)
    at process.processTicksAndRejections (node:internal/process/task_queues:105:5)
    at async /Users/galangkeda/Documents/EPadi/esepasi/.next/dev/server/chunks/[root-of-the-server]__11d6d2b1._.js:709:20
    at async /Users/galangkeda/Documents/EPadi/esepasi/.next/dev/server/chunks/[root-of-the-server]__a21b4811._.js:245:13
    at async apiResolver (/Users/galangkeda/Documents/EPadi/esepasi/node_modules/.pnpm/next@16.0.8_@babel+core@7.28.5_react-dom@19.2.1_react@19.2.1__react@19.2.1/node_modules/next/dist/compiled/next-server/pages-api-turbo.runtime.dev.js:2:4425)
    at async PagesAPIRouteModule.render (/Users/galangkeda/Documents/EPadi/esepasi/node_modules/.pnpm/next@16.0.8_@babel+core@7.28.5_react-dom@19.2.1_react@19.2.1__react@19.2.1/node_modules/next/dist/compiled/next-server/pages-api-turbo.runtime.dev.js:2:5955)
    at async Module.handler (/Users/galangkeda/Documents/EPadi/esepasi/.next/dev/server/chunks/718e3_next_dist_4d75f5da._.js:2935:13)
    at async DevServer.runApi (/Users/galangkeda/Documents/EPadi/esepasi/node_modules/.pnpm/next@16.0.8_@babel+core@7.28.5_react-dom@19.2.1_react@19.2.1__react@19.2.1/node_modules/next/dist/server/next-server.js:750:9)
    at async NextNodeServer.handleCatchallRenderRequest (/Users/galangkeda/Documents/EPadi/esepasi/node_modules/.pnpm/next@16.0.8_@babel+core@7.28.5_react-dom@19.2.1_react@19.2.1__react@19.2.1/node_modules/next/dist/server/next-server.js:391:37)
    at async DevServer.handleRequestImpl (/Users/galangkeda/Documents/EPadi/esepasi/node_modules/.pnpm/next@16.0.8_@babel+core@7.28.5_react-dom@19.2.1_react@19.2.1__react@19.2.1/node_modules/next/dist/server/base-server.js:912:17)
    at async /Users/galangkeda/Documents/EPadi/esepasi/node_modules/.pnpm/next@16.0.8_@babel+core@7.28.5_react-dom@19.2.1_react@19.2.1__react@19.2.1/node_modules/next/dist/server/dev/next-dev-server.js:382:20
    at async Span.traceAsyncFn (/Users/galangkeda/Documents/EPadi/esepasi/node_modules/.pnpm/next@16.0.8_@babel+core@7.28.5_react-dom@19.2.1_react@19.2.1__react@19.2.1/node_modules/next/dist/trace/trace.js:157:20)
    at async DevServer.handleRequest (/Users/galangkeda/Documents/EPadi/esepasi/node_modules/.pnpm/next@16.0.8_@babel+core@7.28.5_react-dom@19.2.1_react@19.2.1__react@19.2.1/node_modules/next/dist/server/dev/next-dev-server.js:378:24)
    at async invokeRender (/Users/galangkeda/Documents/EPadi/esepasi/node_modules/.pnpm/next@16.0.8_@babel+core@7.28.5_react-dom@19.2.1_react@19.2.1__react@19.2.1/node_modules/next/dist/server/lib/router-server.js:240:21)
    at async handleRequest (/Users/galangkeda/Documents/EPadi/esepasi/node_modules/.pnpm/next@16.0.8_@babel+core@7.28.5_react-dom@19.2.1_react@19.2.1__react@19.2.1/node_modules/next/dist/server/lib/router-server.js:436:24)
    at async requestHandlerImpl (/Users/galangkeda/Documents/EPadi/esepasi/node_modules/.pnpm/next@16.0.8_@babel+core@7.28.5_react-dom@19.2.1_react@19.2.1__react@19.2.1/node_modules/next/dist/server/lib/router-server.js:484:13)
    at async Server.requestListener (/Users/galangkeda/Documents/EPadi/esepasi/node_modules/.pnpm/next@16.0.8_@babel+core@7.28.5_react-dom@19.2.1_react@19.2.1__react@19.2.1/node_modules/next/dist/server/lib/start-server.js:226:13)
[2025-12-13 08:05:13.535] [ERROR] [7a3bf4f7-e287-480d-94d7-2d5acc4ed10f] Error: Email atau password salah
[2025-12-13 08:05:13.535] [ERROR] [7a3bf4f7-e287-480d-94d7-2d5acc4ed10f] UnauthorizedError: Email atau password salah
    at AuthService.login (/Users/galangkeda/Documents/EPadi/esepasi/.next/dev/server/chunks/[root-of-the-server]__11d6d2b1._.js:635:19)
    at async /Users/galangkeda/Documents/EPadi/esepasi/.next/dev/server/chunks/[root-of-the-server]__11d6d2b1._.js:709:20
    at async /Users/galangkeda/Documents/EPadi/esepasi/.next/dev/server/chunks/[root-of-the-server]__a21b4811._.js:245:13
    at async apiResolver (/Users/galangkeda/Documents/EPadi/esepasi/node_modules/.pnpm/next@16.0.8_@babel+core@7.28.5_react-dom@19.2.1_react@19.2.1__react@19.2.1/node_modules/next/dist/compiled/next-server/pages-api-turbo.runtime.dev.js:2:4425)
    at async PagesAPIRouteModule.render (/Users/galangkeda/Documents/EPadi/esepasi/node_modules/.pnpm/next@16.0.8_@babel+core@7.28.5_react-dom@19.2.1_react@19.2.1__react@19.2.1/node_modules/next/dist/compiled/next-server/pages-api-turbo.runtime.dev.js:2:5955)
    at async Module.handler (/Users/galangkeda/Documents/EPadi/esepasi/.next/dev/server/chunks/718e3_next_dist_4d75f5da._.js:2935:13)
    at async DevServer.runApi (/Users/galangkeda/Documents/EPadi/esepasi/node_modules/.pnpm/next@16.0.8_@babel+core@7.28.5_react-dom@19.2.1_react@19.2.1__react@19.2.1/node_modules/next/dist/server/next-server.js:750:9)
    at async NextNodeServer.handleCatchallRenderRequest (/Users/galangkeda/Documents/EPadi/esepasi/node_modules/.pnpm/next@16.0.8_@babel+core@7.28.5_react-dom@19.2.1_react@19.2.1__react@19.2.1/node_modules/next/dist/server/next-server.js:391:37)
    at async DevServer.handleRequestImpl (/Users/galangkeda/Documents/EPadi/esepasi/node_modules/.pnpm/next@16.0.8_@babel+core@7.28.5_react-dom@19.2.1_react@19.2.1__react@19.2.1/node_modules/next/dist/server/base-server.js:912:17)
    at async /Users/galangkeda/Documents/EPadi/esepasi/node_modules/.pnpm/next@16.0.8_@babel+core@7.28.5_react-dom@19.2.1_react@19.2.1__react@19.2.1/node_modules/next/dist/server/dev/next-dev-server.js:382:20
    at async Span.traceAsyncFn (/Users/galangkeda/Documents/EPadi/esepasi/node_modules/.pnpm/next@16.0.8_@babel+core@7.28.5_react-dom@19.2.1_react@19.2.1__react@19.2.1/node_modules/next/dist/trace/trace.js:157:20)
    at async DevServer.handleRequest (/Users/galangkeda/Documents/EPadi/esepasi/node_modules/.pnpm/next@16.0.8_@babel+core@7.28.5_react-dom@19.2.1_react@19.2.1__react@19.2.1/node_modules/next/dist/server/dev/next-dev-server.js:378:24)
    at async invokeRender (/Users/galangkeda/Documents/EPadi/esepasi/node_modules/.pnpm/next@16.0.8_@babel+core@7.28.5_react-dom@19.2.1_react@19.2.1__react@19.2.1/node_modules/next/dist/server/lib/router-server.js:240:21)
    at async handleRequest (/Users/galangkeda/Documents/EPadi/esepasi/node_modules/.pnpm/next@16.0.8_@babel+core@7.28.5_react-dom@19.2.1_react@19.2.1__react@19.2.1/node_modules/next/dist/server/lib/router-server.js:436:24)
    at async requestHandlerImpl (/Users/galangkeda/Documents/EPadi/esepasi/node_modules/.pnpm/next@16.0.8_@babel+core@7.28.5_react-dom@19.2.1_react@19.2.1__react@19.2.1/node_modules/next/dist/server/lib/router-server.js:484:13)
    at async Server.requestListener (/Users/galangkeda/Documents/EPadi/esepasi/node_modules/.pnpm/next@16.0.8_@babel+core@7.28.5_react-dom@19.2.1_react@19.2.1__react@19.2.1/node_modules/next/dist/server/lib/start-server.js:226:13)
[2025-12-13 08:11:15.405] [ERROR] [6be93aef-0946-4aa3-b5a8-1f0436821596] Error: Akun tidak aktif. Silakan hubungi administrator.
[2025-12-13 08:11:15.405] [ERROR] [6be93aef-0946-4aa3-b5a8-1f0436821596] UnauthorizedError: Akun tidak aktif. Silakan hubungi administrator.
    at AuthService.login (/Users/galangkeda/Documents/EPadi/esepasi/.next/dev/server/chunks/[root-of-the-server]__11d6d2b1._.js:631:19)
    at process.processTicksAndRejections (node:internal/process/task_queues:105:5)
    at async /Users/galangkeda/Documents/EPadi/esepasi/.next/dev/server/chunks/[root-of-the-server]__11d6d2b1._.js:709:20
    at async /Users/galangkeda/Documents/EPadi/esepasi/.next/dev/server/chunks/[root-of-the-server]__a21b4811._.js:245:13
    at async apiResolver (/Users/galangkeda/Documents/EPadi/esepasi/node_modules/.pnpm/next@16.0.8_@babel+core@7.28.5_react-dom@19.2.1_react@19.2.1__react@19.2.1/node_modules/next/dist/compiled/next-server/pages-api-turbo.runtime.dev.js:2:4425)
    at async PagesAPIRouteModule.render (/Users/galangkeda/Documents/EPadi/esepasi/node_modules/.pnpm/next@16.0.8_@babel+core@7.28.5_react-dom@19.2.1_react@19.2.1__react@19.2.1/node_modules/next/dist/compiled/next-server/pages-api-turbo.runtime.dev.js:2:5955)
    at async Module.handler (/Users/galangkeda/Documents/EPadi/esepasi/.next/dev/server/chunks/718e3_next_dist_4d75f5da._.js:2935:13)
    at async DevServer.runApi (/Users/galangkeda/Documents/EPadi/esepasi/node_modules/.pnpm/next@16.0.8_@babel+core@7.28.5_react-dom@19.2.1_react@19.2.1__react@19.2.1/node_modules/next/dist/server/next-server.js:750:9)
    at async NextNodeServer.handleCatchallRenderRequest (/Users/galangkeda/Documents/EPadi/esepasi/node_modules/.pnpm/next@16.0.8_@babel+core@7.28.5_react-dom@19.2.1_react@19.2.1__react@19.2.1/node_modules/next/dist/server/next-server.js:391:37)
    at async DevServer.handleRequestImpl (/Users/galangkeda/Documents/EPadi/esepasi/node_modules/.pnpm/next@16.0.8_@babel+core@7.28.5_react-dom@19.2.1_react@19.2.1__react@19.2.1/node_modules/next/dist/server/base-server.js:912:17)
    at async /Users/galangkeda/Documents/EPadi/esepasi/node_modules/.pnpm/next@16.0.8_@babel+core@7.28.5_react-dom@19.2.1_react@19.2.1__react@19.2.1/node_modules/next/dist/server/dev/next-dev-server.js:382:20
    at async Span.traceAsyncFn (/Users/galangkeda/Documents/EPadi/esepasi/node_modules/.pnpm/next@16.0.8_@babel+core@7.28.5_react-dom@19.2.1_react@19.2.1__react@19.2.1/node_modules/next/dist/trace/trace.js:157:20)
    at async DevServer.handleRequest (/Users/galangkeda/Documents/EPadi/esepasi/node_modules/.pnpm/next@16.0.8_@babel+core@7.28.5_react-dom@19.2.1_react@19.2.1__react@19.2.1/node_modules/next/dist/server/dev/next-dev-server.js:378:24)
    at async invokeRender (/Users/galangkeda/Documents/EPadi/esepasi/node_modules/.pnpm/next@16.0.8_@babel+core@7.28.5_react-dom@19.2.1_react@19.2.1__react@19.2.1/node_modules/next/dist/server/lib/router-server.js:240:21)
    at async handleRequest (/Users/galangkeda/Documents/EPadi/esepasi/node_modules/.pnpm/next@16.0.8_@babel+core@7.28.5_react-dom@19.2.1_react@19.2.1__react@19.2.1/node_modules/next/dist/server/lib/router-server.js:436:24)
    at async requestHandlerImpl (/Users/galangkeda/Documents/EPadi/esepasi/node_modules/.pnpm/next@16.0.8_@babel+core@7.28.5_react-dom@19.2.1_react@19.2.1__react@19.2.1/node_modules/next/dist/server/lib/router-server.js:484:13)
    at async Server.requestListener (/Users/galangkeda/Documents/EPadi/esepasi/node_modules/.pnpm/next@16.0.8_@babel+core@7.28.5_react-dom@19.2.1_react@19.2.1__react@19.2.1/node_modules/next/dist/server/lib/start-server.js:226:13)
[2025-12-13 08:11:57.938] [ERROR] [ac0c363b-31af-4832-924e-ca7c1477b1c4] Error: Email sudah terdaftar
[2025-12-13 08:11:57.938] [ERROR] [ac0c363b-31af-4832-924e-ca7c1477b1c4] ConflictError: Email sudah terdaftar
    at UserService.createUser (/Users/galangkeda/Documents/EPadi/esepasi/.next/dev/server/chunks/[root-of-the-server]__9c4cfcce._.js:460:19)
    at process.processTicksAndRejections (node:internal/process/task_queues:105:5)
    at async /Users/galangkeda/Documents/EPadi/esepasi/.next/dev/server/chunks/[root-of-the-server]__9c4cfcce._.js:584:9
    at async /Users/galangkeda/Documents/EPadi/esepasi/.next/dev/server/chunks/[root-of-the-server]__9c4cfcce._.js:245:13
    at async apiResolver (/Users/galangkeda/Documents/EPadi/esepasi/node_modules/.pnpm/next@16.0.8_@babel+core@7.28.5_react-dom@19.2.1_react@19.2.1__react@19.2.1/node_modules/next/dist/compiled/next-server/pages-api-turbo.runtime.dev.js:2:4425)
    at async PagesAPIRouteModule.render (/Users/galangkeda/Documents/EPadi/esepasi/node_modules/.pnpm/next@16.0.8_@babel+core@7.28.5_react-dom@19.2.1_react@19.2.1__react@19.2.1/node_modules/next/dist/compiled/next-server/pages-api-turbo.runtime.dev.js:2:5955)
    at async Module.handler (/Users/galangkeda/Documents/EPadi/esepasi/.next/dev/server/chunks/718e3_next_dist_dead01aa._.js:2935:13)
    at async DevServer.runApi (/Users/galangkeda/Documents/EPadi/esepasi/node_modules/.pnpm/next@16.0.8_@babel+core@7.28.5_react-dom@19.2.1_react@19.2.1__react@19.2.1/node_modules/next/dist/server/next-server.js:750:9)
    at async NextNodeServer.handleCatchallRenderRequest (/Users/galangkeda/Documents/EPadi/esepasi/node_modules/.pnpm/next@16.0.8_@babel+core@7.28.5_react-dom@19.2.1_react@19.2.1__react@19.2.1/node_modules/next/dist/server/next-server.js:391:37)
    at async DevServer.handleRequestImpl (/Users/galangkeda/Documents/EPadi/esepasi/node_modules/.pnpm/next@16.0.8_@babel+core@7.28.5_react-dom@19.2.1_react@19.2.1__react@19.2.1/node_modules/next/dist/server/base-server.js:912:17)
    at async /Users/galangkeda/Documents/EPadi/esepasi/node_modules/.pnpm/next@16.0.8_@babel+core@7.28.5_react-dom@19.2.1_react@19.2.1__react@19.2.1/node_modules/next/dist/server/dev/next-dev-server.js:382:20
    at async Span.traceAsyncFn (/Users/galangkeda/Documents/EPadi/esepasi/node_modules/.pnpm/next@16.0.8_@babel+core@7.28.5_react-dom@19.2.1_react@19.2.1__react@19.2.1/node_modules/next/dist/trace/trace.js:157:20)
    at async DevServer.handleRequest (/Users/galangkeda/Documents/EPadi/esepasi/node_modules/.pnpm/next@16.0.8_@babel+core@7.28.5_react-dom@19.2.1_react@19.2.1__react@19.2.1/node_modules/next/dist/server/dev/next-dev-server.js:378:24)
    at async invokeRender (/Users/galangkeda/Documents/EPadi/esepasi/node_modules/.pnpm/next@16.0.8_@babel+core@7.28.5_react-dom@19.2.1_react@19.2.1__react@19.2.1/node_modules/next/dist/server/lib/router-server.js:240:21)
    at async handleRequest (/Users/galangkeda/Documents/EPadi/esepasi/node_modules/.pnpm/next@16.0.8_@babel+core@7.28.5_react-dom@19.2.1_react@19.2.1__react@19.2.1/node_modules/next/dist/server/lib/router-server.js:436:24)
    at async requestHandlerImpl (/Users/galangkeda/Documents/EPadi/esepasi/node_modules/.pnpm/next@16.0.8_@babel+core@7.28.5_react-dom@19.2.1_react@19.2.1__react@19.2.1/node_modules/next/dist/server/lib/router-server.js:484:13)
    at async Server.requestListener (/Users/galangkeda/Documents/EPadi/esepasi/node_modules/.pnpm/next@16.0.8_@babel+core@7.28.5_react-dom@19.2.1_react@19.2.1__react@19.2.1/node_modules/next/dist/server/lib/start-server.js:226:13)
[2025-12-13 08:36:37.993] [ERROR] [fa452b5f-8c2f-43fb-9890-0f58db1f7c04] Error: Siswa dengan NIS 1Galang sudah terdaftar
[2025-12-13 08:36:37.994] [ERROR] [fa452b5f-8c2f-43fb-9890-0f58db1f7c04] ConflictError: Siswa dengan NIS 1Galang sudah terdaftar
    at StudentService.createStudent (/Users/galangkeda/Documents/EPadi/esepasi/.next/dev/server/chunks/[root-of-the-server]__b3aa2198._.js:537:19)
    at process.processTicksAndRejections (node:internal/process/task_queues:105:5)
    at async /Users/galangkeda/Documents/EPadi/esepasi/.next/dev/server/chunks/[root-of-the-server]__b3aa2198._.js:725:9
    at async /Users/galangkeda/Documents/EPadi/esepasi/.next/dev/server/chunks/[root-of-the-server]__cf7da6f0._.js:299:13
    at async apiResolver (/Users/galangkeda/Documents/EPadi/esepasi/node_modules/.pnpm/next@16.0.8_@babel+core@7.28.5_react-dom@19.2.1_react@19.2.1__react@19.2.1/node_modules/next/dist/compiled/next-server/pages-api-turbo.runtime.dev.js:2:4425)
    at async PagesAPIRouteModule.render (/Users/galangkeda/Documents/EPadi/esepasi/node_modules/.pnpm/next@16.0.8_@babel+core@7.28.5_react-dom@19.2.1_react@19.2.1__react@19.2.1/node_modules/next/dist/compiled/next-server/pages-api-turbo.runtime.dev.js:2:5955)
    at async Module.handler (/Users/galangkeda/Documents/EPadi/esepasi/.next/dev/server/chunks/718e3_next_dist_445301ab._.js:2935:13)
    at async DevServer.runApi (/Users/galangkeda/Documents/EPadi/esepasi/node_modules/.pnpm/next@16.0.8_@babel+core@7.28.5_react-dom@19.2.1_react@19.2.1__react@19.2.1/node_modules/next/dist/server/next-server.js:750:9)
    at async NextNodeServer.handleCatchallRenderRequest (/Users/galangkeda/Documents/EPadi/esepasi/node_modules/.pnpm/next@16.0.8_@babel+core@7.28.5_react-dom@19.2.1_react@19.2.1__react@19.2.1/node_modules/next/dist/server/next-server.js:391:37)
    at async DevServer.handleRequestImpl (/Users/galangkeda/Documents/EPadi/esepasi/node_modules/.pnpm/next@16.0.8_@babel+core@7.28.5_react-dom@19.2.1_react@19.2.1__react@19.2.1/node_modules/next/dist/server/base-server.js:912:17)
    at async /Users/galangkeda/Documents/EPadi/esepasi/node_modules/.pnpm/next@16.0.8_@babel+core@7.28.5_react-dom@19.2.1_react@19.2.1__react@19.2.1/node_modules/next/dist/server/dev/next-dev-server.js:382:20
    at async Span.traceAsyncFn (/Users/galangkeda/Documents/EPadi/esepasi/node_modules/.pnpm/next@16.0.8_@babel+core@7.28.5_react-dom@19.2.1_react@19.2.1__react@19.2.1/node_modules/next/dist/trace/trace.js:157:20)
    at async DevServer.handleRequest (/Users/galangkeda/Documents/EPadi/esepasi/node_modules/.pnpm/next@16.0.8_@babel+core@7.28.5_react-dom@19.2.1_react@19.2.1__react@19.2.1/node_modules/next/dist/server/dev/next-dev-server.js:378:24)
    at async invokeRender (/Users/galangkeda/Documents/EPadi/esepasi/node_modules/.pnpm/next@16.0.8_@babel+core@7.28.5_react-dom@19.2.1_react@19.2.1__react@19.2.1/node_modules/next/dist/server/lib/router-server.js:240:21)
    at async handleRequest (/Users/galangkeda/Documents/EPadi/esepasi/node_modules/.pnpm/next@16.0.8_@babel+core@7.28.5_react-dom@19.2.1_react@19.2.1__react@19.2.1/node_modules/next/dist/server/lib/router-server.js:436:24)
    at async requestHandlerImpl (/Users/galangkeda/Documents/EPadi/esepasi/node_modules/.pnpm/next@16.0.8_@babel+core@7.28.5_react-dom@19.2.1_react@19.2.1__react@19.2.1/node_modules/next/dist/server/lib/router-server.js:484:13)
    at async Server.requestListener (/Users/galangkeda/Documents/EPadi/esepasi/node_modules/.pnpm/next@16.0.8_@babel+core@7.28.5_react-dom@19.2.1_react@19.2.1__react@19.2.1/node_modules/next/dist/server/lib/start-server.js:226:13)
[2025-12-13 08:36:45.087] [ERROR] [5788729b-9b42-490f-9bc7-86e66b7203d7] Error: Siswa dengan NIS 1Galang sudah terdaftar
[2025-12-13 08:36:45.087] [ERROR] [5788729b-9b42-490f-9bc7-86e66b7203d7] ConflictError: Siswa dengan NIS 1Galang sudah terdaftar
    at StudentService.createStudent (/Users/galangkeda/Documents/EPadi/esepasi/.next/dev/server/chunks/[root-of-the-server]__b3aa2198._.js:537:19)
    at process.processTicksAndRejections (node:internal/process/task_queues:105:5)
    at async /Users/galangkeda/Documents/EPadi/esepasi/.next/dev/server/chunks/[root-of-the-server]__b3aa2198._.js:725:9
    at async /Users/galangkeda/Documents/EPadi/esepasi/.next/dev/server/chunks/[root-of-the-server]__cf7da6f0._.js:299:13
    at async apiResolver (/Users/galangkeda/Documents/EPadi/esepasi/node_modules/.pnpm/next@16.0.8_@babel+core@7.28.5_react-dom@19.2.1_react@19.2.1__react@19.2.1/node_modules/next/dist/compiled/next-server/pages-api-turbo.runtime.dev.js:2:4425)
    at async PagesAPIRouteModule.render (/Users/galangkeda/Documents/EPadi/esepasi/node_modules/.pnpm/next@16.0.8_@babel+core@7.28.5_react-dom@19.2.1_react@19.2.1__react@19.2.1/node_modules/next/dist/compiled/next-server/pages-api-turbo.runtime.dev.js:2:5955)
    at async Module.handler (/Users/galangkeda/Documents/EPadi/esepasi/.next/dev/server/chunks/718e3_next_dist_445301ab._.js:2935:13)
    at async DevServer.runApi (/Users/galangkeda/Documents/EPadi/esepasi/node_modules/.pnpm/next@16.0.8_@babel+core@7.28.5_react-dom@19.2.1_react@19.2.1__react@19.2.1/node_modules/next/dist/server/next-server.js:750:9)
    at async NextNodeServer.handleCatchallRenderRequest (/Users/galangkeda/Documents/EPadi/esepasi/node_modules/.pnpm/next@16.0.8_@babel+core@7.28.5_react-dom@19.2.1_react@19.2.1__react@19.2.1/node_modules/next/dist/server/next-server.js:391:37)
    at async DevServer.handleRequestImpl (/Users/galangkeda/Documents/EPadi/esepasi/node_modules/.pnpm/next@16.0.8_@babel+core@7.28.5_react-dom@19.2.1_react@19.2.1__react@19.2.1/node_modules/next/dist/server/base-server.js:912:17)
    at async /Users/galangkeda/Documents/EPadi/esepasi/node_modules/.pnpm/next@16.0.8_@babel+core@7.28.5_react-dom@19.2.1_react@19.2.1__react@19.2.1/node_modules/next/dist/server/dev/next-dev-server.js:382:20
    at async Span.traceAsyncFn (/Users/galangkeda/Documents/EPadi/esepasi/node_modules/.pnpm/next@16.0.8_@babel+core@7.28.5_react-dom@19.2.1_react@19.2.1__react@19.2.1/node_modules/next/dist/trace/trace.js:157:20)
    at async DevServer.handleRequest (/Users/galangkeda/Documents/EPadi/esepasi/node_modules/.pnpm/next@16.0.8_@babel+core@7.28.5_react-dom@19.2.1_react@19.2.1__react@19.2.1/node_modules/next/dist/server/dev/next-dev-server.js:378:24)
    at async invokeRender (/Users/galangkeda/Documents/EPadi/esepasi/node_modules/.pnpm/next@16.0.8_@babel+core@7.28.5_react-dom@19.2.1_react@19.2.1__react@19.2.1/node_modules/next/dist/server/lib/router-server.js:240:21)
    at async handleRequest (/Users/galangkeda/Documents/EPadi/esepasi/node_modules/.pnpm/next@16.0.8_@babel+core@7.28.5_react-dom@19.2.1_react@19.2.1__react@19.2.1/node_modules/next/dist/server/lib/router-server.js:436:24)
    at async requestHandlerImpl (/Users/galangkeda/Documents/EPadi/esepasi/node_modules/.pnpm/next@16.0.8_@babel+core@7.28.5_react-dom@19.2.1_react@19.2.1__react@19.2.1/node_modules/next/dist/server/lib/router-server.js:484:13)
    at async Server.requestListener (/Users/galangkeda/Documents/EPadi/esepasi/node_modules/.pnpm/next@16.0.8_@babel+core@7.28.5_react-dom@19.2.1_react@19.2.1__react@19.2.1/node_modules/next/dist/server/lib/start-server.js:226:13)
[2025-12-13 08:37:05.596] [ERROR] [c373db73-2d43-4b1a-b182-fc315d4454ae] Error: Siswa dengan NIS 123 sudah terdaftar
[2025-12-13 08:37:05.596] [ERROR] [c373db73-2d43-4b1a-b182-fc315d4454ae] ConflictError: Siswa dengan NIS 123 sudah terdaftar
    at StudentService.createStudent (/Users/galangkeda/Documents/EPadi/esepasi/.next/dev/server/chunks/[root-of-the-server]__b3aa2198._.js:537:19)
    at process.processTicksAndRejections (node:internal/process/task_queues:105:5)
    at async /Users/galangkeda/Documents/EPadi/esepasi/.next/dev/server/chunks/[root-of-the-server]__b3aa2198._.js:725:9
    at async /Users/galangkeda/Documents/EPadi/esepasi/.next/dev/server/chunks/[root-of-the-server]__cf7da6f0._.js:299:13
    at async apiResolver (/Users/galangkeda/Documents/EPadi/esepasi/node_modules/.pnpm/next@16.0.8_@babel+core@7.28.5_react-dom@19.2.1_react@19.2.1__react@19.2.1/node_modules/next/dist/compiled/next-server/pages-api-turbo.runtime.dev.js:2:4425)
    at async PagesAPIRouteModule.render (/Users/galangkeda/Documents/EPadi/esepasi/node_modules/.pnpm/next@16.0.8_@babel+core@7.28.5_react-dom@19.2.1_react@19.2.1__react@19.2.1/node_modules/next/dist/compiled/next-server/pages-api-turbo.runtime.dev.js:2:5955)
    at async Module.handler (/Users/galangkeda/Documents/EPadi/esepasi/.next/dev/server/chunks/718e3_next_dist_445301ab._.js:2935:13)
    at async DevServer.runApi (/Users/galangkeda/Documents/EPadi/esepasi/node_modules/.pnpm/next@16.0.8_@babel+core@7.28.5_react-dom@19.2.1_react@19.2.1__react@19.2.1/node_modules/next/dist/server/next-server.js:750:9)
    at async NextNodeServer.handleCatchallRenderRequest (/Users/galangkeda/Documents/EPadi/esepasi/node_modules/.pnpm/next@16.0.8_@babel+core@7.28.5_react-dom@19.2.1_react@19.2.1__react@19.2.1/node_modules/next/dist/server/next-server.js:391:37)
    at async DevServer.handleRequestImpl (/Users/galangkeda/Documents/EPadi/esepasi/node_modules/.pnpm/next@16.0.8_@babel+core@7.28.5_react-dom@19.2.1_react@19.2.1__react@19.2.1/node_modules/next/dist/server/base-server.js:912:17)
    at async /Users/galangkeda/Documents/EPadi/esepasi/node_modules/.pnpm/next@16.0.8_@babel+core@7.28.5_react-dom@19.2.1_react@19.2.1__react@19.2.1/node_modules/next/dist/server/dev/next-dev-server.js:382:20
    at async Span.traceAsyncFn (/Users/galangkeda/Documents/EPadi/esepasi/node_modules/.pnpm/next@16.0.8_@babel+core@7.28.5_react-dom@19.2.1_react@19.2.1__react@19.2.1/node_modules/next/dist/trace/trace.js:157:20)
    at async DevServer.handleRequest (/Users/galangkeda/Documents/EPadi/esepasi/node_modules/.pnpm/next@16.0.8_@babel+core@7.28.5_react-dom@19.2.1_react@19.2.1__react@19.2.1/node_modules/next/dist/server/dev/next-dev-server.js:378:24)
    at async invokeRender (/Users/galangkeda/Documents/EPadi/esepasi/node_modules/.pnpm/next@16.0.8_@babel+core@7.28.5_react-dom@19.2.1_react@19.2.1__react@19.2.1/node_modules/next/dist/server/lib/router-server.js:240:21)
    at async handleRequest (/Users/galangkeda/Documents/EPadi/esepasi/node_modules/.pnpm/next@16.0.8_@babel+core@7.28.5_react-dom@19.2.1_react@19.2.1__react@19.2.1/node_modules/next/dist/server/lib/router-server.js:436:24)
    at async requestHandlerImpl (/Users/galangkeda/Documents/EPadi/esepasi/node_modules/.pnpm/next@16.0.8_@babel+core@7.28.5_react-dom@19.2.1_react@19.2.1__react@19.2.1/node_modules/next/dist/server/lib/router-server.js:484:13)
    at async Server.requestListener (/Users/galangkeda/Documents/EPadi/esepasi/node_modules/.pnpm/next@16.0.8_@babel+core@7.28.5_react-dom@19.2.1_react@19.2.1__react@19.2.1/node_modules/next/dist/server/lib/start-server.js:226:13)
[2025-12-13 08:37:06.650] [ERROR] [56a3b6c6-4147-4ec3-a65c-378b9547659f] Error: Siswa dengan NIS 123 sudah terdaftar
[2025-12-13 08:37:06.650] [ERROR] [56a3b6c6-4147-4ec3-a65c-378b9547659f] ConflictError: Siswa dengan NIS 123 sudah terdaftar
    at StudentService.createStudent (/Users/galangkeda/Documents/EPadi/esepasi/.next/dev/server/chunks/[root-of-the-server]__b3aa2198._.js:537:19)
    at process.processTicksAndRejections (node:internal/process/task_queues:105:5)
    at async /Users/galangkeda/Documents/EPadi/esepasi/.next/dev/server/chunks/[root-of-the-server]__b3aa2198._.js:725:9
    at async /Users/galangkeda/Documents/EPadi/esepasi/.next/dev/server/chunks/[root-of-the-server]__cf7da6f0._.js:299:13
    at async apiResolver (/Users/galangkeda/Documents/EPadi/esepasi/node_modules/.pnpm/next@16.0.8_@babel+core@7.28.5_react-dom@19.2.1_react@19.2.1__react@19.2.1/node_modules/next/dist/compiled/next-server/pages-api-turbo.runtime.dev.js:2:4425)
    at async PagesAPIRouteModule.render (/Users/galangkeda/Documents/EPadi/esepasi/node_modules/.pnpm/next@16.0.8_@babel+core@7.28.5_react-dom@19.2.1_react@19.2.1__react@19.2.1/node_modules/next/dist/compiled/next-server/pages-api-turbo.runtime.dev.js:2:5955)
    at async Module.handler (/Users/galangkeda/Documents/EPadi/esepasi/.next/dev/server/chunks/718e3_next_dist_445301ab._.js:2935:13)
    at async DevServer.runApi (/Users/galangkeda/Documents/EPadi/esepasi/node_modules/.pnpm/next@16.0.8_@babel+core@7.28.5_react-dom@19.2.1_react@19.2.1__react@19.2.1/node_modules/next/dist/server/next-server.js:750:9)
    at async NextNodeServer.handleCatchallRenderRequest (/Users/galangkeda/Documents/EPadi/esepasi/node_modules/.pnpm/next@16.0.8_@babel+core@7.28.5_react-dom@19.2.1_react@19.2.1__react@19.2.1/node_modules/next/dist/server/next-server.js:391:37)
    at async DevServer.handleRequestImpl (/Users/galangkeda/Documents/EPadi/esepasi/node_modules/.pnpm/next@16.0.8_@babel+core@7.28.5_react-dom@19.2.1_react@19.2.1__react@19.2.1/node_modules/next/dist/server/base-server.js:912:17)
    at async /Users/galangkeda/Documents/EPadi/esepasi/node_modules/.pnpm/next@16.0.8_@babel+core@7.28.5_react-dom@19.2.1_react@19.2.1__react@19.2.1/node_modules/next/dist/server/dev/next-dev-server.js:382:20
    at async Span.traceAsyncFn (/Users/galangkeda/Documents/EPadi/esepasi/node_modules/.pnpm/next@16.0.8_@babel+core@7.28.5_react-dom@19.2.1_react@19.2.1__react@19.2.1/node_modules/next/dist/trace/trace.js:157:20)
    at async DevServer.handleRequest (/Users/galangkeda/Documents/EPadi/esepasi/node_modules/.pnpm/next@16.0.8_@babel+core@7.28.5_react-dom@19.2.1_react@19.2.1__react@19.2.1/node_modules/next/dist/server/dev/next-dev-server.js:378:24)
    at async invokeRender (/Users/galangkeda/Documents/EPadi/esepasi/node_modules/.pnpm/next@16.0.8_@babel+core@7.28.5_react-dom@19.2.1_react@19.2.1__react@19.2.1/node_modules/next/dist/server/lib/router-server.js:240:21)
    at async handleRequest (/Users/galangkeda/Documents/EPadi/esepasi/node_modules/.pnpm/next@16.0.8_@babel+core@7.28.5_react-dom@19.2.1_react@19.2.1__react@19.2.1/node_modules/next/dist/server/lib/router-server.js:436:24)
    at async requestHandlerImpl (/Users/galangkeda/Documents/EPadi/esepasi/node_modules/.pnpm/next@16.0.8_@babel+core@7.28.5_react-dom@19.2.1_react@19.2.1__react@19.2.1/node_modules/next/dist/server/lib/router-server.js:484:13)
    at async Server.requestListener (/Users/galangkeda/Documents/EPadi/esepasi/node_modules/.pnpm/next@16.0.8_@babel+core@7.28.5_react-dom@19.2.1_react@19.2.1__react@19.2.1/node_modules/next/dist/server/lib/start-server.js:226:13)
[2025-12-13 08:51:41.354] [ERROR] [dc406001-6be1-47cc-89ee-8e1b5f69b3cd] Error: finalQuery is not defined
[2025-12-13 08:51:41.354] [ERROR] [dc406001-6be1-47cc-89ee-8e1b5f69b3cd] ReferenceError: finalQuery is not defined
    at StudentService.getStudents (/Users/galangkeda/Documents/EPadi/esepasi/.next/dev/server/chunks/[root-of-the-server]__b3aa2198._.js:453:25)
    at /Users/galangkeda/Documents/EPadi/esepasi/.next/dev/server/chunks/[root-of-the-server]__b3aa2198._.js:618:185
    at /Users/galangkeda/Documents/EPadi/esepasi/.next/dev/server/chunks/[root-of-the-server]__b3aa2198._.js:245:19
    at apiResolver (/Users/galangkeda/Documents/EPadi/esepasi/node_modules/.pnpm/next@16.0.8_@babel+core@7.28.5_react-dom@19.2.1_react@19.2.1__react@19.2.1/node_modules/next/dist/compiled/next-server/pages-api-turbo.runtime.dev.js:2:4431)
    at process.processTicksAndRejections (node:internal/process/task_queues:105:5)
    at async PagesAPIRouteModule.render (/Users/galangkeda/Documents/EPadi/esepasi/node_modules/.pnpm/next@16.0.8_@babel+core@7.28.5_react-dom@19.2.1_react@19.2.1__react@19.2.1/node_modules/next/dist/compiled/next-server/pages-api-turbo.runtime.dev.js:2:5955)
    at async Module.handler (/Users/galangkeda/Documents/EPadi/esepasi/.next/dev/server/chunks/718e3_next_dist_445301ab._.js:2935:13)
    at async DevServer.runApi (/Users/galangkeda/Documents/EPadi/esepasi/node_modules/.pnpm/next@16.0.8_@babel+core@7.28.5_react-dom@19.2.1_react@19.2.1__react@19.2.1/node_modules/next/dist/server/next-server.js:750:9)
    at async NextNodeServer.handleCatchallRenderRequest (/Users/galangkeda/Documents/EPadi/esepasi/node_modules/.pnpm/next@16.0.8_@babel+core@7.28.5_react-dom@19.2.1_react@19.2.1__react@19.2.1/node_modules/next/dist/server/next-server.js:391:37)
    at async DevServer.handleRequestImpl (/Users/galangkeda/Documents/EPadi/esepasi/node_modules/.pnpm/next@16.0.8_@babel+core@7.28.5_react-dom@19.2.1_react@19.2.1__react@19.2.1/node_modules/next/dist/server/base-server.js:912:17)
    at async /Users/galangkeda/Documents/EPadi/esepasi/node_modules/.pnpm/next@16.0.8_@babel+core@7.28.5_react-dom@19.2.1_react@19.2.1__react@19.2.1/node_modules/next/dist/server/dev/next-dev-server.js:382:20
    at async Span.traceAsyncFn (/Users/galangkeda/Documents/EPadi/esepasi/node_modules/.pnpm/next@16.0.8_@babel+core@7.28.5_react-dom@19.2.1_react@19.2.1__react@19.2.1/node_modules/next/dist/trace/trace.js:157:20)
    at async DevServer.handleRequest (/Users/galangkeda/Documents/EPadi/esepasi/node_modules/.pnpm/next@16.0.8_@babel+core@7.28.5_react-dom@19.2.1_react@19.2.1__react@19.2.1/node_modules/next/dist/server/dev/next-dev-server.js:378:24)
    at async invokeRender (/Users/galangkeda/Documents/EPadi/esepasi/node_modules/.pnpm/next@16.0.8_@babel+core@7.28.5_react-dom@19.2.1_react@19.2.1__react@19.2.1/node_modules/next/dist/server/lib/router-server.js:240:21)
    at async handleRequest (/Users/galangkeda/Documents/EPadi/esepasi/node_modules/.pnpm/next@16.0.8_@babel+core@7.28.5_react-dom@19.2.1_react@19.2.1__react@19.2.1/node_modules/next/dist/server/lib/router-server.js:436:24)
    at async requestHandlerImpl (/Users/galangkeda/Documents/EPadi/esepasi/node_modules/.pnpm/next@16.0.8_@babel+core@7.28.5_react-dom@19.2.1_react@19.2.1__react@19.2.1/node_modules/next/dist/server/lib/router-server.js:484:13)
    at async Server.requestListener (/Users/galangkeda/Documents/EPadi/esepasi/node_modules/.pnpm/next@16.0.8_@babel+core@7.28.5_react-dom@19.2.1_react@19.2.1__react@19.2.1/node_modules/next/dist/server/lib/start-server.js:226:13)
[2025-12-13 08:51:42.379] [ERROR] [7c964ada-d2cd-4db2-8e17-3d16fd9b4049] Error: finalQuery is not defined
[2025-12-13 08:51:42.380] [ERROR] [7c964ada-d2cd-4db2-8e17-3d16fd9b4049] ReferenceError: finalQuery is not defined
    at StudentService.getStudents (/Users/galangkeda/Documents/EPadi/esepasi/.next/dev/server/chunks/[root-of-the-server]__b3aa2198._.js:453:25)
    at /Users/galangkeda/Documents/EPadi/esepasi/.next/dev/server/chunks/[root-of-the-server]__b3aa2198._.js:618:185
    at /Users/galangkeda/Documents/EPadi/esepasi/.next/dev/server/chunks/[root-of-the-server]__b3aa2198._.js:245:19
    at apiResolver (/Users/galangkeda/Documents/EPadi/esepasi/node_modules/.pnpm/next@16.0.8_@babel+core@7.28.5_react-dom@19.2.1_react@19.2.1__react@19.2.1/node_modules/next/dist/compiled/next-server/pages-api-turbo.runtime.dev.js:2:4431)
    at process.processTicksAndRejections (node:internal/process/task_queues:105:5)
    at async PagesAPIRouteModule.render (/Users/galangkeda/Documents/EPadi/esepasi/node_modules/.pnpm/next@16.0.8_@babel+core@7.28.5_react-dom@19.2.1_react@19.2.1__react@19.2.1/node_modules/next/dist/compiled/next-server/pages-api-turbo.runtime.dev.js:2:5955)
    at async Module.handler (/Users/galangkeda/Documents/EPadi/esepasi/.next/dev/server/chunks/718e3_next_dist_445301ab._.js:2935:13)
    at async DevServer.runApi (/Users/galangkeda/Documents/EPadi/esepasi/node_modules/.pnpm/next@16.0.8_@babel+core@7.28.5_react-dom@19.2.1_react@19.2.1__react@19.2.1/node_modules/next/dist/server/next-server.js:750:9)
    at async NextNodeServer.handleCatchallRenderRequest (/Users/galangkeda/Documents/EPadi/esepasi/node_modules/.pnpm/next@16.0.8_@babel+core@7.28.5_react-dom@19.2.1_react@19.2.1__react@19.2.1/node_modules/next/dist/server/next-server.js:391:37)
    at async DevServer.handleRequestImpl (/Users/galangkeda/Documents/EPadi/esepasi/node_modules/.pnpm/next@16.0.8_@babel+core@7.28.5_react-dom@19.2.1_react@19.2.1__react@19.2.1/node_modules/next/dist/server/base-server.js:912:17)
    at async /Users/galangkeda/Documents/EPadi/esepasi/node_modules/.pnpm/next@16.0.8_@babel+core@7.28.5_react-dom@19.2.1_react@19.2.1__react@19.2.1/node_modules/next/dist/server/dev/next-dev-server.js:382:20
    at async Span.traceAsyncFn (/Users/galangkeda/Documents/EPadi/esepasi/node_modules/.pnpm/next@16.0.8_@babel+core@7.28.5_react-dom@19.2.1_react@19.2.1__react@19.2.1/node_modules/next/dist/trace/trace.js:157:20)
    at async DevServer.handleRequest (/Users/galangkeda/Documents/EPadi/esepasi/node_modules/.pnpm/next@16.0.8_@babel+core@7.28.5_react-dom@19.2.1_react@19.2.1__react@19.2.1/node_modules/next/dist/server/dev/next-dev-server.js:378:24)
    at async invokeRender (/Users/galangkeda/Documents/EPadi/esepasi/node_modules/.pnpm/next@16.0.8_@babel+core@7.28.5_react-dom@19.2.1_react@19.2.1__react@19.2.1/node_modules/next/dist/server/lib/router-server.js:240:21)
    at async handleRequest (/Users/galangkeda/Documents/EPadi/esepasi/node_modules/.pnpm/next@16.0.8_@babel+core@7.28.5_react-dom@19.2.1_react@19.2.1__react@19.2.1/node_modules/next/dist/server/lib/router-server.js:436:24)
    at async requestHandlerImpl (/Users/galangkeda/Documents/EPadi/esepasi/node_modules/.pnpm/next@16.0.8_@babel+core@7.28.5_react-dom@19.2.1_react@19.2.1__react@19.2.1/node_modules/next/dist/server/lib/router-server.js:484:13)
    at async Server.requestListener (/Users/galangkeda/Documents/EPadi/esepasi/node_modules/.pnpm/next@16.0.8_@babel+core@7.28.5_react-dom@19.2.1_react@19.2.1__react@19.2.1/node_modules/next/dist/server/lib/start-server.js:226:13)
[2025-12-13 08:53:45.145] [ERROR] [000693d6-f168-44d3-96c5-3a7f31aa7339] Error: column students.nam does not exist
[2025-12-13 08:53:45.146] [ERROR] [000693d6-f168-44d3-96c5-3a7f31aa7339] error: column students.nam does not exist
    at /Users/galangkeda/Documents/EPadi/esepasi/node_modules/.pnpm/pg@8.16.3/node_modules/pg/lib/client.js:545:17
    at process.processTicksAndRejections (node:internal/process/task_queues:105:5)
    at async PostgresConnection.executeQuery (file:///Users/galangkeda/Documents/EPadi/esepasi/node_modules/.pnpm/kysely@0.28.8/node_modules/kysely/dist/esm/dialect/postgres/postgres-driver.js:90:49)
    at async file:///Users/galangkeda/Documents/EPadi/esepasi/node_modules/.pnpm/kysely@0.28.8/node_modules/kysely/dist/esm/query-executor/query-executor-base.js:35:28
    at async DefaultConnectionProvider.provideConnection (file:///Users/galangkeda/Documents/EPadi/esepasi/node_modules/.pnpm/kysely@0.28.8/node_modules/kysely/dist/esm/driver/default-connection-provider.js:10:20)
    at async DefaultQueryExecutor.executeQuery (file:///Users/galangkeda/Documents/EPadi/esepasi/node_modules/.pnpm/kysely@0.28.8/node_modules/kysely/dist/esm/query-executor/query-executor-base.js:34:16)
    at async SelectQueryBuilderImpl.execute (file:///Users/galangkeda/Documents/EPadi/esepasi/node_modules/.pnpm/kysely@0.28.8/node_modules/kysely/dist/esm/query-builder/select-query-builder.js:317:24)
    at async StudentService.getStudents (/Users/galangkeda/Documents/EPadi/esepasi/.next/dev/server/chunks/[root-of-the-server]__b3aa2198._.js:484:25)
    at async /Users/galangkeda/Documents/EPadi/esepasi/.next/dev/server/chunks/[root-of-the-server]__b3aa2198._.js:649:24
    at async /Users/galangkeda/Documents/EPadi/esepasi/.next/dev/server/chunks/[root-of-the-server]__b3aa2198._.js:245:13
    at async apiResolver (/Users/galangkeda/Documents/EPadi/esepasi/node_modules/.pnpm/next@16.0.8_@babel+core@7.28.5_react-dom@19.2.1_react@19.2.1__react@19.2.1/node_modules/next/dist/compiled/next-server/pages-api-turbo.runtime.dev.js:2:4425)
    at async PagesAPIRouteModule.render (/Users/galangkeda/Documents/EPadi/esepasi/node_modules/.pnpm/next@16.0.8_@babel+core@7.28.5_react-dom@19.2.1_react@19.2.1__react@19.2.1/node_modules/next/dist/compiled/next-server/pages-api-turbo.runtime.dev.js:2:5955)
    at async Module.handler (/Users/galangkeda/Documents/EPadi/esepasi/.next/dev/server/chunks/718e3_next_dist_445301ab._.js:2935:13)
    at async DevServer.runApi (/Users/galangkeda/Documents/EPadi/esepasi/node_modules/.pnpm/next@16.0.8_@babel+core@7.28.5_react-dom@19.2.1_react@19.2.1__react@19.2.1/node_modules/next/dist/server/next-server.js:750:9)
    at async NextNodeServer.handleCatchallRenderRequest (/Users/galangkeda/Documents/EPadi/esepasi/node_modules/.pnpm/next@16.0.8_@babel+core@7.28.5_react-dom@19.2.1_react@19.2.1__react@19.2.1/node_modules/next/dist/server/next-server.js:391:37)
    at async DevServer.handleRequestImpl (/Users/galangkeda/Documents/EPadi/esepasi/node_modules/.pnpm/next@16.0.8_@babel+core@7.28.5_react-dom@19.2.1_react@19.2.1__react@19.2.1/node_modules/next/dist/server/base-server.js:912:17)
    at async /Users/galangkeda/Documents/EPadi/esepasi/node_modules/.pnpm/next@16.0.8_@babel+core@7.28.5_react-dom@19.2.1_react@19.2.1__react@19.2.1/node_modules/next/dist/server/dev/next-dev-server.js:382:20
    at async Span.traceAsyncFn (/Users/galangkeda/Documents/EPadi/esepasi/node_modules/.pnpm/next@16.0.8_@babel+core@7.28.5_react-dom@19.2.1_react@19.2.1__react@19.2.1/node_modules/next/dist/trace/trace.js:157:20)
    at async DevServer.handleRequest (/Users/galangkeda/Documents/EPadi/esepasi/node_modules/.pnpm/next@16.0.8_@babel+core@7.28.5_react-dom@19.2.1_react@19.2.1__react@19.2.1/node_modules/next/dist/server/dev/next-dev-server.js:378:24)
    at async invokeRender (/Users/galangkeda/Documents/EPadi/esepasi/node_modules/.pnpm/next@16.0.8_@babel+core@7.28.5_react-dom@19.2.1_react@19.2.1__react@19.2.1/node_modules/next/dist/server/lib/router-server.js:240:21)
    at async handleRequest (/Users/galangkeda/Documents/EPadi/esepasi/node_modules/.pnpm/next@16.0.8_@babel+core@7.28.5_react-dom@19.2.1_react@19.2.1__react@19.2.1/node_modules/next/dist/server/lib/router-server.js:436:24)
    at async requestHandlerImpl (/Users/galangkeda/Documents/EPadi/esepasi/node_modules/.pnpm/next@16.0.8_@babel+core@7.28.5_react-dom@19.2.1_react@19.2.1__react@19.2.1/node_modules/next/dist/server/lib/router-server.js:484:13)
    at async Server.requestListener (/Users/galangkeda/Documents/EPadi/esepasi/node_modules/.pnpm/next@16.0.8_@babel+core@7.28.5_react-dom@19.2.1_react@19.2.1__react@19.2.1/node_modules/next/dist/server/lib/start-server.js:226:13)
    at PostgresConnection.executeQuery (file:///Users/galangkeda/Documents/EPadi/esepasi/node_modules/.pnpm/kysely@0.28.8/node_modules/kysely/dist/esm/dialect/postgres/postgres-driver.js:102:41)
    at process.processTicksAndRejections (node:internal/process/task_queues:105:5)
    at async file:///Users/galangkeda/Documents/EPadi/esepasi/node_modules/.pnpm/kysely@0.28.8/node_modules/kysely/dist/esm/query-executor/query-executor-base.js:35:28
    at async DefaultConnectionProvider.provideConnection (file:///Users/galangkeda/Documents/EPadi/esepasi/node_modules/.pnpm/kysely@0.28.8/node_modules/kysely/dist/esm/driver/default-connection-provider.js:10:20)
    at async DefaultQueryExecutor.executeQuery (file:///Users/galangkeda/Documents/EPadi/esepasi/node_modules/.pnpm/kysely@0.28.8/node_modules/kysely/dist/esm/query-executor/query-executor-base.js:34:16)
    at async SelectQueryBuilderImpl.execute (file:///Users/galangkeda/Documents/EPadi/esepasi/node_modules/.pnpm/kysely@0.28.8/node_modules/kysely/dist/esm/query-builder/select-query-builder.js:317:24)
    at async StudentService.getStudents (/Users/galangkeda/Documents/EPadi/esepasi/.next/dev/server/chunks/[root-of-the-server]__b3aa2198._.js:484:25)
    at async /Users/galangkeda/Documents/EPadi/esepasi/.next/dev/server/chunks/[root-of-the-server]__b3aa2198._.js:649:24
    at async /Users/galangkeda/Documents/EPadi/esepasi/.next/dev/server/chunks/[root-of-the-server]__b3aa2198._.js:245:13
    at async apiResolver (/Users/galangkeda/Documents/EPadi/esepasi/node_modules/.pnpm/next@16.0.8_@babel+core@7.28.5_react-dom@19.2.1_react@19.2.1__react@19.2.1/node_modules/next/dist/compiled/next-server/pages-api-turbo.runtime.dev.js:2:4425)
    at async PagesAPIRouteModule.render (/Users/galangkeda/Documents/EPadi/esepasi/node_modules/.pnpm/next@16.0.8_@babel+core@7.28.5_react-dom@19.2.1_react@19.2.1__react@19.2.1/node_modules/next/dist/compiled/next-server/pages-api-turbo.runtime.dev.js:2:5955)
    at async Module.handler (/Users/galangkeda/Documents/EPadi/esepasi/.next/dev/server/chunks/718e3_next_dist_445301ab._.js:2935:13)
    at async DevServer.runApi (/Users/galangkeda/Documents/EPadi/esepasi/node_modules/.pnpm/next@16.0.8_@babel+core@7.28.5_react-dom@19.2.1_react@19.2.1__react@19.2.1/node_modules/next/dist/server/next-server.js:750:9)
    at async NextNodeServer.handleCatchallRenderRequest (/Users/galangkeda/Documents/EPadi/esepasi/node_modules/.pnpm/next@16.0.8_@babel+core@7.28.5_react-dom@19.2.1_react@19.2.1__react@19.2.1/node_modules/next/dist/server/next-server.js:391:37)
    at async DevServer.handleRequestImpl (/Users/galangkeda/Documents/EPadi/esepasi/node_modules/.pnpm/next@16.0.8_@babel+core@7.28.5_react-dom@19.2.1_react@19.2.1__react@19.2.1/node_modules/next/dist/server/base-server.js:912:17)
    at async /Users/galangkeda/Documents/EPadi/esepasi/node_modules/.pnpm/next@16.0.8_@babel+core@7.28.5_react-dom@19.2.1_react@19.2.1__react@19.2.1/node_modules/next/dist/server/dev/next-dev-server.js:382:20
    at async Span.traceAsyncFn (/Users/galangkeda/Documents/EPadi/esepasi/node_modules/.pnpm/next@16.0.8_@babel+core@7.28.5_react-dom@19.2.1_react@19.2.1__react@19.2.1/node_modules/next/dist/trace/trace.js:157:20)
    at async DevServer.handleRequest (/Users/galangkeda/Documents/EPadi/esepasi/node_modules/.pnpm/next@16.0.8_@babel+core@7.28.5_react-dom@19.2.1_react@19.2.1__react@19.2.1/node_modules/next/dist/server/dev/next-dev-server.js:378:24)
    at async invokeRender (/Users/galangkeda/Documents/EPadi/esepasi/node_modules/.pnpm/next@16.0.8_@babel+core@7.28.5_react-dom@19.2.1_react@19.2.1__react@19.2.1/node_modules/next/dist/server/lib/router-server.js:240:21)
    at async handleRequest (/Users/galangkeda/Documents/EPadi/esepasi/node_modules/.pnpm/next@16.0.8_@babel+core@7.28.5_react-dom@19.2.1_react@19.2.1__react@19.2.1/node_modules/next/dist/server/lib/router-server.js:436:24)
    at async requestHandlerImpl (/Users/galangkeda/Documents/EPadi/esepasi/node_modules/.pnpm/next@16.0.8_@babel+core@7.28.5_react-dom@19.2.1_react@19.2.1__react@19.2.1/node_modules/next/dist/server/lib/router-server.js:484:13)
    at async Server.requestListener (/Users/galangkeda/Documents/EPadi/esepasi/node_modules/.pnpm/next@16.0.8_@babel+core@7.28.5_react-dom@19.2.1_react@19.2.1__react@19.2.1/node_modules/next/dist/server/lib/start-server.js:226:13)
[2025-12-13 08:53:46.297] [ERROR] [499e7d1d-75c0-45b2-931e-622a5868b89a] Error: column students.nam does not exist
[2025-12-13 08:53:46.298] [ERROR] [499e7d1d-75c0-45b2-931e-622a5868b89a] error: column students.nam does not exist
    at /Users/galangkeda/Documents/EPadi/esepasi/node_modules/.pnpm/pg@8.16.3/node_modules/pg/lib/client.js:545:17
    at process.processTicksAndRejections (node:internal/process/task_queues:105:5)
    at async PostgresConnection.executeQuery (file:///Users/galangkeda/Documents/EPadi/esepasi/node_modules/.pnpm/kysely@0.28.8/node_modules/kysely/dist/esm/dialect/postgres/postgres-driver.js:90:49)
    at async file:///Users/galangkeda/Documents/EPadi/esepasi/node_modules/.pnpm/kysely@0.28.8/node_modules/kysely/dist/esm/query-executor/query-executor-base.js:35:28
    at async DefaultConnectionProvider.provideConnection (file:///Users/galangkeda/Documents/EPadi/esepasi/node_modules/.pnpm/kysely@0.28.8/node_modules/kysely/dist/esm/driver/default-connection-provider.js:10:20)
    at async DefaultQueryExecutor.executeQuery (file:///Users/galangkeda/Documents/EPadi/esepasi/node_modules/.pnpm/kysely@0.28.8/node_modules/kysely/dist/esm/query-executor/query-executor-base.js:34:16)
    at async SelectQueryBuilderImpl.execute (file:///Users/galangkeda/Documents/EPadi/esepasi/node_modules/.pnpm/kysely@0.28.8/node_modules/kysely/dist/esm/query-builder/select-query-builder.js:317:24)
    at async StudentService.getStudents (/Users/galangkeda/Documents/EPadi/esepasi/.next/dev/server/chunks/[root-of-the-server]__b3aa2198._.js:484:25)
    at async /Users/galangkeda/Documents/EPadi/esepasi/.next/dev/server/chunks/[root-of-the-server]__b3aa2198._.js:649:24
    at async /Users/galangkeda/Documents/EPadi/esepasi/.next/dev/server/chunks/[root-of-the-server]__b3aa2198._.js:245:13
    at async apiResolver (/Users/galangkeda/Documents/EPadi/esepasi/node_modules/.pnpm/next@16.0.8_@babel+core@7.28.5_react-dom@19.2.1_react@19.2.1__react@19.2.1/node_modules/next/dist/compiled/next-server/pages-api-turbo.runtime.dev.js:2:4425)
    at async PagesAPIRouteModule.render (/Users/galangkeda/Documents/EPadi/esepasi/node_modules/.pnpm/next@16.0.8_@babel+core@7.28.5_react-dom@19.2.1_react@19.2.1__react@19.2.1/node_modules/next/dist/compiled/next-server/pages-api-turbo.runtime.dev.js:2:5955)
    at async Module.handler (/Users/galangkeda/Documents/EPadi/esepasi/.next/dev/server/chunks/718e3_next_dist_445301ab._.js:2935:13)
    at async DevServer.runApi (/Users/galangkeda/Documents/EPadi/esepasi/node_modules/.pnpm/next@16.0.8_@babel+core@7.28.5_react-dom@19.2.1_react@19.2.1__react@19.2.1/node_modules/next/dist/server/next-server.js:750:9)
    at async NextNodeServer.handleCatchallRenderRequest (/Users/galangkeda/Documents/EPadi/esepasi/node_modules/.pnpm/next@16.0.8_@babel+core@7.28.5_react-dom@19.2.1_react@19.2.1__react@19.2.1/node_modules/next/dist/server/next-server.js:391:37)
    at async DevServer.handleRequestImpl (/Users/galangkeda/Documents/EPadi/esepasi/node_modules/.pnpm/next@16.0.8_@babel+core@7.28.5_react-dom@19.2.1_react@19.2.1__react@19.2.1/node_modules/next/dist/server/base-server.js:912:17)
    at async /Users/galangkeda/Documents/EPadi/esepasi/node_modules/.pnpm/next@16.0.8_@babel+core@7.28.5_react-dom@19.2.1_react@19.2.1__react@19.2.1/node_modules/next/dist/server/dev/next-dev-server.js:382:20
    at async Span.traceAsyncFn (/Users/galangkeda/Documents/EPadi/esepasi/node_modules/.pnpm/next@16.0.8_@babel+core@7.28.5_react-dom@19.2.1_react@19.2.1__react@19.2.1/node_modules/next/dist/trace/trace.js:157:20)
    at async DevServer.handleRequest (/Users/galangkeda/Documents/EPadi/esepasi/node_modules/.pnpm/next@16.0.8_@babel+core@7.28.5_react-dom@19.2.1_react@19.2.1__react@19.2.1/node_modules/next/dist/server/dev/next-dev-server.js:378:24)
    at async invokeRender (/Users/galangkeda/Documents/EPadi/esepasi/node_modules/.pnpm/next@16.0.8_@babel+core@7.28.5_react-dom@19.2.1_react@19.2.1__react@19.2.1/node_modules/next/dist/server/lib/router-server.js:240:21)
    at async handleRequest (/Users/galangkeda/Documents/EPadi/esepasi/node_modules/.pnpm/next@16.0.8_@babel+core@7.28.5_react-dom@19.2.1_react@19.2.1__react@19.2.1/node_modules/next/dist/server/lib/router-server.js:436:24)
    at async requestHandlerImpl (/Users/galangkeda/Documents/EPadi/esepasi/node_modules/.pnpm/next@16.0.8_@babel+core@7.28.5_react-dom@19.2.1_react@19.2.1__react@19.2.1/node_modules/next/dist/server/lib/router-server.js:484:13)
    at async Server.requestListener (/Users/galangkeda/Documents/EPadi/esepasi/node_modules/.pnpm/next@16.0.8_@babel+core@7.28.5_react-dom@19.2.1_react@19.2.1__react@19.2.1/node_modules/next/dist/server/lib/start-server.js:226:13)
    at PostgresConnection.executeQuery (file:///Users/galangkeda/Documents/EPadi/esepasi/node_modules/.pnpm/kysely@0.28.8/node_modules/kysely/dist/esm/dialect/postgres/postgres-driver.js:102:41)
    at process.processTicksAndRejections (node:internal/process/task_queues:105:5)
    at async file:///Users/galangkeda/Documents/EPadi/esepasi/node_modules/.pnpm/kysely@0.28.8/node_modules/kysely/dist/esm/query-executor/query-executor-base.js:35:28
    at async DefaultConnectionProvider.provideConnection (file:///Users/galangkeda/Documents/EPadi/esepasi/node_modules/.pnpm/kysely@0.28.8/node_modules/kysely/dist/esm/driver/default-connection-provider.js:10:20)
    at async DefaultQueryExecutor.executeQuery (file:///Users/galangkeda/Documents/EPadi/esepasi/node_modules/.pnpm/kysely@0.28.8/node_modules/kysely/dist/esm/query-executor/query-executor-base.js:34:16)
    at async SelectQueryBuilderImpl.execute (file:///Users/galangkeda/Documents/EPadi/esepasi/node_modules/.pnpm/kysely@0.28.8/node_modules/kysely/dist/esm/query-builder/select-query-builder.js:317:24)
    at async StudentService.getStudents (/Users/galangkeda/Documents/EPadi/esepasi/.next/dev/server/chunks/[root-of-the-server]__b3aa2198._.js:484:25)
    at async /Users/galangkeda/Documents/EPadi/esepasi/.next/dev/server/chunks/[root-of-the-server]__b3aa2198._.js:649:24
    at async /Users/galangkeda/Documents/EPadi/esepasi/.next/dev/server/chunks/[root-of-the-server]__b3aa2198._.js:245:13
    at async apiResolver (/Users/galangkeda/Documents/EPadi/esepasi/node_modules/.pnpm/next@16.0.8_@babel+core@7.28.5_react-dom@19.2.1_react@19.2.1__react@19.2.1/node_modules/next/dist/compiled/next-server/pages-api-turbo.runtime.dev.js:2:4425)
    at async PagesAPIRouteModule.render (/Users/galangkeda/Documents/EPadi/esepasi/node_modules/.pnpm/next@16.0.8_@babel+core@7.28.5_react-dom@19.2.1_react@19.2.1__react@19.2.1/node_modules/next/dist/compiled/next-server/pages-api-turbo.runtime.dev.js:2:5955)
    at async Module.handler (/Users/galangkeda/Documents/EPadi/esepasi/.next/dev/server/chunks/718e3_next_dist_445301ab._.js:2935:13)
    at async DevServer.runApi (/Users/galangkeda/Documents/EPadi/esepasi/node_modules/.pnpm/next@16.0.8_@babel+core@7.28.5_react-dom@19.2.1_react@19.2.1__react@19.2.1/node_modules/next/dist/server/next-server.js:750:9)
    at async NextNodeServer.handleCatchallRenderRequest (/Users/galangkeda/Documents/EPadi/esepasi/node_modules/.pnpm/next@16.0.8_@babel+core@7.28.5_react-dom@19.2.1_react@19.2.1__react@19.2.1/node_modules/next/dist/server/next-server.js:391:37)
    at async DevServer.handleRequestImpl (/Users/galangkeda/Documents/EPadi/esepasi/node_modules/.pnpm/next@16.0.8_@babel+core@7.28.5_react-dom@19.2.1_react@19.2.1__react@19.2.1/node_modules/next/dist/server/base-server.js:912:17)
    at async /Users/galangkeda/Documents/EPadi/esepasi/node_modules/.pnpm/next@16.0.8_@babel+core@7.28.5_react-dom@19.2.1_react@19.2.1__react@19.2.1/node_modules/next/dist/server/dev/next-dev-server.js:382:20
    at async Span.traceAsyncFn (/Users/galangkeda/Documents/EPadi/esepasi/node_modules/.pnpm/next@16.0.8_@babel+core@7.28.5_react-dom@19.2.1_react@19.2.1__react@19.2.1/node_modules/next/dist/trace/trace.js:157:20)
    at async DevServer.handleRequest (/Users/galangkeda/Documents/EPadi/esepasi/node_modules/.pnpm/next@16.0.8_@babel+core@7.28.5_react-dom@19.2.1_react@19.2.1__react@19.2.1/node_modules/next/dist/server/dev/next-dev-server.js:378:24)
    at async invokeRender (/Users/galangkeda/Documents/EPadi/esepasi/node_modules/.pnpm/next@16.0.8_@babel+core@7.28.5_react-dom@19.2.1_react@19.2.1__react@19.2.1/node_modules/next/dist/server/lib/router-server.js:240:21)
    at async handleRequest (/Users/galangkeda/Documents/EPadi/esepasi/node_modules/.pnpm/next@16.0.8_@babel+core@7.28.5_react-dom@19.2.1_react@19.2.1__react@19.2.1/node_modules/next/dist/server/lib/router-server.js:436:24)
    at async requestHandlerImpl (/Users/galangkeda/Documents/EPadi/esepasi/node_modules/.pnpm/next@16.0.8_@babel+core@7.28.5_react-dom@19.2.1_react@19.2.1__react@19.2.1/node_modules/next/dist/server/lib/router-server.js:484:13)
    at async Server.requestListener (/Users/galangkeda/Documents/EPadi/esepasi/node_modules/.pnpm/next@16.0.8_@babel+core@7.28.5_react-dom@19.2.1_react@19.2.1__react@19.2.1/node_modules/next/dist/server/lib/start-server.js:226:13)
